Name,Link
"BlueYard Capital","https://www.eu-startups.com/investor/blueyard-capital-2/"
"Merantix","https://www.eu-startups.com/investor/merantix/"
"BOOOM","https://www.eu-startups.com/investor/booom/"
"Green European Tech Fund","https://www.eu-startups.com/investor/green-european-tech-fund/"
"Kärcher New Ventures","https://www.eu-startups.com/investor/karcher-new-ventures/"
"Better Ventures","https://www.eu-startups.com/investor/better-ventures/"
"hub:raum","https://www.eu-startups.com/investor/hubraum-2/"
"DB1 Ventures","https://www.eu-startups.com/investor/db1-ventures/"
"Schumpeter VC","https://www.eu-startups.com/investor/schumpeter-vc/"
"blueworld.group","https://www.eu-startups.com/investor/blueworld-group/"
"Masawa","https://www.eu-startups.com/investor/masawa/"
"WestTech Ventures","https://www.eu-startups.com/investor/westtech-ventures/"
"STIHL Ventures","https://www.eu-startups.com/investor/stihl-ventures/"
"āltitude","https://www.eu-startups.com/investor/altitude-2/"
"DTCP","https://www.eu-startups.com/investor/dtcp/"
"G + D Ventures","https://www.eu-startups.com/investor/g-d-ventures/"
"Blockchain Founders Group","https://www.eu-startups.com/investor/blockchain-founders-group/"
"Burda Principal Investments","https://www.eu-startups.com/investor/burda-principal-investments/"
"Creathor Ventures","https://www.eu-startups.com/investor/creathor-ventures/"
"Techvision Fonds","https://www.eu-startups.com/investor/techvision-fonds/"
"Urban Impact","https://www.eu-startups.com/investor/urban-impact/"
"Allianz X","https://www.eu-startups.com/investor/allianz-x/"
"Heartfelt_","https://www.eu-startups.com/investor/heartfelt_/"
"Greenfield","https://www.eu-startups.com/investor/greenfield/"
"Headline","https://www.eu-startups.com/investor/headline/"
"Extantia Capital","https://www.eu-startups.com/investor/extantia-capital/"
"BonVenture","https://www.eu-startups.com/investor/bonventure/"
"Avala Capital","https://www.eu-startups.com/investor/avala-capital/"
"Verdane","https://www.eu-startups.com/investor/verdane/"
"Beurer GmbH","https://www.eu-startups.com/investor/beurer-gmbh/"
"Flossbach von Storch – Innovation Hub","https://www.eu-startups.com/investor/flossbach-von-storch-innovation-hub/"
"Munich Re Ventures","https://www.eu-startups.com/investor/munich-re-ventures/"
"Sixt Ventures","https://www.eu-startups.com/investor/sixt-ventures/"
"OHB Venture Capital","https://www.eu-startups.com/investor/ohb-venture-capital/"
"pd ventures","https://www.eu-startups.com/investor/pd-ventures/"
"Friedrich Boysen","https://www.eu-startups.com/investor/friedrich-boysen/"
"Mücke Roth & Company","https://www.eu-startups.com/investor/mucke-roth-company/"
"co-pace","https://www.eu-startups.com/investor/co-pace/"
"Vogel Ventures","https://www.eu-startups.com/investor/vogel-ventures/"
"ZEISS Ventures","https://www.eu-startups.com/investor/zeiss-ventures/"
"Curious Capital","https://www.eu-startups.com/investor/curious-capital-2/"
"Archimedes New Ventures","https://www.eu-startups.com/investor/archimedes-new-ventures/"
"naturalX Health Ventures","https://www.eu-startups.com/investor/naturalx-health-ventures/"
"DKV Mobility","https://www.eu-startups.com/investor/dkv-mobility/"
"Intermedia Venture","https://www.eu-startups.com/investor/intermedia-venture/"
"DocCheck Guano","https://www.eu-startups.com/investor/doccheck-guano/"
"KUBIKx","https://www.eu-startups.com/investor/kubikx/"
"Resolution Reichert Network Solutions","https://www.eu-startups.com/investor/resolution-reichert-network-solutions/"
"Katjes Greenfood","https://www.eu-startups.com/investor/katjes-greenfood/"
"Evonik Venture Capital","https://www.eu-startups.com/investor/evonik-venture-capital/"
"Henkel Ventures","https://www.eu-startups.com/investor/henkel-ventures/"
"Peppermint Holding","https://www.eu-startups.com/investor/peppermint-holding/"
"Jebsen & Jessen Hamburg Group","https://www.eu-startups.com/investor/jebsen-jessen-hamburg-group/"
"Lufthansa Innovation Hub","https://www.eu-startups.com/investor/lufthansa-innovation-hub/"
"CHECK24 Ventures","https://www.eu-startups.com/investor/check24-ventures/"
"Enercity","https://www.eu-startups.com/investor/enercity/"
"Diehl Ventures","https://www.eu-startups.com/investor/diehl-ventures/"
"Orange Corp","https://www.eu-startups.com/investor/orange-corp-2/"
"Boerse Stuttgart Digital Ventures","https://www.eu-startups.com/investor/boerse-stuttgart-digital-ventures/"
"BayWa r.e. Energy Ventures","https://www.eu-startups.com/investor/baywa-r-e-energy-ventures/"
"Phoenix Contact Innovation Ventures","https://www.eu-startups.com/investor/phoenix-contact-innovation-ventures/"
"Siemens Energy Ventures","https://www.eu-startups.com/investor/siemens-energy-ventures/"
"Munich Re/ERGO Corporate Venture Fund","https://www.eu-startups.com/investor/munich-re-ergo-corporate-venture-fund/"
"W&W brandpool","https://www.eu-startups.com/investor/ww-brandpool/"
"adesso ventures","https://www.eu-startups.com/investor/adesso-ventures/"
"Enpulse","https://www.eu-startups.com/investor/enpulse/"
"Fielmann Ventures","https://www.eu-startups.com/investor/fielmann-ventures/"
"Porsche Automobil Holding","https://www.eu-startups.com/investor/porsche-automobil-holding/"
"Wintershall Dea Technology Ventures GmbH","https://www.eu-startups.com/investor/wintershall-dea-technology-ventures-gmbh/"
"Schauenburg International GmbH","https://www.eu-startups.com/investor/schauenburg-international-gmbh/"
"Segenia Capital","https://www.eu-startups.com/investor/segenia-capital/"
"BayWa Venture","https://www.eu-startups.com/investor/baywa-venture/"
"Deutsche Weiterbildungsgesellschaft","https://www.eu-startups.com/investor/deutsche-weiterbildungsgesellschaft/"
"SHS Ventures","https://www.eu-startups.com/investor/shs-ventures/"
"Brose Ventures","https://www.eu-startups.com/investor/brose-ventures/"
"Berliner Volksbank Ventures","https://www.eu-startups.com/investor/berliner-volksbank-ventures/"
"U VENTURES","https://www.eu-startups.com/investor/u-ventures/"
"RWE Energy Transition Investments","https://www.eu-startups.com/investor/rwe-energy-transition-investments/"
"Twip Impact Ventures","https://www.eu-startups.com/investor/twip-impact-ventures/"
"Aschendorff NEXT","https://www.eu-startups.com/investor/aschendorff-next/"
"Stabilus GmbH","https://www.eu-startups.com/investor/stabilus-gmbh/"
"WEPA Ventures","https://www.eu-startups.com/investor/wepa-ventures/"
"Bertelsmann Investments","https://www.eu-startups.com/investor/bertelsmann-investments/"
"MVP Factory","https://www.eu-startups.com/investor/mvp-factory-2/"
"Hubert Burda Media","https://www.eu-startups.com/investor/hubert-burda-media/"
"Boehringer Ingelheim Venture Fund","https://www.eu-startups.com/investor/boehringer-ingelheim-venture-fund/"
"LBBW VC","https://www.eu-startups.com/investor/lbbw-vc/"
"SevenVentures","https://www.eu-startups.com/investor/sevenventures-2/"
"ElectroFleet Ventures","https://www.eu-startups.com/investor/electrofleet-ventures/"
"Miele Venture","https://www.eu-startups.com/investor/miele-venture/"
"BPW Bergische Achsen","https://www.eu-startups.com/investor/bpw-bergische-achsen/"
"Miele","https://www.eu-startups.com/investor/miele/"
"BITO CAMPUS","https://www.eu-startups.com/investor/bito-campus-2/"
"EnBW New Ventures","https://www.eu-startups.com/investor/enbw-new-ventures-2/"
"Leaps by Bayer","https://www.eu-startups.com/investor/leaps-by-bayer/"
"Mitgo Ventures","https://www.eu-startups.com/investor/mitgo-ventures/"
"Best Nights VC","https://www.eu-startups.com/investor/best-nights-vc/"
"TRUMPF Venture","https://www.eu-startups.com/investor/trumpf-venture/"
"Andreas Schmid Lab","https://www.eu-startups.com/investor/andreas-schmid-lab/"
"Kloeckner Ventures","https://www.eu-startups.com/investor/kloeckner-ventures/"
"Neosfer","https://www.eu-startups.com/investor/neosfer/"
"Hitachi Ventures","https://www.eu-startups.com/investor/hitachi-ventures/"
"Zukunft Ventures","https://www.eu-startups.com/investor/zukunft-ventures/"
"dynamics – powered by MHP","https://www.eu-startups.com/investor/dynamics-powered-by-mhp/"
"Porsche Ventures","https://www.eu-startups.com/investor/porsche-ventures/"
"Bayer Open Innovation","https://www.eu-startups.com/investor/bayer-open-innovation/"
"Bosch Ventures","https://www.eu-startups.com/investor/bosch-ventures/"
"DHP Capital","https://www.eu-startups.com/investor/dhp-capital/"
"Wieland Ventures","https://www.eu-startups.com/investor/wieland-ventures/"
"BASF Venture Capital","https://www.eu-startups.com/investor/basf-venture-capital/"
"Oscar & Paul","https://www.eu-startups.com/investor/oscar-paul-2/"
"REHAU New Ventures","https://www.eu-startups.com/investor/rehau-new-ventures/"
"Prequel Ventures","https://www.eu-startups.com/investor/prequel-ventures/"
"Oracles Investment Group","https://www.eu-startups.com/investor/oracles-investment-group/"
"Pace Ventures Enigma","https://www.eu-startups.com/investor/pace-ventures-enigma/"
"Possible Ventures","https://www.eu-startups.com/investor/possible-ventures/"
"RISE Africa","https://www.eu-startups.com/investor/rise-africa/"
"Reventura","https://www.eu-startups.com/investor/reventura/"
"SMAPE Capital","https://www.eu-startups.com/investor/smape-capital/"
"identity.vc","https://www.eu-startups.com/investor/identity-vc/"
"Invisible Hand Ventures","https://www.eu-startups.com/investor/invisible-hand-ventures/"
"KHAN Technology Transfer Fund","https://www.eu-startups.com/investor/khan-technology-transfer-fund/"
"SevenAccelerator","https://www.eu-startups.com/investor/sevenaccelerator-2/"
"kopa ventures","https://www.eu-startups.com/investor/kopa-ventures/"
"Robin Capital","https://www.eu-startups.com/investor/robin-capital/"
"MOMENI Ventures","https://www.eu-startups.com/investor/momeni-ventures/"
"neoteq ventures","https://www.eu-startups.com/investor/neoteq-ventures/"
"Rethink Ventures","https://www.eu-startups.com/investor/rethink-ventures/"
"Nidobirds Ventures","https://www.eu-startups.com/investor/nidobirds-ventures/"
"Unifier Ventures","https://www.eu-startups.com/investor/unifier-ventures/"
"G-FUND","https://www.eu-startups.com/investor/g-fund/"
"True Growth Capital","https://www.eu-startups.com/investor/true-growth-capital/"
"Tengelmann Ventures","https://www.eu-startups.com/investor/tengelmann-ventures/"
"Spacewalk VC","https://www.eu-startups.com/investor/spacewalk-vc/"
"Soleria Capital","https://www.eu-startups.com/investor/soleria-capital/"
"Smart Infrastructure Ventures","https://www.eu-startups.com/investor/smart-infrastructure-ventures/"
"Golzern Holding GmbH","https://www.eu-startups.com/investor/golzern-holding-gmbh/"
"Aescuvest","https://www.eu-startups.com/investor/aescuvest/"
"Bayern Kapital","https://www.eu-startups.com/investor/bayern-kapital/"
"Playgrnd Ventures","https://www.eu-startups.com/investor/playgrnd-ventures/"
"Mey Capital Matrix","https://www.eu-startups.com/investor/mey-capital-matrix/"
"42CAP","https://www.eu-startups.com/investor/42cap/"
"DeepTech & Climate Fonds","https://www.eu-startups.com/investor/deeptech-climate-fonds/"
"Cusp Capital","https://www.eu-startups.com/investor/cusp-capital/"
"encourageventures","https://www.eu-startups.com/investor/encourageventures/"
"YZR Capital","https://www.eu-startups.com/investor/yzr-capital/"
"Cherry Crypto","https://www.eu-startups.com/investor/cherry-crypto/"
"vent.io","https://www.eu-startups.com/investor/vent-io/"
"20 Scoops","https://www.eu-startups.com/investor/20-scoops/"
"FX Ventures","https://www.eu-startups.com/investor/fx-ventures/"
"Alstin Capital","https://www.eu-startups.com/investor/alstin-capital/"
"ApolloCapital","https://www.eu-startups.com/investor/apollocapital/"
"Vealo Ventures","https://www.eu-startups.com/investor/vealo-ventures/"
"Be8 Ventures","https://www.eu-startups.com/investor/be8-ventures/"
"X2 Equity","https://www.eu-startups.com/investor/x2-equity/"
"22 Capital","https://www.eu-startups.com/investor/22-capital/"
"Atlantis Ventures","https://www.eu-startups.com/investor/atlantis-ventures/"
"Aurum Impact","https://www.eu-startups.com/investor/aurum-impact/"
"Caesar.vc","https://www.eu-startups.com/investor/caesar-vc/"
"Carma Fund","https://www.eu-startups.com/investor/carma-fund/"
"VC Fonds Kreativwirtschaft","https://www.eu-startups.com/investor/vc-fonds-kreativwirtschaft/"
"Combination VC","https://www.eu-startups.com/investor/combination-vc/"
"D11Z.Ventures","https://www.eu-startups.com/investor/d11z-ventures/"
"Vantage Value","https://www.eu-startups.com/investor/vantage-value/"
"Falkensteiner Ventures","https://www.eu-startups.com/investor/falkensteiner-ventures/"
"Utum [x]","https://www.eu-startups.com/investor/utum-x/"
"Feast Ventrues","https://www.eu-startups.com/investor/feast-ventrues/"
"Urania Ventures","https://www.eu-startups.com/investor/urania-ventures/"
"Loric Ventures","https://www.eu-startups.com/investor/loric-ventures/"
"LIOS Ventures","https://www.eu-startups.com/investor/lios-ventures/"
"F-LOG Ventures","https://www.eu-startups.com/investor/f-log-ventures/"
"Fly Ventures","https://www.eu-startups.com/investor/fly-ventures/"
"PEAKZONE","https://www.eu-startups.com/investor/peakzone/"
"Point Nine","https://www.eu-startups.com/investor/point-nine/"
"Arve Capital","https://www.eu-startups.com/investor/arve-capital/"
"Join Capital","https://www.eu-startups.com/investor/join-capital/"
"xdeck","https://www.eu-startups.com/investor/xdeck-2/"
"Moguntia Capital","https://www.eu-startups.com/investor/moguntia-capital/"
"MedTech Entrepreneurs (MTE)","https://www.eu-startups.com/investor/medtech-entrepreneurs-mte/"
"Heartbeat Labs","https://www.eu-startups.com/investor/heartbeat-labs-2/"
"STARTPLATZ","https://www.eu-startups.com/investor/startplatz/"
"PANDO Ventures","https://www.eu-startups.com/investor/pando-ventures/"
"Think.Health","https://www.eu-startups.com/investor/think-health/"
"Ampolon Ventures","https://www.eu-startups.com/investor/ampolon-ventures/"
"Styx Urban Investments","https://www.eu-startups.com/investor/styx-urban-investments/"
"allygatr","https://www.eu-startups.com/investor/allygatr/"
"Walter Ventures","https://www.eu-startups.com/investor/walter-ventures/"
"1750 Ventures","https://www.eu-startups.com/investor/1750-ventures/"
"Amplifier","https://www.eu-startups.com/investor/amplifier/"
"Startup Scaleup","https://www.eu-startups.com/investor/startup-scaleup/"
"Combination Ventures","https://www.eu-startups.com/investor/combination-ventures/"
"CologneInvest","https://www.eu-startups.com/investor/cologneinvest/"
"Catalpa Ventures Family Office","https://www.eu-startups.com/investor/catalpa-ventures-family-office/"
"c23 ventures","https://www.eu-startups.com/investor/c23-ventures/"
"Startup Creasphere","https://www.eu-startups.com/investor/startup-creasphere/"
"Sanner Ventures","https://www.eu-startups.com/investor/sanner-ventures/"
"BITO CAMPUS","https://www.eu-startups.com/investor/bito-campus/"
"AENU","https://www.eu-startups.com/investor/aenu/"
"HTGF | High-Tech Gruenderfonds","https://www.eu-startups.com/investor/htgf-high-tech-gruenderfonds/"
"CRC Ventures","https://www.eu-startups.com/investor/crc-ventures/"
"415 CAPITAL","https://www.eu-startups.com/investor/415-capital/"
"Alpha Future Funds","https://www.eu-startups.com/investor/alpha-future-funds/"
"Zintinus","https://www.eu-startups.com/investor/zintinus/"
"Döhler Ventures","https://www.eu-startups.com/investor/dohler-ventures/"
"BlackMars Capital","https://www.eu-startups.com/investor/blackmars-capital/"
"Ananda Impact Ventures","https://www.eu-startups.com/investor/ananda-impact-ventures/"
"EKK & Co","https://www.eu-startups.com/investor/ekk-co/"
"Startupbootcamp Digital Health Berlin","https://www.eu-startups.com/investor/startupbootcamp-digital-health-berlin/"
"Redstone","https://www.eu-startups.com/investor/redstone-2/"
"Haas New Media","https://www.eu-startups.com/investor/haas-new-media/"
"Atlantic Labs","https://www.eu-startups.com/investor/atlantic-labs/"
"Future Energy Ventures","https://www.eu-startups.com/investor/future-energy-ventures/"
"EnBW New Ventures","https://www.eu-startups.com/investor/enbw-new-ventures/"
"Friedrich & Wagner","https://www.eu-startups.com/investor/friedrich-wagner/"
"Planet A Ventures","https://www.eu-startups.com/investor/planet-a-ventures/"
"FOSTEC Ventures","https://www.eu-startups.com/investor/fostec-ventures/"
"Statkraft Ventures","https://www.eu-startups.com/investor/statkraft-ventures/"
"World Fund","https://www.eu-startups.com/investor/world-fund/"
"FH Ventures","https://www.eu-startups.com/investor/fh-ventures/"
"Leblon Capital","https://www.eu-startups.com/investor/leblon-capital/"
"Heal Capital","https://www.eu-startups.com/investor/heal-capital/"
"GR Capital","https://www.eu-startups.com/investor/gr-capital/"
"Incharge Capital Partners","https://www.eu-startups.com/investor/incharge-capital-partners/"
"Heliad Equity Partners","https://www.eu-startups.com/investor/heliad-equity-partners/"
"Hyperion Invest","https://www.eu-startups.com/investor/hyperion-invest/"
"Hessen Kapital","https://www.eu-startups.com/investor/hessen-kapital/"
"Orange Corp","https://www.eu-startups.com/investor/orange-corp/"
"Barmenia Next Strategies","https://www.eu-startups.com/investor/barmenia-next-strategies/"
"Acton Capital","https://www.eu-startups.com/investor/acton-capital/"
"Moonwalk Ventures","https://www.eu-startups.com/investor/moonwalk-ventures/"
"Yabeo","https://www.eu-startups.com/investor/yabeo/"
"NBank Capital","https://www.eu-startups.com/investor/nbank-capital/"
"TVM Capital Life Science","https://www.eu-startups.com/investor/tvm-capital-life-science/"
"Senovo","https://www.eu-startups.com/investor/senovo/"
"Nenio Ventures","https://www.eu-startups.com/investor/nenio-ventures/"
"Egora Holding","https://www.eu-startups.com/investor/egora-holding/"
"Digital Health Ventures","https://www.eu-startups.com/investor/digital-health-ventures/"
"seed + speed Ventures","https://www.eu-startups.com/investor/seed-speed-ventures/"
"Oscar & Paul","https://www.eu-startups.com/investor/oscar-paul/"
"SpinLab – The HHL Accelerator","https://www.eu-startups.com/investor/spinlab-the-hhl-accelerator/"
"TGFS – Technologiegründerfonds Sachsen","https://www.eu-startups.com/investor/tgfs-technologiegrunderfonds-sachsen/"
"Open Data Incubator for Europe (ODINE)","https://www.eu-startups.com/investor/open-data-incubator-for-europe-odine/"
"Revent","https://www.eu-startups.com/investor/revent/"
"Redstone","https://www.eu-startups.com/investor/redstone/"
"Nixdorf Kapital","https://www.eu-startups.com/investor/nixdorf-kapital/"
"OHA Osnabrück Healthcare Accelerator","https://www.eu-startups.com/investor/oha-osnabruck-healthcare-accelerator/"
"BITKRAFT Esports Ventures","https://www.eu-startups.com/investor/bitkraft-esports-ventures/"
"Deutsche Bahn Digital Ventures","https://www.eu-startups.com/investor/deutsche-bahn-digital-ventures/"
"Realum.Cloud","https://www.eu-startups.com/investor/realum-cloud/"
"DTC Ventures","https://www.eu-startups.com/investor/dtc-ventures/"
"Partners in Clime","https://www.eu-startups.com/investor/partners-in-clime/"
"DvH Ventures","https://www.eu-startups.com/investor/dvh-ventures/"
"XPRESS Ventures","https://www.eu-startups.com/investor/xpress-ventures-2/"
"SpielFabrique","https://www.eu-startups.com/investor/spielfabrique/"
"Yttrium","https://www.eu-startups.com/investor/yttrium/"
"BlueYard Capital","https://www.eu-startups.com/investor/blueyard-capital/"
"Moonrock Capital","https://www.eu-startups.com/investor/moonrock-capital-2/"
"Scytale Ventures","https://www.eu-startups.com/investor/scytale-ventures/"
"Wellington Partners","https://www.eu-startups.com/investor/wellington-partners/"
"Blockchain Founders Capital","https://www.eu-startups.com/investor/blockchain-founders-capital/"
"Innoport","https://www.eu-startups.com/investor/innoport/"
"PT1","https://www.eu-startups.com/investor/pt1/"
"Picus Capital","https://www.eu-startups.com/investor/picus-capital/"
"Realyze Ventures","https://www.eu-startups.com/investor/realyze-ventures/"
"BitStone Capital","https://www.eu-startups.com/investor/bitstone-capital/"
"Vorwerk Ventures","https://www.eu-startups.com/investor/vorwerk-ventures/"
"Holtzbrinck Digital","https://www.eu-startups.com/investor/holtzbrinck-digital/"
"RV Invest","https://www.eu-startups.com/investor/rv-invest/"
"Blockwall","https://www.eu-startups.com/investor/blockwall/"
"Signature Ventures","https://www.eu-startups.com/investor/signature-ventures/"
"Amino Collective","https://www.eu-startups.com/investor/amino-collective/"
"Apollo Health Ventures","https://www.eu-startups.com/investor/apollo-health-ventures-2/"
"Nucleus Capital","https://www.eu-startups.com/investor/nucleus-capital/"
"w3.fund","https://www.eu-startups.com/investor/w3-fund/"
"Blockarm Capital","https://www.eu-startups.com/investor/blockarm-capital/"
"Delivery Hero Ventures","https://www.eu-startups.com/investor/delivery-hero-ventures/"
"SCALEHOUSE Capital","https://www.eu-startups.com/investor/scalehouse-capital/"
"LEA Partners","https://www.eu-startups.com/investor/lea-partners/"
"Astutia Ventures","https://www.eu-startups.com/investor/astutia-ventures/"
"Visionaries Tomorrow","https://www.eu-startups.com/investor/tomorrow-vc/"
"b.value AG","https://www.eu-startups.com/investor/b-value-ag/"
"Peppermint Venture Partners","https://www.eu-startups.com/investor/peppermint-venture-partners/"
"Hauer Ventures","https://www.eu-startups.com/investor/hauer-ventures/"
"āltitude","https://www.eu-startups.com/investor/altitude/"
"SquareOne Venture Capital","https://www.eu-startups.com/investor/squareone-venture-capital/"
"Next Big Thing","https://www.eu-startups.com/investor/next-big-thing/"
"MobilityFund","https://www.eu-startups.com/investor/mobilityfund/"
"Capnamic Ventures","https://www.eu-startups.com/investor/capnamic-ventures/"
"Accelerator Frankfurt","https://www.eu-startups.com/investor/accelerator-frankfurt-2/"
"Earlybird Venture Capital","https://www.eu-startups.com/investor/earlybird-venture-capital/"
"Sharkbite Innovation","https://www.eu-startups.com/investor/sharkbite-innovation/"
"Spotlight! Ventures","https://www.eu-startups.com/investor/spotlight-ventures/"
"Foundamental","https://www.eu-startups.com/investor/foundamental/"
"AI.FUND","https://www.eu-startups.com/investor/ai-fund/"
"Magmatic Ventures","https://www.eu-startups.com/investor/magmatic-ventures/"
"Curious Capital","https://www.eu-startups.com/investor/curious-capital/"
"Lunar Ventures","https://www.eu-startups.com/investor/lunar-ventures/"
"Cherry Ventures","https://www.eu-startups.com/investor/cherry-ventures-2/"
"EWOR","https://www.eu-startups.com/investor/ewor/"
"Amathaon Capital","https://www.eu-startups.com/investor/amathaon-capital/"
"Good Seed Ventures","https://www.eu-startups.com/investor/good-seed-ventures/"
"Green Generation Fund","https://www.eu-startups.com/investor/green-generation-fund/"
"SevenAccelerator","https://www.eu-startups.com/investor/sevenaccelerator/"
"Oyster Bay Venture Capital","https://www.eu-startups.com/investor/oyster-bay-venture-capital/"
"Space Ventures Investors","https://www.eu-startups.com/investor/space-ventures-investors/"
"SHS Capital","https://www.eu-startups.com/investor/shs-capital/"
"La Famiglia","https://www.eu-startups.com/investor/la-famiglia/"
"Vsquared Ventures","https://www.eu-startups.com/investor/vsquared-ventures/"
"10x Founders","https://www.eu-startups.com/investor/10x-founders/"
"APX","https://www.eu-startups.com/investor/apx/"
"Seedhouse","https://www.eu-startups.com/investor/seedhouse/"
"nextMedia.Hamburg","https://www.eu-startups.com/investor/nextmedia-hamburg/"
"Siemens Technology Accelerator","https://www.eu-startups.com/investor/siemens-technology-accelerator/"
"SevenVentures","https://www.eu-startups.com/investor/sevenventures/"
"Langenberg Ventures","https://www.eu-startups.com/investor/langenberg-ventures/"
"seedVC","https://www.eu-startups.com/investor/seedvc/"
"MGO Digital Ventures","https://www.eu-startups.com/investor/mgo-digital-ventures/"
"SCNE","https://www.eu-startups.com/investor/scne/"
"SEED","https://www.eu-startups.com/investor/seed/"
"Next Media Accelerator","https://www.eu-startups.com/investor/next-media-accelerator/"
"SAP.iO Foundry","https://www.eu-startups.com/investor/sap-io-foundry/"
"SAIS","https://www.eu-startups.com/investor/sais/"
"Media Lab Bayern","https://www.eu-startups.com/investor/media-lab-bayern/"
"AM Ventures","https://www.eu-startups.com/investor/am-ventures/"
"d.ventures","https://www.eu-startups.com/investor/d-ventures/"
"Mätch VC","https://www.eu-startups.com/investor/match-vc/"
"Make-IT Accelerator","https://www.eu-startups.com/investor/make-it-accelerator/"
"RootCamp","https://www.eu-startups.com/investor/rootcamp/"
"Media-Saturn SPACELAB Tech Accelerator","https://www.eu-startups.com/investor/media-saturn-spacelab-tech-accelerator/"
"MEnt","https://www.eu-startups.com/investor/ment/"
"Merck Accelerator","https://www.eu-startups.com/investor/merck-accelerator/"
"Saarländische Wagnisfinanzierungsgesellschaft","https://www.eu-startups.com/investor/saarlandische-wagnisfinanzierungsgesellschaft/"
"Salisbury Ventures","https://www.eu-startups.com/investor/salisbury-ventures/"
"seedfeed","https://www.eu-startups.com/investor/seedfeed/"
"STARTHUB VENTURES","https://www.eu-startups.com/investor/starthub-ventures/"
"TruVenturo","https://www.eu-startups.com/investor/truventuro/"
"U-START","https://www.eu-startups.com/investor/u-start/"
"Million Ventures","https://www.eu-startups.com/investor/million-ventures/"
"Mitgo Group","https://www.eu-startups.com/investor/mitgo-group/"
"S-Kap Unternehmensbeteiligungs","https://www.eu-startups.com/investor/s-kap-unternehmensbeteiligungs/"
"Moonrock Capital","https://www.eu-startups.com/investor/moonrock-capital/"
"Red Cedar Venture","https://www.eu-startups.com/investor/red-cedar-venture/"
"The Delta","https://www.eu-startups.com/investor/the-delta-2/"
"TechQuartier","https://www.eu-startups.com/investor/techquartier/"
"Lorey Ventures","https://www.eu-startups.com/investor/lorey-ventures/"
"M4Capital","https://www.eu-startups.com/investor/m4capital/"
"Mosel Ventures","https://www.eu-startups.com/investor/mosel-ventures/"
"MVP Factory","https://www.eu-startups.com/investor/mvp-factory/"
"NowHatch Ventures","https://www.eu-startups.com/investor/nowhatch-ventures/"
"Quidam Holdings","https://www.eu-startups.com/investor/quidam-holdings/"
"TechFounders","https://www.eu-startups.com/investor/techfounders/"
"Futury Capital","https://www.eu-startups.com/investor/futury-capital/"
"GENIUS Venture Capital","https://www.eu-startups.com/investor/genius-venture-capital/"
"German Media Pool","https://www.eu-startups.com/investor/german-media-pool/"
"Global Founders Capital","https://www.eu-startups.com/investor/global-founders-capital/"
"HPI Seed Fund","https://www.eu-startups.com/investor/hpi-seed-fund/"
"NCA","https://www.eu-startups.com/investor/nca/"
"Taipan Investment","https://www.eu-startups.com/investor/taipan-investment/"
"HUBBLR Ventures","https://www.eu-startups.com/investor/hubblr-ventures/"
"HV Capital","https://www.eu-startups.com/investor/hv-capital/"
"HZG Group","https://www.eu-startups.com/investor/hzg-group-2/"
"JETPACK","https://www.eu-startups.com/investor/jetpack/"
"JVH Ventures","https://www.eu-startups.com/investor/jvh-ventures/"
"Leanox Impact Capital","https://www.eu-startups.com/investor/leanox-impact-capital/"
"Magnetic Capital","https://www.eu-startups.com/investor/magnetic-capital/"
"MairDumont Ventures","https://www.eu-startups.com/investor/mairdumont-ventures/"
"Maschmeyer Group","https://www.eu-startups.com/investor/maschmeyer-group/"
"Matterwave Ventures","https://www.eu-startups.com/investor/matterwave-ventures/"
"Motu Ventures","https://www.eu-startups.com/investor/motu-ventures/"
"Purple Orange Ventures","https://www.eu-startups.com/investor/purple-orange-ventures/"
"Rheingau Founders","https://www.eu-startups.com/investor/rheingau-founders/"
"SCE Freiraum Ventures","https://www.eu-startups.com/investor/sce-freiraum-ventures/"
"Seed Fonds Aachen","https://www.eu-startups.com/investor/seed-fonds-aachen/"
"Signals Venture Capital","https://www.eu-startups.com/investor/signals-venture-capital/"
"Simon Capital","https://www.eu-startups.com/investor/simon-capital/"
"SpaceTec Capital","https://www.eu-startups.com/investor/spacetec-capital/"
"Summiteer","https://www.eu-startups.com/investor/summiteer/"
"ProSiebenSat.1 Accelerator","https://www.eu-startups.com/investor/prosiebensat-1-accelerator/"
"System.One","https://www.eu-startups.com/investor/system-one/"
"TA Ventures","https://www.eu-startups.com/investor/ta-ventures/"
"Technologiefonds OWL","https://www.eu-startups.com/investor/technologiefonds-owl/"
"ProVeg Incubator","https://www.eu-startups.com/investor/proveg-incubator/"
"Tiburon","https://www.eu-startups.com/investor/tiburon/"
"Vanagon Ventures","https://www.eu-startups.com/investor/vanagon-ventures/"
"Intro Aviation","https://www.eu-startups.com/investor/intro-aviation/"
"J.F. Muller & Sohn AG","https://www.eu-startups.com/investor/j-f-muller-sohn-ag/"
"VC Fonds BW","https://www.eu-startups.com/investor/vc-fonds-bw/"
"Vector Venture Capital","https://www.eu-startups.com/investor/vector-venture-capital/"
"VENTIS CAPITAL","https://www.eu-startups.com/investor/ventis-capital/"
"Vireo Ventures","https://www.eu-startups.com/investor/vireo-ventures/"
"Visionaries Club","https://www.eu-startups.com/investor/visionaries-club/"
"VR Ventures","https://www.eu-startups.com/investor/vr-ventures/"
"WENVEST Capital","https://www.eu-startups.com/investor/wenvest-capital/"
"Wessel Management","https://www.eu-startups.com/investor/wessel-management/"
"Willendorff Technologies","https://www.eu-startups.com/investor/willendorff-technologies/"
"Venista Ventures","https://www.eu-startups.com/investor/venista-ventures/"
"10x Group","https://www.eu-startups.com/investor/10x-group/"
"Reaktor Berlin","https://www.eu-startups.com/investor/reaktor-berlin/"
"b2venture","https://www.eu-startups.com/investor/b2venture/"
"Cipio Partners","https://www.eu-startups.com/investor/cipio-partners/"
"Elevat3 Capital","https://www.eu-startups.com/investor/elevat3-capital/"
"EMBL Ventures","https://www.eu-startups.com/investor/embl-ventures/"
"European Circular Bioeconomy Fund","https://www.eu-startups.com/investor/european-circular-bioeconomy-fund/"
"KIZOO Technology Capital","https://www.eu-startups.com/investor/kizoo-technology-capital/"
"MIG Capital","https://www.eu-startups.com/investor/mig-capital/"
"Primepulse","https://www.eu-startups.com/investor/primepulse/"
"Sanno Capital","https://www.eu-startups.com/investor/sanno-capital/"
"The Delta","https://www.eu-startups.com/investor/the-delta/"
"XAI technologies","https://www.eu-startups.com/investor/xai-technologies/"
"Mujinzo Labs","https://www.eu-startups.com/investor/mujinzo-labs/"
"RESPOND Accelerator","https://www.eu-startups.com/investor/respond-accelerator/"
"Hamamatsu Ventures","https://www.eu-startups.com/investor/hamamatsu-ventures/"
"Zukunftsfonds Heilbronn","https://www.eu-startups.com/investor/zukunftsfonds-heilbronn/"
"Anyon Holding","https://www.eu-startups.com/investor/anyon-holding/"
"arsago Ventures","https://www.eu-startups.com/investor/arsago-ventures/"
"BayBG Venture Capital","https://www.eu-startups.com/investor/baybg-venture-capital/"
"Brandenburg Ventures","https://www.eu-startups.com/investor/brandenburg-ventures/"
"Cohors Fortuna Capital","https://www.eu-startups.com/investor/cohors-fortuna-capital/"
"CommerzVentures","https://www.eu-startups.com/investor/commerzventures-2/"
"Cumulus Ventures","https://www.eu-startups.com/investor/cumulus-ventures/"
"eNugget Ventures","https://www.eu-startups.com/investor/enugget-ventures/"
"HCS Beteiligungsgesellschaft","https://www.eu-startups.com/investor/hcs-beteiligungsgesellschaft/"
"Motherland","https://www.eu-startups.com/investor/motherland/"
"Hessen Kapital I","https://www.eu-startups.com/investor/hessen-kapital-i/"
"Excubate Corporate Startups","https://www.eu-startups.com/investor/excubate-corporate-startups/"
"Fast Forward Accelerator","https://www.eu-startups.com/investor/fast-forward-accelerator/"
"leAD Sports & Health Tech Partners","https://www.eu-startups.com/investor/lead-sports-health-tech-partners/"
"Lemonblood Group","https://www.eu-startups.com/investor/lemonblood-group/"
"Fincite Ventures","https://www.eu-startups.com/investor/fincite-ventures/"
"Finparx","https://www.eu-startups.com/investor/finparx/"
"Up2B Accelerator","https://www.eu-startups.com/investor/up2b-accelerator/"
"FinTech Studio","https://www.eu-startups.com/investor/fintech-studio/"
"Life Science Inkubator","https://www.eu-startups.com/investor/life-science-inkubator/"
"VC Ventures","https://www.eu-startups.com/investor/vc-ventures/"
"ESA Business Incubation Center Bavaria","https://www.eu-startups.com/investor/esa-business-incubation-center-bavaria/"
"Eckert Life Science Accelerator","https://www.eu-startups.com/investor/eckert-life-science-accelerator/"
"Abacus Alpha","https://www.eu-startups.com/investor/abacus-alpha/"
"Alpine Space Ventures","https://www.eu-startups.com/investor/alpine-space-ventures/"
"Auxxo","https://www.eu-startups.com/investor/auxxo/"
"BIF Partners","https://www.eu-startups.com/investor/bif-partners/"
"Brandenburg Kapital","https://www.eu-startups.com/investor/brandenburg-kapital/"
"DIGITALHUB.DE","https://www.eu-startups.com/investor/digitalhub-de/"
"C3 Venture Capital","https://www.eu-startups.com/investor/c3-venture-capital/"
"Cavalry Ventures","https://www.eu-startups.com/investor/cavalry-ventures/"
"coparion","https://www.eu-startups.com/investor/coparion-2/"
"eCAPITAL ENTREPRENEURIAL PARTNERS","https://www.eu-startups.com/investor/ecapital-entrepreneurial-partners/"
"ECONA AG","https://www.eu-startups.com/investor/econa-ag/"
"Enjoyventure Management","https://www.eu-startups.com/investor/enjoyventure-management/"
"ExtraVallis","https://www.eu-startups.com/investor/extravallis/"
"First Momentum Ventures","https://www.eu-startups.com/investor/first-momentum-ventures/"
"FTTF","https://www.eu-startups.com/investor/fttf/"
"OCCIDENT","https://www.eu-startups.com/investor/occident/"
"Project A Ventures","https://www.eu-startups.com/investor/project-a-ventures/"
"T Capital","https://www.eu-startups.com/investor/t-capital/"
"Target Partners","https://www.eu-startups.com/investor/target-partners/"
"UVC Partners","https://www.eu-startups.com/investor/uvc-partners/"
"Venture Stars","https://www.eu-startups.com/investor/venture-stars/"
"2bX","https://www.eu-startups.com/investor/2bx/"
"3B Future Health Fund","https://www.eu-startups.com/investor/3b-future-health-fund/"
"468 Capital","https://www.eu-startups.com/investor/468-capital/"
"Freigeist Capital","https://www.eu-startups.com/investor/freigeist-capital/"
"Linden Capital","https://www.eu-startups.com/investor/linden-capital/"
"Montan-Ventures-Saar","https://www.eu-startups.com/investor/montan-ventures-saar/"
"Munich Venture Partners","https://www.eu-startups.com/investor/munich-venture-partners/"
"digihub","https://www.eu-startups.com/investor/digihub/"
"bmp Ventures","https://www.eu-startups.com/investor/bmp-ventures/"
"DI Technology","https://www.eu-startups.com/investor/di-technology/"
"Einstein Industries Ventures","https://www.eu-startups.com/investor/einstein-industries-ventures/"
"Esor Investments","https://www.eu-startups.com/investor/esor-investments/"
"DB Accelerator","https://www.eu-startups.com/investor/db-accelerator/"
"DeepTech4Good","https://www.eu-startups.com/investor/deeptech4good/"
"IONIQ","https://www.eu-startups.com/investor/ioniq/"
"InnoWerft","https://www.eu-startups.com/investor/innowerft/"
"coworkit","https://www.eu-startups.com/investor/coworkit/"
"InsurTech Hub Munich","https://www.eu-startups.com/investor/insurtech-hub-munich/"
"comdirect Start-up Garage","https://www.eu-startups.com/investor/comdirect-start-up-garage/"
"InnovationLab","https://www.eu-startups.com/investor/innovationlab/"
"CONTENTshift","https://www.eu-startups.com/investor/contentshift/"
"coparion","https://www.eu-startups.com/investor/coparion/"
"FoodLabs","https://www.eu-startups.com/investor/foodlabs/"
"Yunus Social Business","https://www.eu-startups.com/investor/yunus-social-business/"
"Xpreneurs","https://www.eu-startups.com/investor/xpreneurs/"
"xdeck","https://www.eu-startups.com/investor/xdeck/"
"X Ventures","https://www.eu-startups.com/investor/x-ventures/"
"Founders Bay","https://www.eu-startups.com/investor/founders-bay/"
"WFP Innovation Accelerator","https://www.eu-startups.com/investor/wfp-innovation-accelerator/"
"Westerwelle Young Founders Programme","https://www.eu-startups.com/investor/westerwelle-young-founders-programme/"
"wayra Germany","https://www.eu-startups.com/investor/wayra-germany/"
"WaterVent","https://www.eu-startups.com/investor/watervent/"
"VISION UNLTD. CREATIVE WORX GmbH","https://www.eu-startups.com/investor/vision-unltd-creative-worx-gmbh/"
"Vision Health Pioneers Incubator","https://www.eu-startups.com/investor/vision-health-pioneers-incubator/"
"VHB Ventures","https://www.eu-startups.com/investor/vhb-ventures/"
"VentureVilla Accelerator","https://www.eu-startups.com/investor/venturevilla-accelerator/"
"German Accelerator","https://www.eu-startups.com/investor/german-accelerator/"
"German Deep Tech","https://www.eu-startups.com/investor/german-deep-tech/"
"Grace","https://www.eu-startups.com/investor/grace/"
"Grunderallianz Data Hub","https://www.eu-startups.com/investor/grunderallianz-data-hub/"
"Hanse Ventures","https://www.eu-startups.com/investor/hanse-ventures/"
"Hardware.co","https://www.eu-startups.com/investor/hardware-co/"
"Heartbeat Labs","https://www.eu-startups.com/investor/heartbeat-labs/"
"Heidelberg Technology Park","https://www.eu-startups.com/investor/heidelberg-technology-park/"
"Hubraum","https://www.eu-startups.com/investor/hubraum/"
"HZG Group","https://www.eu-startups.com/investor/hzg-group/"
"Campus Founders","https://www.eu-startups.com/investor/campus-founders/"
"i4Trust","https://www.eu-startups.com/investor/i4trust/"
"Iconic Holding","https://www.eu-startups.com/investor/iconic-holding/"
"Impact Hub Berlin","https://www.eu-startups.com/investor/impact-hub-berlin/"
"Center for Digital Technology and Management, CDTM","https://www.eu-startups.com/investor/center-for-digital-technology-and-management-cdtm/"
"Chemovator","https://www.eu-startups.com/investor/chemovator/"
"Climate Founders","https://www.eu-startups.com/investor/climate-founders/"
"Climate-KIC Acceleration Programme","https://www.eu-startups.com/investor/climate-kic-acceleration-programme/"
"BSCPad","https://www.eu-startups.com/investor/bscpad/"
"1stMOVER","https://www.eu-startups.com/investor/1stmover/"
"2b AHEAD Ventures","https://www.eu-startups.com/investor/2b-ahead-ventures/"
"Accelerator Frankfurt","https://www.eu-startups.com/investor/accelerator-frankfurt/"
"Advanced Blockchain","https://www.eu-startups.com/investor/advanced-blockchain/"
"AgroStart","https://www.eu-startups.com/investor/agrostart/"
"Ampion Venturers","https://www.eu-startups.com/investor/ampion-venturers/"
"Athenion","https://www.eu-startups.com/investor/athenion/"
"B.Braun Accelerator Collaboration Program","https://www.eu-startups.com/investor/b-braun-accelerator-collaboration-program/"
"Bayer G4A","https://www.eu-startups.com/investor/bayer-g4a/"
"Beam","https://www.eu-startups.com/investor/beam/"
"Betafabrik","https://www.eu-startups.com/investor/betafabrik/"
"Black Forest Accelerator","https://www.eu-startups.com/investor/black-forest-accelerator/"
"Block.IS Cluster Mission Regensburg","https://www.eu-startups.com/investor/block-is-cluster-mission-regensburg/"
"CommerzVentures","https://www.eu-startups.com/investor/commerzventures/"
"Investitions- und Strukturbank Rheinland-Pfalz","https://www.eu-startups.com/investor/investitions-und-strukturbank-rheinland-pfalz/"
"Bright Future Club","https://www.eu-startups.com/investor/bright-future-club/"
"XPRESS Ventures","https://www.eu-startups.com/investor/xpress-ventures/"
"BayBG Bayerische Beteiligungsgesellschaft","https://www.eu-startups.com/investor/baybg-bayerische-beteiligungsgesellschaft/"
"Dieter von Holtzbrinck Ventures","https://www.eu-startups.com/investor/dieter-von-holtzbrinck-ventures/"
"Cherry Ventures","https://www.eu-startups.com/investor/cherry-ventures/"
"Earlybird","https://www.eu-startups.com/investor/earlybird/"