Name,Link
"Club GLOBALS","https://www.eu-startups.com/investor/club-globals/"
"Prosegur Tech Ventures","https://www.eu-startups.com/investor/prosegur-tech-ventures/"
"Inveready","https://www.eu-startups.com/investor/inveready/"
"Mutua Ventures","https://www.eu-startups.com/investor/mutua-ventures/"
"The Valley Venture Capital","https://www.eu-startups.com/investor/the-valley-venture-capital/"
"Creas","https://www.eu-startups.com/investor/creas-2/"
"Cardumen Capital","https://www.eu-startups.com/investor/cardumen-capital/"
"Athos Capital","https://www.eu-startups.com/investor/athos-capital/"
"HWK Techinvestment","https://www.eu-startups.com/investor/hwk-techinvestment/"
"Fierce Capital","https://www.eu-startups.com/investor/fierce-capital/"
"Capsa Vida","https://www.eu-startups.com/investor/capsa-vida/"
"Enagas Emprende","https://www.eu-startups.com/investor/enagas-emprende-2/"
"FI Nvest","https://www.eu-startups.com/investor/fi-nvest/"
"Capital Energy Quantum","https://www.eu-startups.com/investor/capital-energy-quantum-2/"
"LLYC Venturing","https://www.eu-startups.com/investor/llyc-venturing/"
"Adevinta Ventures","https://www.eu-startups.com/investor/adevinta-ventures/"
"Cuatrecasas Ventures","https://www.eu-startups.com/investor/cuatrecasas-ventures/"
"Cognitive Corporate Finance","https://www.eu-startups.com/investor/cognitive-corporate-finance-2/"
"Cognitive Corporate Finance","https://www.eu-startups.com/investor/cognitive-corporate-finance/"
"Popular Impact Fund","https://www.eu-startups.com/investor/popular-impact-fund/"
"Avançsa","https://www.eu-startups.com/investor/avancsa/"
"Fotowatio Renewable Ventures","https://www.eu-startups.com/investor/fotowatio-renewable-ventures/"
"ICF Capital","https://www.eu-startups.com/investor/icf-capital/"
"Telefónica Open Innovation","https://www.eu-startups.com/investor/telefonica-open-innovation/"
"Telefónica Innovation Ventures","https://www.eu-startups.com/investor/telefonica-innovation-ventures/"
"GENESIS Tech Transfer Boost","https://www.eu-startups.com/investor/genesis-tech-transfer-boost/"
"Cemex Ventures","https://www.eu-startups.com/investor/cemex-ventures-2/"
"Bankinter","https://www.eu-startups.com/investor/bankinter/"
"AXIS","https://www.eu-startups.com/investor/axis/"
"Cobo Ventures","https://www.eu-startups.com/investor/cobo-ventures/"
"Optare Ventures","https://www.eu-startups.com/investor/optare-ventures/"
"HOTUSA Ventures","https://www.eu-startups.com/investor/hotusa-ventures/"
"Amadeus Ventures","https://www.eu-startups.com/investor/amadeus-ventures/"
"Prosegur","https://www.eu-startups.com/investor/prosegur/"
"Repsol Energy Ventures","https://www.eu-startups.com/investor/repsol-energy-ventures/"
"Wayra","https://www.eu-startups.com/investor/wayra/"
"Peninsula Open Innovation","https://www.eu-startups.com/investor/peninsula-open-innovation/"
"Orizont","https://www.eu-startups.com/investor/orizont/"
"Star Startups","https://www.eu-startups.com/investor/star-startups/"
"Stackscale","https://www.eu-startups.com/investor/stackscale/"
"SportBoost","https://www.eu-startups.com/investor/sportboost/"
"Spain Foodtech","https://www.eu-startups.com/investor/spain-foodtech-2/"
"Spain Foodtech","https://www.eu-startups.com/investor/spain-foodtech/"
"Okuri Ventures","https://www.eu-startups.com/investor/okuri-ventures/"
"Social Nest Foundation","https://www.eu-startups.com/investor/social-nest-foundation/"
"Nodriza Tech","https://www.eu-startups.com/investor/nodriza-tech/"
"SEK Lab EdTech Accelerator","https://www.eu-startups.com/investor/sek-lab-edtech-accelerator-2/"
"SEK Lab EdTech Accelerator","https://www.eu-startups.com/investor/sek-lab-edtech-accelerator/"
"SeedLink Ventures","https://www.eu-startups.com/investor/seedlink-ventures/"
"SeedRocket","https://www.eu-startups.com/investor/seedrocket/"
"Ship2B","https://www.eu-startups.com/investor/ship2b/"
"Nexes","https://www.eu-startups.com/investor/nexes/"
"Mango StartUp Studio","https://www.eu-startups.com/investor/mango-startup-studio/"
"Mylkcubator","https://www.eu-startups.com/investor/mylkcubator/"
"Metxa Accelerator","https://www.eu-startups.com/investor/metxa-accelerator/"
"TTI Ventures","https://www.eu-startups.com/investor/tti-ventures/"
"Mola","https://www.eu-startups.com/investor/mola/"
"TrenLab","https://www.eu-startups.com/investor/trenlab/"
"Top Seeds Lab","https://www.eu-startups.com/investor/top-seeds-lab/"
"The Collider","https://www.eu-startups.com/investor/the-collider/"
"Plug and Play Spain","https://www.eu-startups.com/investor/plug-and-play-spain-2/"
"Tetuan Valley Startup School","https://www.eu-startups.com/investor/tetuan-valley-startup-school/"
"Swala Ventures","https://www.eu-startups.com/investor/swala-ventures/"
"Project Ignite","https://www.eu-startups.com/investor/project-ignite/"
"PwC Tax & Legal Tech Springboard","https://www.eu-startups.com/investor/pwc-tax-legal-tech-springboard/"
"Q Singular Ventures","https://www.eu-startups.com/investor/q-singular-ventures/"
"FI Boost","https://www.eu-startups.com/investor/fi-boost/"
"First Drop","https://www.eu-startups.com/investor/first-drop/"
"Fishing Accelerator","https://www.eu-startups.com/investor/fishing-accelerator/"
"ESADE EWorks Accelerator","https://www.eu-startups.com/investor/esade-eworks-accelerator/"
"Enagas Emprende","https://www.eu-startups.com/investor/enagas-emprende/"
"EIT Climate-KIC","https://www.eu-startups.com/investor/eit-climate-kic/"
"EIT Urban Mobility","https://www.eu-startups.com/investor/eit-urban-mobility/"
"EGI Booster","https://www.eu-startups.com/investor/egi-booster/"
"Eatable Adventures","https://www.eu-startups.com/investor/eatable-adventures/"
"EcoEmprendedorXXI","https://www.eu-startups.com/investor/ecoemprendedorxxi/"
"Lanzadera Accelerator","https://www.eu-startups.com/investor/lanzadera-accelerator/"
"La Salle Technova Barcelona","https://www.eu-startups.com/investor/la-salle-technova-barcelona/"
"Kunsen","https://www.eu-startups.com/investor/kunsen/"
"Demium","https://www.eu-startups.com/investor/demium/"
"Demium Games","https://www.eu-startups.com/investor/demium-games/"
"Decelera","https://www.eu-startups.com/investor/decelera/"
"Intelectium","https://www.eu-startups.com/investor/intelectium/"
"Innsomnia","https://www.eu-startups.com/investor/innsomnia/"
"Data Market Services","https://www.eu-startups.com/investor/data-market-services/"
"Conector Startup Accelerator","https://www.eu-startups.com/investor/conector-startup-accelerator/"
"Fundacion Innovacion Bankinter","https://www.eu-startups.com/investor/fundacion-innovacion-bankinter/"
"VICTORIA Venture Capital SCR-Pyme","https://www.eu-startups.com/investor/victoria-venture-capital-scr-pyme/"
"Bio&Tech Smart Capital","https://www.eu-startups.com/investor/biotech-smart-capital/"
"Sevenzonic","https://www.eu-startups.com/investor/sevenzonic-2/"
"Sevenzonic","https://www.eu-startups.com/investor/sevenzonic/"
"Zone2boost","https://www.eu-startups.com/investor/zone2boost/"
"Zitek","https://www.eu-startups.com/investor/zitek/"
"Yuzz","https://www.eu-startups.com/investor/yuzz/"
"XtartCube","https://www.eu-startups.com/investor/xtartcube/"
"X2.0","https://www.eu-startups.com/investor/x2-0/"
"InnMind","https://www.eu-startups.com/investor/innmind/"
"Fundacion Entrecanales Venture Capital","https://www.eu-startups.com/investor/fundacion-entrecanales-venture-capital-4/"
"Fundacion Entrecanales Venture Capital","https://www.eu-startups.com/investor/fundacion-entrecanales-venture-capital-3/"
"Fundacion Entrecanales Venture Capital","https://www.eu-startups.com/investor/fundacion-entrecanales-venture-capital-2/"
"Fundacion Entrecanales Venture Capital","https://www.eu-startups.com/investor/fundacion-entrecanales-venture-capital/"
"Vivero de Empresas de Mostoles","https://www.eu-startups.com/investor/vivero-de-empresas-de-mostoles/"
"Vermu","https://www.eu-startups.com/investor/vermu/"
"Veos Ventures","https://www.eu-startups.com/investor/veos-ventures/"
"Futurology Ventures","https://www.eu-startups.com/investor/futurology-ventures-2/"
"Gamebcn","https://www.eu-startups.com/investor/gamebcn/"
"Going Investment","https://www.eu-startups.com/investor/going-investment/"
"H2A Ventures","https://www.eu-startups.com/investor/h2a-ventures/"
"Homu Health Ventures","https://www.eu-startups.com/investor/homu-health-ventures/"
"Capital Energy Quantum","https://www.eu-startups.com/investor/capital-energy-quantum/"
"IMAGURU Startup Hub","https://www.eu-startups.com/investor/imaguru-startup-hub/"
"IMPACT Accelerator","https://www.eu-startups.com/investor/impact-accelerator/"
"IMPACT EdTech","https://www.eu-startups.com/investor/impact-edtech/"
"Carolus Invest","https://www.eu-startups.com/investor/carolus-invest/"
"CEEI ALCOY","https://www.eu-startups.com/investor/ceei-alcoy/"
"CEEI ARAGON Huesca","https://www.eu-startups.com/investor/ceei-aragon-huesca/"
"CEEI Principado de Asturias","https://www.eu-startups.com/investor/ceei-principado-de-asturias/"
"CEEI Valencia","https://www.eu-startups.com/investor/ceei-valencia/"
"CEEIM","https://www.eu-startups.com/investor/ceeim/"
"CIEM Zaragoza","https://www.eu-startups.com/investor/ciem-zaragoza/"
"Cink Emprende","https://www.eu-startups.com/investor/cink-emprende/"
"Citilab","https://www.eu-startups.com/investor/citilab/"
"Cloud Incubator Hub","https://www.eu-startups.com/investor/cloud-incubator-hub/"
"Tokavi","https://www.eu-startups.com/investor/tokavi/"
"CB Invest","https://www.eu-startups.com/investor/cb-invest/"
"Idodi Venture Capital","https://www.eu-startups.com/investor/idodi-venture-capital/"
"Seven Roots","https://www.eu-startups.com/investor/seven-roots/"
"Cuanimen","https://www.eu-startups.com/investor/cuanimen/"
"Business Factory Aero","https://www.eu-startups.com/investor/business-factory-aero/"
"Business Factory Auto","https://www.eu-startups.com/investor/business-factory-auto/"
"Briseida Sea Ventures","https://www.eu-startups.com/investor/briseida-sea-ventures-2/"
"Neoko Capital","https://www.eu-startups.com/investor/neoko-capital/"
"Manent Ventures","https://www.eu-startups.com/investor/manent-ventures/"
"Actio Ventures","https://www.eu-startups.com/investor/actio-ventures/"
"Briseida Sea Ventures","https://www.eu-startups.com/investor/briseida-sea-ventures/"
"3DFactory Incubator","https://www.eu-startups.com/investor/3dfactory-incubator/"
"Abanca Innova","https://www.eu-startups.com/investor/abanca-innova/"
"ACCIONA I’MNOVATION","https://www.eu-startups.com/investor/acciona-imnovation/"
"AEFPA – CADE Huscar","https://www.eu-startups.com/investor/aefpa-cade-huscar/"
"AeroBased","https://www.eu-startups.com/investor/aerobased/"
"Alantis Seed Capital","https://www.eu-startups.com/investor/alantis-seed-capital/"
"Alfacamp","https://www.eu-startups.com/investor/alfacamp/"
"Andaluci­a Open Future","https://www.eu-startups.com/investor/andalucia-open-future/"
"Aurora","https://www.eu-startups.com/investor/aurora/"
"Awake Tourism Challenge","https://www.eu-startups.com/investor/awake-tourism-challenge/"
"Barcelona Ventures","https://www.eu-startups.com/investor/barcelona-ventures/"
"Barlab Mahou San Miguel","https://www.eu-startups.com/investor/barlab-mahou-san-miguel/"
"BBVA Spark","https://www.eu-startups.com/investor/bbva-spark/"
"Bcombinator Venture Partners","https://www.eu-startups.com/investor/bcombinator-venture-partners/"
"BerriUp","https://www.eu-startups.com/investor/berriup/"
"BEYOND","https://www.eu-startups.com/investor/beyond/"
"BIC Araba (Centro de Empresas e Innovacion de Alava)","https://www.eu-startups.com/investor/bic-araba-centro-de-empresas-e-innovacion-de-alava/"
"BIC Gipuzkoa Berrilan","https://www.eu-startups.com/investor/bic-gipuzkoa-berrilan/"
"BIND","https://www.eu-startups.com/investor/bind/"
"Biocat","https://www.eu-startups.com/investor/biocat/"
"Blast Off Partners","https://www.eu-startups.com/investor/blast-off-partners/"
"Yellow","https://www.eu-startups.com/investor/yellow/"
"aldeA Ventures","https://www.eu-startups.com/investor/aldea-ventures/"
"Conexo Ventures","https://www.eu-startups.com/investor/conexo-ventures/"
"Myelin VC","https://www.eu-startups.com/investor/myelin-vc/"
"EASO Ventures","https://www.eu-startups.com/investor/easo-ventures/"
"Inclimo Climate Tech Fund","https://www.eu-startups.com/investor/inclimo-climate-tech-fund/"
"Clave","https://www.eu-startups.com/investor/clave-2/"
"Clave","https://www.eu-startups.com/investor/clave/"
"BStartup","https://www.eu-startups.com/investor/bstartup/"
"Swanlaab Venture Factory","https://www.eu-startups.com/investor/swanlaab-venture-factory/"
"Enzo Ventures","https://www.eu-startups.com/investor/enzo-ventures/"
"Bullnet Capital","https://www.eu-startups.com/investor/bullnet-capital/"
"201 Ventures","https://www.eu-startups.com/investor/201-ventures/"
"Abac Nest","https://www.eu-startups.com/investor/abac-nest/"
"Columbus Venture Partners","https://www.eu-startups.com/investor/columbus-venture-partners/"
"Vento","https://www.eu-startups.com/investor/vento/"
"Active Venture Partners","https://www.eu-startups.com/investor/active-venture-partners/"
"LifeLink Ventures","https://www.eu-startups.com/investor/lifelink-ventures/"
"Faraday Venture Partners","https://www.eu-startups.com/investor/faraday-venture-partners-2/"
"Bonsai Venture Capital SCR","https://www.eu-startups.com/investor/bonsai-venture-capital-scr/"
"Galdana Ventures","https://www.eu-startups.com/investor/galdana-ventures/"
"BeAble Capital","https://www.eu-startups.com/investor/beable-capital/"
"Enion Partners","https://www.eu-startups.com/investor/enion-partners/"
"Healthequity","https://www.eu-startups.com/investor/healthequity/"
"Ona Capital Privat SCR SA","https://www.eu-startups.com/investor/ona-capital-privat-scr-sa/"
"ASTARA Innovation & Venture Lab (formerly B4Motion)","https://www.eu-startups.com/investor/astara-innovation-venture-lab-formerly-b4motion/"
"Farside Ventures","https://www.eu-startups.com/investor/farside-ventures/"
"EONIQ Fund","https://www.eu-startups.com/investor/eoniq-fund-2/"
"EONIQ Fund","https://www.eu-startups.com/investor/eoniq-fund/"
"The Lab Ventures","https://www.eu-startups.com/investor/the-lab-ventures/"
"Elewit","https://www.eu-startups.com/investor/elewit/"
"Creas","https://www.eu-startups.com/investor/creas/"
"Reus Capital Partners","https://www.eu-startups.com/investor/reus-capital-partners/"
"sherry ventures","https://www.eu-startups.com/investor/sherry-ventures/"
"Plug and Play Spain","https://www.eu-startups.com/investor/plug-and-play-spain/"
"Olive Tree Ventures","https://www.eu-startups.com/investor/olive-tree-ventures/"
"7r Ventures","https://www.eu-startups.com/investor/7r-ventures/"
"Extension Fund","https://www.eu-startups.com/investor/extension-fund/"
"Kalonia Venture Partners","https://www.eu-startups.com/investor/kalonia-venture-partners/"
"VAS Ventures","https://www.eu-startups.com/investor/vas-ventures/"
"CG Health Ventures","https://www.eu-startups.com/investor/cg-health-ventures/"
"Grow Venture Partners","https://www.eu-startups.com/investor/grow-venture-partners/"
"Fides Capital","https://www.eu-startups.com/investor/fides-capital/"
"Lyrik Ventures","https://www.eu-startups.com/investor/lyrik-ventures/"
"Gala Capital Partners","https://www.eu-startups.com/investor/gala-capital-partners/"
"BRAIN VC","https://www.eu-startups.com/investor/brain-vc/"
"Gasol16 Ventures","https://www.eu-startups.com/investor/gasol16-ventures/"
"Archipelago Next","https://www.eu-startups.com/investor/archipelago-next/"
"CRB Inverbío","https://www.eu-startups.com/investor/crb-inverbio/"
"Vida Sustainable Ventures","https://www.eu-startups.com/investor/vida-sustainable-ventures/"
"BackFund","https://www.eu-startups.com/investor/backfund/"
"FINTECH VENTURES","https://www.eu-startups.com/investor/fintech-ventures/"
"5G Ventures","https://www.eu-startups.com/investor/5g-ventures/"
"Kapita","https://www.eu-startups.com/investor/kapita/"
"Sitka Capital","https://www.eu-startups.com/investor/sitka-capital/"
"Nara Capital","https://www.eu-startups.com/investor/nara-capital/"
"Toubkal Partners","https://www.eu-startups.com/investor/toubkal-partners/"
"Seed Capital Bizkaia","https://www.eu-startups.com/investor/seed-capital-bizkaia/"
"AVentures DAO","https://www.eu-startups.com/investor/aventures-dao/"
"Oceanflow Ventures","https://www.eu-startups.com/investor/oceanflow-ventures/"
"Roca Group Ventures","https://www.eu-startups.com/investor/roca-group-ventures/"
"Namarel Ventures","https://www.eu-startups.com/investor/namarel-ventures/"
"Kibo Ventures","https://www.eu-startups.com/investor/kibo-ventures/"
"Addendum Capital","https://www.eu-startups.com/investor/addendum-capital/"
"Copernion","https://www.eu-startups.com/investor/copernion/"
"Nexwell group","https://www.eu-startups.com/investor/nexwell-group/"
"Banco Santander’s Smart Fund","https://www.eu-startups.com/investor/banco-santanders-smart-fund/"
"101 Ventures","https://www.eu-startups.com/investor/101-ventures/"
"Demium Capital","https://www.eu-startups.com/investor/demium-capital/"
"Pascual Innoventures","https://www.eu-startups.com/investor/pascual-innoventures/"
"Additio Investment Group","https://www.eu-startups.com/investor/additio-investment-group/"
"Turtle Capital & Investments","https://www.eu-startups.com/investor/turtle-capital-investments/"
"Daruan VC","https://www.eu-startups.com/investor/daruan-vc/"
"Keyword Venture Capital","https://www.eu-startups.com/investor/keyword-venture-capital/"
"Unitatea Capital","https://www.eu-startups.com/investor/unitatea-capital/"
"VitaminaK","https://www.eu-startups.com/investor/vitaminak/"
"Star 26 Ventures","https://www.eu-startups.com/investor/star-26-ventures/"
"Chamberí Ventures","https://www.eu-startups.com/investor/chamberi-ventures/"
"Nina Capital","https://www.eu-startups.com/investor/nina-capital/"
"K Fund","https://www.eu-startups.com/investor/k-fund/"
"Ship2B Ventures","https://www.eu-startups.com/investor/ship2b-ventures/"
"Zubi Capital","https://www.eu-startups.com/investor/zubi-capital/"
"Polygon Ventures","https://www.eu-startups.com/investor/polygon-ventures/"
"Seaya","https://www.eu-startups.com/investor/seaya/"
"Alma Mundi Ventures","https://www.eu-startups.com/investor/alma-mundi-ventures/"
"All Iron Ventures","https://www.eu-startups.com/investor/all-iron-ventures/"
"Criteria Venture Tech","https://www.eu-startups.com/investor/criteria-venture-tech/"
"Samaipata","https://www.eu-startups.com/investor/samaipata/"
"JME Ventures","https://www.eu-startups.com/investor/jme-ventures/"
"Axon Partners Group","https://www.eu-startups.com/investor/axon-partners-group/"
"4Founders Capital","https://www.eu-startups.com/investor/4founders-capital/"
"Draper B1","https://www.eu-startups.com/investor/draper-b1/"
"Cemex Ventures","https://www.eu-startups.com/investor/cemex-ventures/"
"Encomenda VC","https://www.eu-startups.com/investor/encomenda-vc/"
"GoHub Ventures","https://www.eu-startups.com/investor/gohub-ventures/"
"IRIS Ventures","https://www.eu-startups.com/investor/iris-ventures/"
"Finaves","https://www.eu-startups.com/investor/finaves/"
"Faraday Venture Partners","https://www.eu-startups.com/investor/faraday-venture-partners/"
"Big Sur Ventures","https://www.eu-startups.com/investor/big-sur-ventures/"
"Rumbo Ventures","https://www.eu-startups.com/investor/rumbo-ventures/"
"Ysios Capital","https://www.eu-startups.com/investor/ysios-capital/"
"Actyus","https://www.eu-startups.com/investor/actyus/"
"Asabys Partners","https://www.eu-startups.com/investor/asabys-partners/"
"Invivo Capital Partners","https://www.eu-startups.com/investor/invivo-capital-partners/"
"tQuity","https://www.eu-startups.com/investor/tquity/"
"BHV Partners","https://www.eu-startups.com/investor/bhv-partners/"