Name,Link
"Preminent Investments","https://www.eu-startups.com/investor/preminent-investments/"
"Varsity VC","https://www.eu-startups.com/investor/varsity-vc/"
"Scientipole Capital","https://www.eu-startups.com/investor/scientipole-capital/"
"ADP Invest","https://www.eu-startups.com/investor/adp-invest/"
"The Faktory Fund","https://www.eu-startups.com/investor/the-faktory-fund/"
"Xplore by Épopée Gestion","https://www.eu-startups.com/investor/xplore-by-epopee-gestion/"
"L’Oreal Bold Ventures","https://www.eu-startups.com/investor/loreal-bold-ventures/"
"5M Ventures","https://www.eu-startups.com/investor/5m-ventures/"
"Sia Partners","https://www.eu-startups.com/investor/sia-partners/"
"Cuir Invest","https://www.eu-startups.com/investor/cuir-invest/"
"Sistafund","https://www.eu-startups.com/investor/sistafund/"
"New Wave","https://www.eu-startups.com/investor/new-wave/"
"GVentures","https://www.eu-startups.com/investor/gventures/"
"ID4 Ventures","https://www.eu-startups.com/investor/id4-ventures-2/"
"EuraTechnologies","https://www.eu-startups.com/investor/euratechnologies/"
"Adelie","https://www.eu-startups.com/investor/adelie-2/"
"Blisce","https://www.eu-startups.com/investor/blisce/"
"Citizen Capital","https://www.eu-startups.com/investor/citizen-capital/"
"Hitchhiker Ventures","https://www.eu-startups.com/investor/hitchhiker-ventures/"
"White Star Capital","https://www.eu-startups.com/investor/white-star-capital/"
"Cap Horn","https://www.eu-startups.com/investor/cap-horn/"
"SCALE-UP BOOSTER","https://www.eu-startups.com/investor/scale-up-booster/"
"LC Capital","https://www.eu-startups.com/investor/lc-capital/"
"Andera Partners","https://www.eu-startups.com/investor/actomezz/"
"Jezby Ventures","https://www.eu-startups.com/investor/jezby-ventures/"
"H INVEST","https://www.eu-startups.com/investor/h-invest/"
"Inocap Gestion","https://www.eu-startups.com/investor/inocap-gestion/"
"Vesper Investment","https://www.eu-startups.com/investor/vesper-investment/"
"Elige Capital","https://www.eu-startups.com/investor/elige-capital/"
"Climate Club","https://www.eu-startups.com/investor/climate-club/"
"Club Holnest","https://www.eu-startups.com/investor/club-holnest/"
"Exergon","https://www.eu-startups.com/investor/exergon/"
"PPRS Venture","https://www.eu-startups.com/investor/pprs-venture/"
"Unicraft","https://www.eu-startups.com/investor/unicraft/"
"Pléiade Investissement","https://www.eu-startups.com/investor/pleiade-investissement/"
"SODIV ALSACE","https://www.eu-startups.com/investor/sodiv-alsace/"
"LV Finance Partners","https://www.eu-startups.com/investor/lv-finance-partners/"
"Champagne Ardenne Croissance","https://www.eu-startups.com/investor/champagne-ardenne-croissance/"
"VentureSpec","https://www.eu-startups.com/investor/venturespec/"
"Alliansys-Nord Creation","https://www.eu-startups.com/investor/alliansys-nord-creation/"
"Daffourd Invest","https://www.eu-startups.com/investor/daffourd-invest/"
"Steva Investissement","https://www.eu-startups.com/investor/steva-investissement/"
"Evysem Entrepreneurs et Capital","https://www.eu-startups.com/investor/evysem-entrepreneurs-et-capital/"
"Artois Investment","https://www.eu-startups.com/investor/artois-investment/"
"Avenir Entreprises Gestion","https://www.eu-startups.com/investor/avenir-entreprises-gestion/"
"Papyrus Group","https://www.eu-startups.com/investor/papyrus-group/"
"Alternative Ventures","https://www.eu-startups.com/investor/alternative-ventures/"
"Key Ventures","https://www.eu-startups.com/investor/key-ventures/"
"Bpifrance InnoBio","https://www.eu-startups.com/investor/bpifrance-innobio/"
"Autonomie et Solidarité","https://www.eu-startups.com/investor/autonomie-et-solidarite/"
"WeSprint","https://www.eu-startups.com/investor/wesprint-2/"
"Seed for Good","https://www.eu-startups.com/investor/seed-for-good/"
"Ternel","https://www.eu-startups.com/investor/ternel/"
"MySeedCap","https://www.eu-startups.com/investor/myseedcap/"
"Andera Acto","https://www.eu-startups.com/investor/andera-acto/"
"Adour Business Angels","https://www.eu-startups.com/investor/adour-business-angels/"
"Rhône Dauphiné Développement","https://www.eu-startups.com/investor/rhone-dauphine-developpement/"
"Picardie Investissement","https://www.eu-startups.com/investor/picardie-investissement/"
"Intellagri","https://www.eu-startups.com/investor/intellagri/"
"Pinou Capital","https://www.eu-startups.com/investor/pinou-capital/"
"CoopVenture","https://www.eu-startups.com/investor/coopventure/"
"Campus Fund","https://www.eu-startups.com/investor/campus-fund/"
"SFINE","https://www.eu-startups.com/investor/sfine-2/"
"Greenpact","https://www.eu-startups.com/investor/greenpact-3/"
"Maslow Capital Partners","https://www.eu-startups.com/investor/maslow-capital-partners/"
"IRD INVEST","https://www.eu-startups.com/investor/ird-invest/"
"Avelana","https://www.eu-startups.com/investor/avelana-2/"
"FM Invest","https://www.eu-startups.com/investor/fm-invest/"
"HAND PARTNERS","https://www.eu-startups.com/investor/hand-partners/"
"TRUST ESPORT","https://www.eu-startups.com/investor/trust-esport/"
"Melting Capital","https://www.eu-startups.com/investor/melting-capital/"
"OCSEED","https://www.eu-startups.com/investor/ocseed/"
"Source Ventures","https://www.eu-startups.com/investor/source-ventures/"
"CM-CIC Capital Finance","https://www.eu-startups.com/investor/cm-cic-capital-finance/"
"Itera Invest","https://www.eu-startups.com/investor/itera-invest/"
"Arion Venture Capital","https://www.eu-startups.com/investor/arion-venture-capital/"
"Garibaldi Participations","https://www.eu-startups.com/investor/garibaldi-participations/"
"BlackFin Capital Partners","https://www.eu-startups.com/investor/blackfin-capital-partners/"
"Open Capital","https://www.eu-startups.com/investor/open-capital/"
"Herrikoa","https://www.eu-startups.com/investor/herrikoa/"
"Agileo Ventures","https://www.eu-startups.com/investor/agileo-ventures/"
"EUREKAP!","https://www.eu-startups.com/investor/eurekap/"
"Myrtus Venture","https://www.eu-startups.com/investor/myrtus-venture/"
"FINANCIERE FONDS PRIVES","https://www.eu-startups.com/investor/financiere-fonds-prives/"
"XAnge Impact","https://www.eu-startups.com/investor/xange-impact/"
"Vasgos","https://www.eu-startups.com/investor/vasgos/"
"Finadvance","https://www.eu-startups.com/investor/finadvance/"
"Artnova","https://www.eu-startups.com/investor/artnova/"
"Ankaa Ventures","https://www.eu-startups.com/investor/ankaa-ventures/"
"Move Capital","https://www.eu-startups.com/investor/move-capital/"
"ARCOLE","https://www.eu-startups.com/investor/arcole/"
"Normandie Littoral","https://www.eu-startups.com/investor/normandie-littoral/"
"GAIA Impact Fund","https://www.eu-startups.com/investor/gaia-impact-fund/"
"Techlife Capital","https://www.eu-startups.com/investor/techlife-capital/"
"Holnest","https://www.eu-startups.com/investor/holnest/"
"Leia Capital","https://www.eu-startups.com/investor/leia-capital/"
"Eight Ventures","https://www.eu-startups.com/investor/eight-ventures/"
"Trail","https://www.eu-startups.com/investor/trail/"
"Alsace Business Angels","https://www.eu-startups.com/investor/alsace-business-angels/"
"AdBio partners","https://www.eu-startups.com/investor/adbio-partners/"
"Beluga Capital","https://www.eu-startups.com/investor/beluga-capital/"
"Karot Capital","https://www.eu-startups.com/investor/karot-capital/"
"IT-Translation","https://www.eu-startups.com/investor/it-translation/"
"Weber Investissement","https://www.eu-startups.com/investor/weber-investissement/"
"Xerys","https://www.eu-startups.com/investor/xerys/"
"Vivalto Partners","https://www.eu-startups.com/investor/vivalto-partners-3/"
"Positive Planet","https://www.eu-startups.com/investor/positive-planet/"
"Albarest Partners","https://www.eu-startups.com/investor/albarest-partners/"
"One Green","https://www.eu-startups.com/investor/one-green/"
"Vivalto Partners","https://www.eu-startups.com/investor/vivalto-partners-2/"
"Vivalto Partners","https://www.eu-startups.com/investor/vivalto-partners/"
"The Start Up Club","https://www.eu-startups.com/investor/the-start-up-club/"
"IXcore","https://www.eu-startups.com/investor/ixcore/"
"La Poste Ventures","https://www.eu-startups.com/investor/la-poste-ventures/"
"CITA Investissement","https://www.eu-startups.com/investor/cita-investissement/"
"Cathay Health","https://www.eu-startups.com/investor/cathay-health/"
"Grand Sud Ouest Capital","https://www.eu-startups.com/investor/grand-sud-ouest-capital/"
"RAISE Impact","https://www.eu-startups.com/investor/raise-impact/"
"La Fabrique by CA","https://www.eu-startups.com/investor/la-fabrique-by-ca/"
"Fin’Up","https://www.eu-startups.com/investor/finup/"
"ISAI Cap Venture","https://www.eu-startups.com/investor/isai-cap-venture/"
"Limousin Participations","https://www.eu-startups.com/investor/limousin-participations/"
"Drakarys","https://www.eu-startups.com/investor/drakarys/"
"Apicap","https://www.eu-startups.com/investor/apicap/"
"VAeX Capital Partners","https://www.eu-startups.com/investor/vaex-capital-partners/"
"Elephants & Ventures","https://www.eu-startups.com/investor/elephants-ventures/"
"WinEquity","https://www.eu-startups.com/investor/winequity/"
"TRAIL SOLUTIONS PATRIMOINE","https://www.eu-startups.com/investor/trail-solutions-patrimoine/"
"Normandie Participations","https://www.eu-startups.com/investor/normandie-participations/"
"Alto Invest","https://www.eu-startups.com/investor/alto-invest/"
"Reflexion Capital","https://www.eu-startups.com/investor/reflexion-capital/"
"iBionext","https://www.eu-startups.com/investor/ibionext/"
"Good Only Ventures","https://www.eu-startups.com/investor/good-only-ventures/"
"v3ntures","https://www.eu-startups.com/investor/v3ntures/"
"Olbia Invest","https://www.eu-startups.com/investor/olbia-invest/"
"GENEO Capital Entrepreneur","https://www.eu-startups.com/investor/geneo-capital-entrepreneur/"
"YB Group","https://www.eu-startups.com/investor/yb-group-2/"
"Fashion Capital Partners","https://www.eu-startups.com/investor/fashion-capital-partners/"
"SaaS Partners","https://www.eu-startups.com/investor/saas-partners/"
"Premier Étage","https://www.eu-startups.com/investor/premier-etage/"
"TechFund","https://www.eu-startups.com/investor/techfund/"
"Cenitz","https://www.eu-startups.com/investor/cenitz/"
"Rhone-Alpes Creation","https://www.eu-startups.com/investor/rhone-alpes-creation/"
"CEA Investissement","https://www.eu-startups.com/investor/cea-investissement-2/"
"GTT Strategic Ventures","https://www.eu-startups.com/investor/gtt-strategic-ventures/"
"Motier Ventures","https://www.eu-startups.com/investor/motier-ventures/"
"Majycc eSanté Invest","https://www.eu-startups.com/investor/majycc-esante-invest/"
"Daphni","https://www.eu-startups.com/investor/daphni/"
"Impact Partenaires","https://www.eu-startups.com/investor/impact-partenaires/"
"Blue Forward fund","https://www.eu-startups.com/investor/blue-forward-fund/"
"Jeriko","https://www.eu-startups.com/investor/jeriko/"
"BACS-Innov","https://www.eu-startups.com/investor/bacs-innov/"
"Mutuelles Impact","https://www.eu-startups.com/investor/mutuelles-impact/"
"Fluxus Ventures","https://www.eu-startups.com/investor/fluxus-ventures/"
"High Flyers Capital","https://www.eu-startups.com/investor/high-flyers-capital-2/"
"360 Capital","https://www.eu-startups.com/investor/360-capital/"
"Galia Gestion","https://www.eu-startups.com/investor/galia-gestion/"
"Lov Group","https://www.eu-startups.com/investor/lov-group/"
"Angelor","https://www.eu-startups.com/investor/angelor/"
"NEO FOUNDERS","https://www.eu-startups.com/investor/neo-founders/"
"Polytechnique Ventures","https://www.eu-startups.com/investor/polytechnique-ventures/"
"Finovam Gestion","https://www.eu-startups.com/investor/finovam-gestion/"
"Super Capital","https://www.eu-startups.com/investor/super-capital/"
"Nord France Amorcage","https://www.eu-startups.com/investor/nord-france-amorcage/"
"Build Collective","https://www.eu-startups.com/investor/build-collective/"
"Alven","https://www.eu-startups.com/investor/alven/"
"SideAngels","https://www.eu-startups.com/investor/sideangels/"
"AQUITI Gestion","https://www.eu-startups.com/investor/aquiti-gestion/"
"Sharpstone Capital","https://www.eu-startups.com/investor/sharpstone-capital/"
"Innovation Capital","https://www.eu-startups.com/investor/innovation-capital-3/"
"La Maison Partners","https://www.eu-startups.com/investor/la-maison-partners/"
"First Bridge Ventures","https://www.eu-startups.com/investor/first-bridge-ventures/"
"Oskare Capital","https://www.eu-startups.com/investor/oskare-capital/"
"ZEBOX Ventures","https://www.eu-startups.com/investor/zebox-ventures/"
"Capital Croissance","https://www.eu-startups.com/investor/capital-croissance/"
"Finorpa","https://www.eu-startups.com/investor/finorpa/"
"INCO Ventures","https://www.eu-startups.com/investor/inco-ventures/"
"Techmind","https://www.eu-startups.com/investor/techmind/"
"OBRATORI","https://www.eu-startups.com/investor/obratori-2/"
"Breizh Up","https://www.eu-startups.com/investor/breizh-up-2/"
"Teampact ventures","https://www.eu-startups.com/investor/teampact-ventures/"
"OVNI Capital","https://www.eu-startups.com/investor/ovni-capital/"
"Aurinvest","https://www.eu-startups.com/investor/aurinvest/"
"115K","https://www.eu-startups.com/investor/115k/"
"NACO","https://www.eu-startups.com/investor/naco/"
"SIDE Capital","https://www.eu-startups.com/investor/side-capital/"
"Blue Oceans Partners","https://www.eu-startups.com/investor/blue-oceans-partners/"
"Label Capital","https://www.eu-startups.com/investor/label-capital/"
"Sagard","https://www.eu-startups.com/investor/sagard/"
"Pleiade Venture","https://www.eu-startups.com/investor/pleiade-venture/"
"White Loop Capital","https://www.eu-startups.com/investor/white-loop-capital/"
"HUB612","https://www.eu-startups.com/investor/hub612-4/"
"I-Source Gestion","https://www.eu-startups.com/investor/i-source-gestion/"
"Hook","https://www.eu-startups.com/investor/hook-2/"
"Kering Ventures","https://www.eu-startups.com/investor/kering-ventures/"
"The Hardware Club","https://www.eu-startups.com/investor/the-hardware-club/"
"123Venture","https://www.eu-startups.com/investor/123venture/"
"Investir&+","https://www.eu-startups.com/investor/investir/"
"Galion.exe","https://www.eu-startups.com/investor/galion-exe/"
"Aonia Ventures","https://www.eu-startups.com/investor/aonia-ventures/"
"Serena","https://www.eu-startups.com/investor/serena/"
"Luxury Tech Fund","https://www.eu-startups.com/investor/luxury-tech-fund/"
"Carvest Crédit Agricole Régions Investissement","https://www.eu-startups.com/investor/carvest-credit-agricole-regions-investissement/"
"Noria Invest","https://www.eu-startups.com/investor/noria-invest/"
"Auriga Cyber ​​Ventures","https://www.eu-startups.com/investor/auriga-cyber-ventures/"
"AFI Ventures","https://www.eu-startups.com/investor/afi-ventures/"
"Psalion VC","https://www.eu-startups.com/investor/psalion-vc/"
"NextStage","https://www.eu-startups.com/investor/nextstage/"
"Crédit Mutuel Equity","https://www.eu-startups.com/investor/credit-mutuel-equity/"
"RGreen Invest","https://www.eu-startups.com/investor/rgreen-invest/"
"Ace Capital Partners","https://www.eu-startups.com/investor/ace-capital-partners/"
"OneRagtime","https://www.eu-startups.com/investor/oneragtime/"
"Negma Group","https://www.eu-startups.com/investor/negma-group/"
"Wind Capital","https://www.eu-startups.com/investor/wind-capital/"
"Eutopia VC","https://www.eu-startups.com/investor/eutopia-vc/"
"Alter Equity 3P","https://www.eu-startups.com/investor/alter-equity-3p/"
"Bpifrance Large Venture","https://www.eu-startups.com/investor/bpifrance-large-venture/"
"KREAXI","https://www.eu-startups.com/investor/kreaxi/"
"Adelie","https://www.eu-startups.com/investor/adelie/"
"The Moon Venture","https://www.eu-startups.com/investor/the-moon-venture/"
"Auriga Partners","https://www.eu-startups.com/investor/auriga-partners/"
"Emblem","https://www.eu-startups.com/investor/emblem/"
"Capagro","https://www.eu-startups.com/investor/capagro/"
"Gains Associates","https://www.eu-startups.com/investor/gains-associates/"
"Sienna Investment Managers","https://www.eu-startups.com/investor/sienna-investment-managers/"
"Kerala Ventures","https://www.eu-startups.com/investor/kerala-ventures/"
"IRDI SORIDEC Gestion","https://www.eu-startups.com/investor/irdi-soridec-gestion/"
"2050","https://www.eu-startups.com/investor/2050/"
"Spring Invest","https://www.eu-startups.com/investor/spring-invest/"
"Asterion Ventures","https://www.eu-startups.com/investor/asterion-ventures/"
"KIMPA – Impact Investing","https://www.eu-startups.com/investor/kimpa-impact-investing/"
"Id4 ventures","https://www.eu-startups.com/investor/id4-ventures/"
"Purple","https://www.eu-startups.com/investor/purple/"
"Air Liquide ALIAD","https://www.eu-startups.com/investor/air-liquide-aliad/"
"Resonance","https://www.eu-startups.com/investor/resonance/"
"Expansion Ventures","https://www.eu-startups.com/investor/expansion-ventures/"
"Elevation Capital Partners","https://www.eu-startups.com/investor/elevation-capital-partners/"
"Raise Ventures","https://www.eu-startups.com/investor/raise-ventures/"
"Demeter Partners","https://www.eu-startups.com/investor/demeter-partners/"
"Lauxera Capital Partners","https://www.eu-startups.com/investor/lauxera-capital-partners/"
"Super Capital VC","https://www.eu-startups.com/investor/super-capital-vc/"
"Starquest Capital","https://www.eu-startups.com/investor/starquest-capital/"
"Blast.club","https://www.eu-startups.com/investor/blast-club/"
"NewAlpha Asset Management VC","https://www.eu-startups.com/investor/newalpha-asset-management-vc/"
"ODYSSEE VENTURE","https://www.eu-startups.com/investor/odyssee-venture/"
"CAPZA","https://www.eu-startups.com/investor/capza/"
"MAIF Avenir","https://www.eu-startups.com/investor/maif-avenir/"
"Future Shape","https://www.eu-startups.com/investor/future-shape/"
"Ring Capital","https://www.eu-startups.com/investor/ring-capital/"
"Kurma Partners","https://www.eu-startups.com/investor/kurma-partners/"
"InfraVia Capital Partners","https://www.eu-startups.com/investor/infravia-capital-partners/"
"Brighteye Ventures","https://www.eu-startups.com/investor/brighteye-ventures/"
"Five Seasons Ventures","https://www.eu-startups.com/investor/five-seasons-ventures/"
"GO CAPITAL","https://www.eu-startups.com/investor/go-capital/"
"C4 Ventures","https://www.eu-startups.com/investor/c4-ventures/"
"Evolem Start","https://www.eu-startups.com/investor/evolem-start/"
"Karista","https://www.eu-startups.com/investor/karista/"
"Quantonation","https://www.eu-startups.com/investor/quantonation/"
"Crédit Mutuel Innovation","https://www.eu-startups.com/investor/credit-mutuel-innovation/"
"TotalEnergies Ventures","https://www.eu-startups.com/investor/totalenergies-ventures-3/"
"Red River West","https://www.eu-startups.com/investor/red-river-west/"
"Quadrille Capital","https://www.eu-startups.com/investor/quadrille-capital/"
"Innovacom","https://www.eu-startups.com/investor/innovacom/"
"TotalEnergies Ventures","https://www.eu-startups.com/investor/totalenergies-ventures-2/"
"Revaia","https://www.eu-startups.com/investor/revaia/"
"CapHorn Invest","https://www.eu-startups.com/investor/caphorn-invest/"
"Educapital","https://www.eu-startups.com/investor/educapital/"
"Financiere Saint James","https://www.eu-startups.com/investor/financiere-saint-james/"
"Otium Capital","https://www.eu-startups.com/investor/otium-capital/"
"Demeter","https://www.eu-startups.com/investor/demeter/"
"Inovexus","https://www.eu-startups.com/investor/inovexus-2/"
"PixCapital","https://www.eu-startups.com/investor/pixcapital/"
"Frst","https://www.eu-startups.com/investor/frst/"
"Truffle Capital","https://www.eu-startups.com/investor/truffle-capital/"
"Breega","https://www.eu-startups.com/investor/breega/"
"Elaia","https://www.eu-startups.com/investor/elaia-2/"
"Seventure Partners","https://www.eu-startups.com/investor/seventure-partners/"
"HCVC","https://www.eu-startups.com/investor/hcvc/"
"Aster","https://www.eu-startups.com/investor/aster/"
"XAnge","https://www.eu-startups.com/investor/xange/"
"Newfund","https://www.eu-startups.com/investor/newfund/"
"Entrepreneur Venture","https://www.eu-startups.com/investor/entrepreneur-venture/"
"Korelya Capital","https://www.eu-startups.com/investor/korelya-capital/"
"Mérieux Equity Partners","https://www.eu-startups.com/investor/merieux-equity-partners/"
"Axeleo Capital","https://www.eu-startups.com/investor/axeleo-capital/"
"Future Positive Capital","https://www.eu-startups.com/investor/future-positive-capital/"
"Ventech","https://www.eu-startups.com/investor/ventech/"
"Omnes Capital","https://www.eu-startups.com/investor/omnes-capital-2/"
"Isai","https://www.eu-startups.com/investor/isai/"
"Cathay Capital","https://www.eu-startups.com/investor/cathay-capital/"
"IRIS","https://www.eu-startups.com/investor/iris/"
"Singular","https://www.eu-startups.com/investor/singular/"
"Supernova Invest","https://www.eu-startups.com/investor/supernova-invest/"
"AXA Venture Partners","https://www.eu-startups.com/investor/axa-venture-partners/"
"Sofinnova Partners","https://www.eu-startups.com/investor/sofinnova-partners/"
"Omnes Capital","https://www.eu-startups.com/investor/omnes-capital/"
"Aglaé Ventures","https://www.eu-startups.com/investor/aglae-ventures/"
"OSS Ventures","https://www.eu-startups.com/investor/oss-ventures/"
"Shift4Good","https://www.eu-startups.com/investor/shift4good/"
"Hi Inov – Dentressangle","https://www.eu-startups.com/investor/hi-inov-dentressangle/"
"Interop","https://www.eu-startups.com/investor/interop/"
"Klub","https://www.eu-startups.com/investor/klub/"
"Breakthrough Energy Ventures","https://www.eu-startups.com/investor/breakthrough-energy-ventures/"
"Anaxago","https://www.eu-startups.com/investor/anaxago/"
"Kyotherm","https://www.eu-startups.com/investor/kyotherm/"
"eureKARE","https://www.eu-startups.com/investor/eurekare/"
"Andera Partners","https://www.eu-startups.com/investor/andera-partners/"
"Wendel","https://www.eu-startups.com/investor/wendel/"
"CEA Investissement","https://www.eu-startups.com/investor/cea-investissement/"
"ADAY","https://www.eu-startups.com/investor/aday/"
"SEB Alliance","https://www.eu-startups.com/investor/seb-alliance/"
"SNCF Digital Ventures","https://www.eu-startups.com/investor/sncf-digital-ventures/"
"Colam Impact","https://www.eu-startups.com/investor/colam-impact/"
"Wagram Corporate Finance","https://www.eu-startups.com/investor/wagram-corporate-finance/"
"Definvest","https://www.eu-startups.com/investor/definvest/"
"Tikehau Investment Management","https://www.eu-startups.com/investor/tikehau-investment-management/"
"Ledger Cathay Capital","https://www.eu-startups.com/investor/ledger-cathay-capital/"
"Roquette Ventures","https://www.eu-startups.com/investor/roquette-ventures/"
"Mobility 54","https://www.eu-startups.com/investor/mobility-54/"
"GSO Innovation","https://www.eu-startups.com/investor/gso-innovation/"
"Air Liquide Ventures","https://www.eu-startups.com/investor/air-liquide-ventures/"
"Adnexus","https://www.eu-startups.com/investor/adnexus/"
"Suez Ventures","https://www.eu-startups.com/investor/suez-ventures/"
"ResiliAnce.io","https://www.eu-startups.com/investor/resiliance-io/"
"Business Opportunities for L’Oréal Development","https://www.eu-startups.com/investor/business-opportunities-for-loreal-development/"
"Open CNP","https://www.eu-startups.com/investor/open-cnp/"
"Alcatel Ventures","https://www.eu-startups.com/investor/alcatel-ventures/"
"Dexia","https://www.eu-startups.com/investor/dexia/"
"Via ID","https://www.eu-startups.com/investor/via-id-2/"
"Sercel","https://www.eu-startups.com/investor/sercel/"
"CarStudio","https://www.eu-startups.com/investor/carstudio-2/"
"Insurtech Capital","https://www.eu-startups.com/investor/insurtech-capital/"
"Pierre Fabre Invest","https://www.eu-startups.com/investor/pierre-fabre-invest/"
"Altavia Adventures","https://www.eu-startups.com/investor/altavia-adventures/"
"OBRATORI","https://www.eu-startups.com/investor/obratori/"
"Fuzé","https://www.eu-startups.com/investor/fuze/"
"574 Invest","https://www.eu-startups.com/investor/574-invest/"
"SPI fund","https://www.eu-startups.com/investor/spi-fund/"
"Best Western France","https://www.eu-startups.com/investor/best-western-france/"
"Saint-Gobain NOVA","https://www.eu-startups.com/investor/saint-gobain-nova/"
"MAIF Impact","https://www.eu-startups.com/investor/maif-impact/"
"Opera Tech Ventures","https://www.eu-startups.com/investor/opera-tech-ventures/"
"Bolloré Group","https://www.eu-startups.com/investor/bollore-group/"
"Partech","https://www.eu-startups.com/investor/partech/"
"ENGIE New Ventures","https://www.eu-startups.com/investor/engie-new-ventures/"
"CMA CGM Ventures","https://www.eu-startups.com/investor/cma-cgm-ventures/"
"Orange Ventures","https://www.eu-startups.com/investor/orange-ventures/"
"Safran Corporate Ventures","https://www.eu-startups.com/investor/safran-corporate-ventures/"
"Multicroissance","https://www.eu-startups.com/investor/multicroissance/"
"MOTUL","https://www.eu-startups.com/investor/motul/"
"SCOR Ventures","https://www.eu-startups.com/investor/scor-ventures/"
"S5V","https://www.eu-startups.com/investor/s5v/"
"Petit Poucet","https://www.eu-startups.com/investor/petit-poucet/"
"Phitrust Partenaires","https://www.eu-startups.com/investor/phitrust-partenaires/"
"Paris&Co Incubateurs","https://www.eu-startups.com/investor/parisco-incubateurs/"
"Startup Sesame","https://www.eu-startups.com/investor/startup-sesame/"
"Orange Fab France","https://www.eu-startups.com/investor/orange-fab-france/"
"Oracle Startup Cloud Accelerator","https://www.eu-startups.com/investor/oracle-startup-cloud-accelerator/"
"Startup42","https://www.eu-startups.com/investor/startup42/"
"OFF7","https://www.eu-startups.com/investor/off7/"
"SpaceFounders","https://www.eu-startups.com/investor/spacefounders/"
"Nubbo Incubator","https://www.eu-startups.com/investor/nubbo-incubator/"
"STATION F","https://www.eu-startups.com/investor/station-f/"
"Normandie Incubation","https://www.eu-startups.com/investor/normandie-incubation/"
"ShakeUpFactory","https://www.eu-startups.com/investor/shakeupfactory/"
"SFINE","https://www.eu-startups.com/investor/sfine/"
"SenseCube","https://www.eu-startups.com/investor/sensecube/"
"Seed up","https://www.eu-startups.com/investor/seed-up/"
"Netangels","https://www.eu-startups.com/investor/netangels/"
"Scal’ E – Nov","https://www.eu-startups.com/investor/scal-e-nov/"
"NEOMA EdTech Accelerator","https://www.eu-startups.com/investor/neoma-edtech-accelerator/"
"SATT Sud-Est","https://www.eu-startups.com/investor/satt-sud-est/"
"MD Start","https://www.eu-startups.com/investor/md-start/"
"Unilis Agtech","https://www.eu-startups.com/investor/unilis-agtech/"
"Linksium","https://www.eu-startups.com/investor/linksium/"
"Tudigo","https://www.eu-startups.com/investor/tudigo/"
"Montpellier Mediterranee Metropole","https://www.eu-startups.com/investor/montpellier-mediterranee-metropole/"
"Moove Lab","https://www.eu-startups.com/investor/moove-lab/"
"ToasterLAB","https://www.eu-startups.com/investor/toasterlab/"
"The Family","https://www.eu-startups.com/investor/the-family/"
"The European Startup Prize","https://www.eu-startups.com/investor/the-european-startup-prize/"
"The Cantillon Institute for Entrepreneurship","https://www.eu-startups.com/investor/the-cantillon-institute-for-entrepreneurship/"
"The Blox","https://www.eu-startups.com/investor/the-blox/"
"Pulsalys","https://www.eu-startups.com/investor/pulsalys/"
"Raise Sherpas","https://www.eu-startups.com/investor/raise-sherpas/"
"Redstart","https://www.eu-startups.com/investor/redstart/"
"Eurasenior","https://www.eu-startups.com/investor/eurasenior/"
"Urlab","https://www.eu-startups.com/investor/urlab/"
"ESA BIC Barcelona European Space Agency Business Incubation Centre","https://www.eu-startups.com/investor/esa-bic-barcelona-european-space-agency-business-incubation-centre/"
"Le Shift","https://www.eu-startups.com/investor/le-shift/"
"EDF Pulse Croissance","https://www.eu-startups.com/investor/edf-pulse-croissance/"
"Le Village by CA","https://www.eu-startups.com/investor/le-village-by-ca/"
"Le Connected Camp","https://www.eu-startups.com/investor/le-connected-camp/"
"LaCabine","https://www.eu-startups.com/investor/lacabine/"
"Labo de l’edition","https://www.eu-startups.com/investor/labo-de-ledition/"
"L’Accelerateur","https://www.eu-startups.com/investor/laccelerateur/"
"La Fabrique des Mobilites","https://www.eu-startups.com/investor/la-fabrique-des-mobilites/"
"La Javaness","https://www.eu-startups.com/investor/la-javaness/"
"Digital Africa","https://www.eu-startups.com/investor/digital-africa/"
"Jolt Capital","https://www.eu-startups.com/investor/jolt-capital/"
"Kamet","https://www.eu-startups.com/investor/kamet/"
"DECA-BFC","https://www.eu-startups.com/investor/deca-bfc/"
"IOT Valley","https://www.eu-startups.com/investor/iot-valley/"
"Crcalia","https://www.eu-startups.com/investor/crcalia/"
"Inovexus","https://www.eu-startups.com/investor/inovexus/"
"Creative Valley","https://www.eu-startups.com/investor/creative-valley/"
"Institut Mines-Telecom","https://www.eu-startups.com/investor/institut-mines-telecom/"
"Day One Entrepreneurs & Partners","https://www.eu-startups.com/investor/day-one-entrepreneurs-partners/"
"Marble","https://www.eu-startups.com/investor/marble/"
"Matters","https://www.eu-startups.com/investor/matters/"
"YB Group","https://www.eu-startups.com/investor/yb-group/"
"WineTech","https://www.eu-startups.com/investor/winetech/"
"Founders Future","https://www.eu-startups.com/investor/founders-future/"
"WILCO","https://www.eu-startups.com/investor/wilco/"
"Foundry","https://www.eu-startups.com/investor/foundry/"
"France Active","https://www.eu-startups.com/investor/france-active/"
"WeSprint","https://www.eu-startups.com/investor/wesprint/"
"Vivalley","https://www.eu-startups.com/investor/vivalley/"
"Via ID","https://www.eu-startups.com/investor/via-id/"
"Global Markets Incubator","https://www.eu-startups.com/investor/global-markets-incubator/"
"Greenpact","https://www.eu-startups.com/investor/greenpact-2/"
"Greenpact","https://www.eu-startups.com/investor/greenpact/"
"HEC Incubator","https://www.eu-startups.com/investor/hec-incubator/"
"Hello Tomorrow","https://www.eu-startups.com/investor/hello-tomorrow/"
"High Flyers Capital","https://www.eu-startups.com/investor/high-flyers-capital/"
"Hook","https://www.eu-startups.com/investor/hook/"
"HTL Biotechnology","https://www.eu-startups.com/investor/htl-biotechnology/"
"HUB612","https://www.eu-startups.com/investor/hub612-3/"
"HUB612","https://www.eu-startups.com/investor/hub612-2/"
"HUB612","https://www.eu-startups.com/investor/hub612/"
"Incubateur Impulse","https://www.eu-startups.com/investor/incubateur-impulse/"
"Incubateur Lorrain","https://www.eu-startups.com/investor/incubateur-lorrain/"
"Imagination Machine","https://www.eu-startups.com/investor/imagination-machine/"
"Incubateur Belle de Mai","https://www.eu-startups.com/investor/incubateur-belle-de-mai/"
"CarStudio","https://www.eu-startups.com/investor/carstudio/"
"IMT Starter","https://www.eu-startups.com/investor/imt-starter/"
"Clermont Auvergne Innovation","https://www.eu-startups.com/investor/clermont-auvergne-innovation/"
"Inco","https://www.eu-startups.com/investor/inco/"
"Bpifrance Digital Venture","https://www.eu-startups.com/investor/bpifrance-digital-venture/"
"Breizh Up","https://www.eu-startups.com/investor/breizh-up/"
"321","https://www.eu-startups.com/investor/321/"
"16th Ventures","https://www.eu-startups.com/investor/16th-ventures/"
"21st by CentraleSupelec","https://www.eu-startups.com/investor/21st-by-centralesupelec/"
"BoostInLyon","https://www.eu-startups.com/investor/boostinlyon/"
"50 Partners","https://www.eu-startups.com/investor/50-partners/"
"Access2Europe","https://www.eu-startups.com/investor/access2europe/"
"ADC Au- Dela Du Cuir","https://www.eu-startups.com/investor/adc-au-dela-du-cuir/"
"adVentures Startup Studio","https://www.eu-startups.com/investor/adventures-startup-studio/"
"AGORANOV","https://www.eu-startups.com/investor/agoranov/"
"Alacrite France","https://www.eu-startups.com/investor/alacrite-france/"
"Allianz Accelerator","https://www.eu-startups.com/investor/allianz-accelerator/"
"BNP Paribas Plug and Play","https://www.eu-startups.com/investor/bnp-paribas-plug-and-play/"
"Aquitaine Science Transfer","https://www.eu-startups.com/investor/aquitaine-science-transfer/"
"Atka","https://www.eu-startups.com/investor/atka/"
"Auvergne Business Angels","https://www.eu-startups.com/investor/auvergne-business-angels/"
"Avelana","https://www.eu-startups.com/investor/avelana/"
"Axeltim","https://www.eu-startups.com/investor/axeltim/"
"B612 Participations","https://www.eu-startups.com/investor/b612-participations/"
"Big Booster","https://www.eu-startups.com/investor/big-booster/"
"Circular Innovation Fund","https://www.eu-startups.com/investor/circular-innovation-fund/"
"Elaia","https://www.eu-startups.com/investor/elaia/"