Name,Link
"GrayBella Capital","https://www.eu-startups.com/investor/graybella-capital/"
"Clearance Venture Partners","https://www.eu-startups.com/investor/clearance-venture-partners/"
"Beringea","https://www.eu-startups.com/investor/beringea/"
"Kohli Ventures","https://www.eu-startups.com/investor/kohli-ventures/"
"Crista Galli Ventures","https://www.eu-startups.com/investor/crista-galli-ventures/"
"Creator Ventures","https://www.eu-startups.com/investor/creator-ventures/"
"SHEIN Circularity Fund","https://www.eu-startups.com/investor/shein-circularity-fund/"
"Backfuture VC","https://www.eu-startups.com/investor/backfuture-vc/"
"JuneX Capital Partners","https://www.eu-startups.com/investor/junex-capital-partners/"
"Leadblock Bitpanda Ventures","https://www.eu-startups.com/investor/leadblock-bitpanda-ventures/"
"Delin Ventures","https://www.eu-startups.com/investor/delin-ventures/"
"Pioneer Group Life Science Accelerator","https://www.eu-startups.com/investor/pioneer-group-life-science-accelerator/"
"Ahren Innovation Capital","https://www.eu-startups.com/investor/ahren-innovation-capital/"
"Index Ventures","https://www.eu-startups.com/investor/index-ventures/"
"Noa VC","https://www.eu-startups.com/investor/noa-vc/"
"UCL Technology Fund","https://www.eu-startups.com/investor/ucl-technology-fund/"
"Blackseed","https://www.eu-startups.com/investor/blackseed/"
"Valia Ventures","https://www.eu-startups.com/investor/valia-ventures/"
"UP VC","https://www.eu-startups.com/investor/up-vc/"
"Martlet Capital","https://www.eu-startups.com/investor/martlet-capital/"
"KHP Ventures","https://www.eu-startups.com/investor/khp-ventures/"
"Mercuri VC","https://www.eu-startups.com/investor/mercuri-vc/"
"Volution Ventures","https://www.eu-startups.com/investor/volution-ventures/"
"Mouro Capital","https://www.eu-startups.com/investor/mouro-capital-2/"
"The Players Fund","https://www.eu-startups.com/investor/the-players-fund/"
"Pact VC","https://www.eu-startups.com/investor/pact-vc/"
"Passion Capital","https://www.eu-startups.com/investor/passion-capital/"
"Pink Salt Ventures","https://www.eu-startups.com/investor/pink-salt-ventures/"
"SFC Capital","https://www.eu-startups.com/investor/sfc-capital/"
"Infinium Partners","https://www.eu-startups.com/investor/infinium-partners/"
"Diana NATO Accelerator","https://www.eu-startups.com/investor/diana-nato-accelerator/"
"Embryo Ventures","https://www.eu-startups.com/investor/embryo-ventures/"
"Cell VC","https://www.eu-startups.com/investor/cell-vc/"
"Unruly Capital","https://www.eu-startups.com/investor/unruly-capital/"
"AlbionVC","https://www.eu-startups.com/investor/albionvc/"
"Ascension","https://www.eu-startups.com/investor/ascension-2/"
"Simsan Ventures","https://www.eu-startups.com/investor/simsan-ventures/"
"Sprints","https://www.eu-startups.com/investor/sprints/"
"Flight Fund","https://www.eu-startups.com/investor/flight-fund/"
"Notion Capital","https://www.eu-startups.com/investor/notion-capital/"
"Outsized Ventures","https://www.eu-startups.com/investor/outsized-ventures/"
"Mustard Seed+ Partners","https://www.eu-startups.com/investor/mustard-seed-partners/"
"Highland Europe","https://www.eu-startups.com/investor/highland-europe/"
"inHealth Ventures","https://www.eu-startups.com/investor/inhealth-ventures/"
"Lightrock","https://www.eu-startups.com/investor/lightrock/"
"Localglobe","https://www.eu-startups.com/investor/localglobe/"
"Expansion Capital","https://www.eu-startups.com/investor/expansion-capital-2/"
"FPE Capital","https://www.eu-startups.com/investor/fpe-capital/"
"Edge","https://www.eu-startups.com/investor/edge/"
"Entreé Capital","https://www.eu-startups.com/investor/entree-capital/"
"DN Capital","https://www.eu-startups.com/investor/dn-capital/"
"ETF Partners","https://www.eu-startups.com/investor/etf-partners/"
"Circularity Capital","https://www.eu-startups.com/investor/circularity-capital/"
"Climate VC","https://www.eu-startups.com/investor/climate-vc/"
"Adjuvo","https://www.eu-startups.com/investor/adjuvo/"
"Anamcara","https://www.eu-startups.com/investor/anamcara/"
"BGF","https://www.eu-startups.com/investor/bgf/"
"Backed VC","https://www.eu-startups.com/investor/backed-vc/"
"20VC","https://www.eu-startups.com/investor/20vc/"
"83North","https://www.eu-startups.com/investor/83north/"
"ACF Investors","https://www.eu-startups.com/investor/acf-investors/"
"AER Ventures","https://www.eu-startups.com/investor/aer-ventures/"
"Zouk Capital","https://www.eu-startups.com/investor/zouk-capital/"
"Praetura Ventures","https://www.eu-startups.com/investor/praetura-ventures/"
"Newzone Ventures","https://www.eu-startups.com/investor/newzone-ventures/"
"Ascension VC","https://www.eu-startups.com/investor/ascension-vc/"
"Connect Ventures","https://www.eu-startups.com/investor/connect-ventures/"
"Fuel Ventures","https://www.eu-startups.com/investor/fuel-ventures/"
"Oakvale Capital","https://www.eu-startups.com/investor/oakvale-capital/"
"Innvotec","https://www.eu-startups.com/investor/innvotec/"
"North East Growth Capital Fund","https://www.eu-startups.com/investor/north-east-growth-capital-fund/"
"The Santon Group","https://www.eu-startups.com/investor/the-santon-group/"
"Middleton Enterprises","https://www.eu-startups.com/investor/middleton-enterprises/"
"UCLB","https://www.eu-startups.com/investor/uclb/"
"Kerdos Ventures","https://www.eu-startups.com/investor/kerdos-ventures/"
"Capricorn Capital Partners","https://www.eu-startups.com/investor/capricorn-capital-partners/"
"Merseyside Special Investment Fund","https://www.eu-startups.com/investor/merseyside-special-investment-fund/"
"Arts Alliance","https://www.eu-startups.com/investor/arts-alliance/"
"Northzone","https://www.eu-startups.com/investor/northzone/"
"Episode 1","https://www.eu-startups.com/investor/episode-1/"
"Albion Capital Group","https://www.eu-startups.com/investor/albion-capital-group/"
"Velo Partners","https://www.eu-startups.com/investor/velo-partners/"
"AMK Investment Office","https://www.eu-startups.com/investor/amk-investment-office/"
"Phystech Ventures","https://www.eu-startups.com/investor/phystech-ventures/"
"Distill Ventures","https://www.eu-startups.com/investor/distill-ventures-2/"
"Steyn Group","https://www.eu-startups.com/investor/steyn-group/"
"Proxy Ventures","https://www.eu-startups.com/investor/proxy-ventures/"
"Smedvig Ventures","https://www.eu-startups.com/investor/smedvig-ventures/"
"VentureFounders","https://www.eu-startups.com/investor/venturefounders/"
"Ruffena Capital","https://www.eu-startups.com/investor/ruffena-capital/"
"Kingsley Capital Partners","https://www.eu-startups.com/investor/kingsley-capital-partners/"
"Winton Capital Management","https://www.eu-startups.com/investor/winton-capital-management/"
"Ascot Capital Partners","https://www.eu-startups.com/investor/ascot-capital-partners/"
"William Currie Group","https://www.eu-startups.com/investor/william-currie-group/"
"IT Ventures","https://www.eu-startups.com/investor/it-ventures-2/"
"MVM Life Science Partners","https://www.eu-startups.com/investor/mvm-life-science-partners/"
"Massa Innovations","https://www.eu-startups.com/investor/massa-innovations/"
"Amadeus Capital Partners","https://www.eu-startups.com/investor/amadeus-capital-partners/"
"SPWOne","https://www.eu-startups.com/investor/spwone/"
"Pembroke VCT","https://www.eu-startups.com/investor/pembroke-vct/"
"Blenheim Chalcot","https://www.eu-startups.com/investor/blenheim-chalcot-2/"
"Emerge Education","https://www.eu-startups.com/investor/emerge-education/"
"TLcom Capital Partners","https://www.eu-startups.com/investor/tlcom-capital-partners/"
"Catapult Ventures","https://www.eu-startups.com/investor/catapult-ventures/"
"Guanqun Investment","https://www.eu-startups.com/investor/guanqun-investment/"
"Oxford Capital","https://www.eu-startups.com/investor/oxford-capital/"
"Pacific & Orient Properties","https://www.eu-startups.com/investor/pacific-orient-properties/"
"Acceleris Capital","https://www.eu-startups.com/investor/acceleris-capital/"
"Invoke Capital","https://www.eu-startups.com/investor/invoke-capital/"
"Ascension","https://www.eu-startups.com/investor/ascension/"
"Andurance Ventures","https://www.eu-startups.com/investor/andurance-ventures/"
"Flashpoint","https://www.eu-startups.com/investor/flashpoint/"
"24 Haymarket","https://www.eu-startups.com/investor/24-haymarket/"
"MMC Ventures","https://www.eu-startups.com/investor/mmc-ventures/"
"Frontline Ventures","https://www.eu-startups.com/investor/frontline-ventures/"
"RTP Global","https://www.eu-startups.com/investor/rtp-global/"
"JamJar Investments","https://www.eu-startups.com/investor/jamjar-investments/"
"Grosvenor Food & AgTech","https://www.eu-startups.com/investor/grosvenor-food-agtech/"
"Balderton Capital","https://www.eu-startups.com/investor/balderton-capital/"
"Syncona Partners LLP","https://www.eu-startups.com/investor/syncona-partners-llp/"
"Allegro Capital","https://www.eu-startups.com/investor/allegro-capital/"
"Firestartr","https://www.eu-startups.com/investor/firestartr/"
"Edenred Capital Partners","https://www.eu-startups.com/investor/edenred-capital-partners-2/"
"Octopus Group","https://www.eu-startups.com/investor/octopus-group/"
"octopus investments","https://www.eu-startups.com/investor/octopus-investments/"
"Jenson Funding Partners","https://www.eu-startups.com/investor/jenson-funding-partners/"
"Hedosophia","https://www.eu-startups.com/investor/hedosophia/"
"Greenbackers Investment Capital","https://www.eu-startups.com/investor/greenbackers-investment-capital/"
"VP Capital","https://www.eu-startups.com/investor/vp-capital-2/"
"Sushi Venture Partners","https://www.eu-startups.com/investor/sushi-venture-partners/"
"Last Mile Ventures","https://www.eu-startups.com/investor/last-mile-ventures/"
"SAATCHiNVEST","https://www.eu-startups.com/investor/saatchinvest/"
"SEIS","https://www.eu-startups.com/investor/seis/"
"Medra Capital","https://www.eu-startups.com/investor/medra-capital/"
"Foresight Williams","https://www.eu-startups.com/investor/foresight-williams/"
"Scottish Equity Partners","https://www.eu-startups.com/investor/scottish-equity-partners/"
"EPIC Private Equity","https://www.eu-startups.com/investor/epic-private-equity/"
"Eden Rock Group","https://www.eu-startups.com/investor/eden-rock-group/"
"Conduit Ventures","https://www.eu-startups.com/investor/conduit-ventures/"
"Clarendon Fund Managers","https://www.eu-startups.com/investor/clarendon-fund-managers/"
"IP Group","https://www.eu-startups.com/investor/ip-group/"
"Enterprise M3 Growth Fund","https://www.eu-startups.com/investor/enterprise-m3-growth-fund/"
"Neptune Investment Management","https://www.eu-startups.com/investor/neptune-investment-management/"
"Unilever Ventures","https://www.eu-startups.com/investor/unilever-ventures-2/"
"F2 Ventures","https://www.eu-startups.com/investor/f2-ventures/"
"UK Innovation & Science Seed Fund","https://www.eu-startups.com/investor/uk-innovation-science-seed-fund/"
"Redbus Ventures","https://www.eu-startups.com/investor/redbus-ventures/"
"GEIF Ventures","https://www.eu-startups.com/investor/geif-ventures/"
"Rosemont Group Capital Partners","https://www.eu-startups.com/investor/rosemont-group-capital-partners/"
"Observatory Capital","https://www.eu-startups.com/investor/observatory-capital/"
"Active Partners","https://www.eu-startups.com/investor/active-partners/"
"Lightbridge Partners","https://www.eu-startups.com/investor/lightbridge-partners/"
"Guinness Ventures","https://www.eu-startups.com/investor/guinness-ventures/"
"GrowthInvest","https://www.eu-startups.com/investor/growthinvest/"
"Northstar Ventures","https://www.eu-startups.com/investor/northstar-ventures/"
"Juno Capital Partners","https://www.eu-startups.com/investor/juno-capital-partners/"
"Triple Point Ventures","https://www.eu-startups.com/investor/triple-point-ventures/"
"Entrepreneur First","https://www.eu-startups.com/investor/entrepreneur-first-2/"
"Sustainable Ventures","https://www.eu-startups.com/investor/sustainable-ventures-2/"
"Agronomics","https://www.eu-startups.com/investor/agronomics/"
"Nauta Capital","https://www.eu-startups.com/investor/nauta-capital/"
"Business Growth Fund","https://www.eu-startups.com/investor/business-growth-fund/"
"Endeavour Ventures","https://www.eu-startups.com/investor/endeavour-ventures-2/"
"Eureeca","https://www.eu-startups.com/investor/eureeca/"
"Swordfish Investments","https://www.eu-startups.com/investor/swordfish-investments/"
"Fasanara Capital","https://www.eu-startups.com/investor/fasanara-capital-2/"
"Fasanara Capital","https://www.eu-startups.com/investor/fasanara-capital/"
"IW Capital","https://www.eu-startups.com/investor/iw-capital/"
"University of Cambridge Enterprise","https://www.eu-startups.com/investor/university-of-cambridge-enterprise/"
"Longwall Venture","https://www.eu-startups.com/investor/longwall-venture/"
"dmg ventures","https://www.eu-startups.com/investor/dmg-ventures/"
"Sturgeon Capital","https://www.eu-startups.com/investor/sturgeon-capital/"
"Charlotte Street Capital","https://www.eu-startups.com/investor/charlotte-street-capital/"
"IQ Capital","https://www.eu-startups.com/investor/iq-capital/"
"The Untitled Venture Company","https://www.eu-startups.com/investor/the-untitled-venture-company/"
"Dawn Capital","https://www.eu-startups.com/investor/dawn-capital/"
"Old College Capital","https://www.eu-startups.com/investor/old-college-capital/"
"Molten Ventures","https://www.eu-startups.com/investor/molten-ventures/"
"VGC Partners","https://www.eu-startups.com/investor/vgc-partners/"
"Creative UK","https://www.eu-startups.com/investor/creative-uk/"
"Next Ventures","https://www.eu-startups.com/investor/next-ventures/"
"Bray Capital","https://www.eu-startups.com/investor/bray-capital/"
"Ufi Ventures","https://www.eu-startups.com/investor/ufi-ventures/"
"Atomico","https://www.eu-startups.com/investor/atomico/"
"Seraphim Space","https://www.eu-startups.com/investor/seraphim-space/"
"Nickleby Capital","https://www.eu-startups.com/investor/nickleby-capital/"
"NetScientific PLC","https://www.eu-startups.com/investor/netscientific-plc/"
"ESM Investment Ltd","https://www.eu-startups.com/investor/esm-investment-ltd/"
"Origin Capital","https://www.eu-startups.com/investor/origin-capital/"
"Pario Ventures","https://www.eu-startups.com/investor/pario-ventures/"
"Piton Capital","https://www.eu-startups.com/investor/piton-capital/"
"Samos Investments","https://www.eu-startups.com/investor/samos-investments/"
"Mercia Asset Management","https://www.eu-startups.com/investor/mercia-asset-management/"
"Oxygen House","https://www.eu-startups.com/investor/oxygen-house/"
"LVP","https://www.eu-startups.com/investor/lvp/"
"Start Capital","https://www.eu-startups.com/investor/start-capital/"
"The North West Fund","https://www.eu-startups.com/investor/the-north-west-fund/"
"NCL Technology Ventures","https://www.eu-startups.com/investor/ncl-technology-ventures/"
"Freston Ventures","https://www.eu-startups.com/investor/freston-ventures/"
"Anthemis","https://www.eu-startups.com/investor/anthemis/"
"Seneca Partners","https://www.eu-startups.com/investor/seneca-partners/"
"Redcliffe Capital","https://www.eu-startups.com/investor/redcliffe-capital/"
"Ballpark Ventures","https://www.eu-startups.com/investor/ballpark-ventures/"
"Percipient Capital","https://www.eu-startups.com/investor/percipient-capital/"
"Spire Ventures","https://www.eu-startups.com/investor/spire-ventures/"
"Craigie Capital","https://www.eu-startups.com/investor/craigie-capital/"
"Lough Shore Investments","https://www.eu-startups.com/investor/lough-shore-investments/"
"Social Tech Trust","https://www.eu-startups.com/investor/social-tech-trust/"
"Green Earth Ventures","https://www.eu-startups.com/investor/green-earth-ventures/"
"Bayes Entrepreneurship Fund","https://www.eu-startups.com/investor/bayes-entrepreneurship-fund/"
"Sapphire Capital Partners","https://www.eu-startups.com/investor/sapphire-capital-partners-2/"
"PROfounders Capital","https://www.eu-startups.com/investor/profounders-capital/"
"Quint Group","https://www.eu-startups.com/investor/quint-group/"
"Talis Capital","https://www.eu-startups.com/investor/talis-capital/"
"Frog Capital","https://www.eu-startups.com/investor/frog-capital/"
"Advent Life Sciences","https://www.eu-startups.com/investor/advent-life-sciences/"
"Par Equity","https://www.eu-startups.com/investor/par-equity/"
"Boundary Capital Partners LLP","https://www.eu-startups.com/investor/boundary-capital-partners-llp/"
"London Fashion Fund","https://www.eu-startups.com/investor/london-fashion-fund/"
"Downing Ventures","https://www.eu-startups.com/investor/downing-ventures/"
"Summit Group","https://www.eu-startups.com/investor/summit-group/"
"Top Technology Ventures","https://www.eu-startups.com/investor/top-technology-ventures/"
"NPIF – Mercia Equity Finance","https://www.eu-startups.com/investor/npif-mercia-equity-finance/"
"QUBIS Innovation Fund","https://www.eu-startups.com/investor/qubis-innovation-fund/"
"QUBIS","https://www.eu-startups.com/investor/qubis/"
"Foresight Group","https://www.eu-startups.com/investor/foresight-group/"
"Black Swan Equity Partners LLP","https://www.eu-startups.com/investor/black-swan-equity-partners-llp/"
"Sdcl Energy Efficiency Income Trust","https://www.eu-startups.com/investor/sdcl-energy-efficiency-income-trust/"
"AP Ventures","https://www.eu-startups.com/investor/ap-ventures/"
"Fidelity International Strategic Ventures","https://www.eu-startups.com/investor/fidelity-international-strategic-ventures/"
"Eterna Capital","https://www.eu-startups.com/investor/eterna-capital/"
"Eka Ventures","https://www.eu-startups.com/investor/eka-ventures/"
"Hearst’s Financial Venture Fund","https://www.eu-startups.com/investor/hearsts-financial-venture-fund/"
"Eight Roads Ventures","https://www.eu-startups.com/investor/eight-roads-ventures/"
"Metdist","https://www.eu-startups.com/investor/metdist/"
"Abingworth","https://www.eu-startups.com/investor/abingworth/"
"O2h Ventures","https://www.eu-startups.com/investor/o2h-ventures/"
"Chalfen Ventures","https://www.eu-startups.com/investor/chalfen-ventures/"
"Redrice Ventures","https://www.eu-startups.com/investor/redrice-ventures/"
"Noa Capital","https://www.eu-startups.com/investor/noa-capital/"
"Hash CIB","https://www.eu-startups.com/investor/hash-cib/"
"ETFS Capital","https://www.eu-startups.com/investor/etfs-capital/"
"Luminous Ventures","https://www.eu-startups.com/investor/luminous-ventures/"
"SIS Ventures","https://www.eu-startups.com/investor/sis-ventures/"
"Impact X Capital Partners","https://www.eu-startups.com/investor/impact-x-capital-partners/"
"Kathaka","https://www.eu-startups.com/investor/kathaka/"
"InReach Ventures","https://www.eu-startups.com/investor/inreach-ventures/"
"Rise, A Barclays Company","https://www.eu-startups.com/investor/rise-a-barclays-company-2/"
"Rise, A Barclays Company","https://www.eu-startups.com/investor/rise-a-barclays-company/"
"PactVC","https://www.eu-startups.com/investor/pactvc/"
"Kiko Ventures","https://www.eu-startups.com/investor/kiko-ventures/"
"Crane Venture Partners","https://www.eu-startups.com/investor/crane-venture-partners/"
"Coral Reef IO","https://www.eu-startups.com/investor/coral-reef-io/"
"Expand Venture","https://www.eu-startups.com/investor/expand-venture/"
"Oxford Science Enterprises","https://www.eu-startups.com/investor/oxford-science-enterprises/"
"Dementia Discovery Fund","https://www.eu-startups.com/investor/dementia-discovery-fund/"
"Growthdeck","https://www.eu-startups.com/investor/growthdeck/"
"Kindred Capital","https://www.eu-startups.com/investor/kindred-capital/"
"Greyhound Capital","https://www.eu-startups.com/investor/greyhound-capital/"
"Pi Labs","https://www.eu-startups.com/investor/pi-labs-2/"
"Aviva Ventures","https://www.eu-startups.com/investor/aviva-ventures/"
"Isomer Capital","https://www.eu-startups.com/investor/isomer-capital/"
"Aser Ventures","https://www.eu-startups.com/investor/aser-ventures/"
"Velocity Capital Advisors","https://www.eu-startups.com/investor/velocity-capital-advisors/"
"Transition","https://www.eu-startups.com/investor/transition/"
"CyLon Ventures","https://www.eu-startups.com/investor/cylon-ventures/"
"RYSE Asset Management","https://www.eu-startups.com/investor/ryse-asset-management/"
"01Ventures","https://www.eu-startups.com/investor/01ventures/"
"Venturian Funding & Investment Group","https://www.eu-startups.com/investor/venturian-funding-investment-group/"
"AIV Capital","https://www.eu-startups.com/investor/aiv-capital/"
"Break Off Capital","https://www.eu-startups.com/investor/break-off-capital/"
"QVentures","https://www.eu-startups.com/investor/qventures/"
"GALLOS Technologies","https://www.eu-startups.com/investor/gallos-technologies/"
"Future Matters Venture Capital","https://www.eu-startups.com/investor/future-matters-venture-capital/"
"Archangel Ventures","https://www.eu-startups.com/investor/archangel-ventures/"
"Yarrow Capital","https://www.eu-startups.com/investor/yarrow-capital/"
"NJF Capital","https://www.eu-startups.com/investor/njf-capital/"
"Blume Equity","https://www.eu-startups.com/investor/blume-equity/"
"Leela Capital","https://www.eu-startups.com/investor/leela-capital/"
"Carpathian Partners LLP","https://www.eu-startups.com/investor/carpathian-partners-llp/"
"Regenerate Ventures","https://www.eu-startups.com/investor/regenerate-ventures/"
"Raw Ventures","https://www.eu-startups.com/investor/raw-ventures/"
"Plural","https://www.eu-startups.com/investor/plural/"
"Tyson & Blake","https://www.eu-startups.com/investor/tyson-blake/"
"Axiom Equity","https://www.eu-startups.com/investor/axiom-equity/"
"4BIO Capital","https://www.eu-startups.com/investor/4bio-capital/"
"KM Capital","https://www.eu-startups.com/investor/km-capital/"
"Schenker Ventures","https://www.eu-startups.com/investor/schenker-ventures/"
"MOHARA","https://www.eu-startups.com/investor/mohara/"
"Monograph Capital","https://www.eu-startups.com/investor/monograph-capital/"
"Mosaic Ventures","https://www.eu-startups.com/investor/mosaic-ventures/"
"Volution","https://www.eu-startups.com/investor/volution/"
"Station12","https://www.eu-startups.com/investor/station12/"
"Calendula Ventures","https://www.eu-startups.com/investor/calendula-ventures/"
"Pledge Ventures","https://www.eu-startups.com/investor/pledge-ventures-2/"
"JI Ventures","https://www.eu-startups.com/investor/ji-ventures/"
"Eos","https://www.eu-startups.com/investor/eos/"
"Felix Capital","https://www.eu-startups.com/investor/felix-capital/"
"Urriellu Ventures","https://www.eu-startups.com/investor/urriellu-ventures/"
"7percent Ventures","https://www.eu-startups.com/investor/7percent-ventures/"
"Halkin Private Capital","https://www.eu-startups.com/investor/halkin-private-capital/"
"Anotherway Ventures","https://www.eu-startups.com/investor/anotherway-ventures/"
"Salica","https://www.eu-startups.com/investor/salica/"
"Mercia Ventures","https://www.eu-startups.com/investor/mercia-ventures-2/"
"Mercia Ventures","https://www.eu-startups.com/investor/mercia-ventures/"
"Twin Path Ventures","https://www.eu-startups.com/investor/twin-path-ventures/"
"Dan Ventures","https://www.eu-startups.com/investor/dan-ventures/"
"Climate Investment","https://www.eu-startups.com/investor/climate-investment/"
"UFP Fintech","https://www.eu-startups.com/investor/ufp-fintech/"
"Illuminate Financial","https://www.eu-startups.com/investor/illuminate-financial/"
"G1 Ventures","https://www.eu-startups.com/investor/g1-ventures/"
"Spaceship","https://www.eu-startups.com/investor/spaceship/"
"Techstart Ventures","https://www.eu-startups.com/investor/techstart-ventures/"
"Portfolio Ventures","https://www.eu-startups.com/investor/portfolio-ventures/"
"NEON Adventures","https://www.eu-startups.com/investor/neon-adventures/"
"Worth Capital","https://www.eu-startups.com/investor/worth-capital/"
"Technology Venture Partners","https://www.eu-startups.com/investor/technology-venture-partners/"
"Yuvidigital Worldwide","https://www.eu-startups.com/investor/yuvidigital-worldwide/"
"Smart Anchor Ventures","https://www.eu-startups.com/investor/smart-anchor-ventures/"
"Osney Capital","https://www.eu-startups.com/investor/osney-capital/"
"Forward Momentum","https://www.eu-startups.com/investor/forward-momentum/"
"MENA Technology Fund","https://www.eu-startups.com/investor/mena-technology-fund/"
"JLR Star","https://www.eu-startups.com/investor/jlr-star/"
"Tokenova","https://www.eu-startups.com/investor/tokenova/"
"Female Innovators Lab Fund","https://www.eu-startups.com/investor/female-innovators-lab-fund/"
"Alves Ventures","https://www.eu-startups.com/investor/alves-ventures/"
"Tokonomy","https://www.eu-startups.com/investor/tokonomy/"
"LQD VC","https://www.eu-startups.com/investor/lqd-vc/"
"Archipelago Eco Investors","https://www.eu-startups.com/investor/archipelago-eco-investors/"
"Untitled ventures","https://www.eu-startups.com/investor/untitled-ventures/"
"Newland Syndicate","https://www.eu-startups.com/investor/newland-syndicate/"
"Greenwood Way Capital","https://www.eu-startups.com/investor/greenwood-way-capital/"
"Fortitude Capital","https://www.eu-startups.com/investor/fortitude-capital/"
"Cult.DAO","https://www.eu-startups.com/investor/cult-dao/"
"Potter Ventures","https://www.eu-startups.com/investor/potter-ventures/"
"Earth","https://www.eu-startups.com/investor/earth/"
"Pnyx Ventures","https://www.eu-startups.com/investor/pnyx-ventures/"
"Hoxton Ventures","https://www.eu-startups.com/investor/hoxton-ventures/"
"Symvan Capital","https://www.eu-startups.com/investor/symvan-capital/"
"Blue Wire Capital","https://www.eu-startups.com/investor/blue-wire-capital/"
"Concentric","https://www.eu-startups.com/investor/concentric/"
"Force Over Mass Capital","https://www.eu-startups.com/investor/force-over-mass-capital/"
"Cambridge Innovation Capital","https://www.eu-startups.com/investor/cambridge-innovation-capital/"
"Geometry","https://www.eu-startups.com/investor/geometry-2/"
"True.","https://www.eu-startups.com/investor/true-2/"
"Brightbridge Ventures","https://www.eu-startups.com/investor/brightbridge-ventures/"
"Bloc Ventures","https://www.eu-startups.com/investor/bloc-ventures/"
"GSR","https://www.eu-startups.com/investor/gsr/"
"Playfair Capital","https://www.eu-startups.com/investor/playfair-capital/"
"Octopus Energy generation","https://www.eu-startups.com/investor/octopus-energy-generation/"
"Transition Global","https://www.eu-startups.com/investor/transition-global/"
"Deus x","https://www.eu-startups.com/investor/deus-x/"
"Futurecraft Ventures","https://www.eu-startups.com/investor/futurecraft-ventures/"
"Mocha Ventures","https://www.eu-startups.com/investor/mocha-ventures/"
"Ignite Innovation Fund","https://www.eu-startups.com/investor/ignite-innovation-fund/"
"Aken Capital","https://www.eu-startups.com/investor/aken-capital/"
"Kestrel 0x1","https://www.eu-startups.com/investor/kestrel-0x1/"
"Atlas Ventures","https://www.eu-startups.com/investor/atlas-ventures/"
"Game Tech Ventures","https://www.eu-startups.com/investor/game-tech-ventures/"
"GD10 Ventures","https://www.eu-startups.com/investor/gd10-ventures/"
"Moscar Capital","https://www.eu-startups.com/investor/moscar-capital/"
"Marchmont Ventures","https://www.eu-startups.com/investor/marchmont-ventures/"
"Vang Capital","https://www.eu-startups.com/investor/vang-capital/"
"Assembly Capital Partners","https://www.eu-startups.com/investor/assembly-capital-partners/"
"Conviction VC","https://www.eu-startups.com/investor/conviction-vc/"
"Node Kapital","https://www.eu-startups.com/investor/node-kapital/"
"Augmentum Fintech","https://www.eu-startups.com/investor/augmentum-fintech/"
"Tiny VC","https://www.eu-startups.com/investor/tiny-vc/"
"Sure Ventures","https://www.eu-startups.com/investor/sure-ventures/"
"Manta Ray Ventures","https://www.eu-startups.com/investor/manta-ray-ventures/"
"Jets Capital","https://www.eu-startups.com/investor/jets-capital/"
"Unbound","https://www.eu-startups.com/investor/unbound/"
"Outward VC","https://www.eu-startups.com/investor/outward-vc/"
"Alicorn Venture Partners","https://www.eu-startups.com/investor/alicorn-venture-partners/"
"Xploration Capital","https://www.eu-startups.com/investor/xploration-capital/"
"AI Seed","https://www.eu-startups.com/investor/ai-seed/"
"Semantic Ventures","https://www.eu-startups.com/investor/semantic-ventures/"
"Mercuri","https://www.eu-startups.com/investor/mercuri/"
"Conviction Capital","https://www.eu-startups.com/investor/conviction-capital/"
"Firstminute Capital","https://www.eu-startups.com/investor/firstminute-capital/"
"Kero Development Partners","https://www.eu-startups.com/investor/kero-development-partners/"
"Britbots","https://www.eu-startups.com/investor/britbots/"
"Scheme Investments","https://www.eu-startups.com/investor/scheme-investments/"
"Basinghall Partners","https://www.eu-startups.com/investor/basinghall-partners/"
"Concrete Venture Capital","https://www.eu-startups.com/investor/concrete-venture-capital/"
"Integral Venture Partners","https://www.eu-startups.com/investor/integral-venture-partners/"
"Eos Venture Partners","https://www.eu-startups.com/investor/eos-venture-partners/"
"Prefcap","https://www.eu-startups.com/investor/prefcap/"
"First Imagine! Ventures","https://www.eu-startups.com/investor/first-imagine-ventures/"
"SYSTEMIQ","https://www.eu-startups.com/investor/systemiq/"
"A/O","https://www.eu-startups.com/investor/a-o/"
"Medicxi","https://www.eu-startups.com/investor/medicxi/"
"Future Planet Capital","https://www.eu-startups.com/investor/future-planet-capital/"
"Insurtech Gateway","https://www.eu-startups.com/investor/insurtech-gateway-2/"
"Planet N Group of Companies","https://www.eu-startups.com/investor/planet-n-group-of-companies/"
"Deep Science Ventures","https://www.eu-startups.com/investor/deep-science-ventures-2/"
"Vala Capital","https://www.eu-startups.com/investor/vala-capital/"
"Supernode Global","https://www.eu-startups.com/investor/supernode-global/"
"Sure Valley Ventures","https://www.eu-startups.com/investor/sure-valley-ventures/"
"British Design Fund","https://www.eu-startups.com/investor/british-design-fund/"
"Cascade Ventures","https://www.eu-startups.com/investor/cascade-ventures/"
"Outrun Ventures","https://www.eu-startups.com/investor/outrun-ventures/"
"Edition Capital","https://www.eu-startups.com/investor/edition-capital/"
"Pollination","https://www.eu-startups.com/investor/pollination/"
"Good Soil VC","https://www.eu-startups.com/investor/good-soil-vc/"
"Kinetic Investments","https://www.eu-startups.com/investor/kinetic-investments-2/"
"Nendo Labs","https://www.eu-startups.com/investor/nendo-labs/"
"TempoCap","https://www.eu-startups.com/investor/tempocap/"
"The First Thirty","https://www.eu-startups.com/investor/the-first-thirty/"
"Brookstreet Equity Partners","https://www.eu-startups.com/investor/brookstreet-equity-partners/"
"Rapyd Ventures","https://www.eu-startups.com/investor/rapyd-ventures/"
"Greentrail Capital","https://www.eu-startups.com/investor/greentrail-capital/"
"Bridford Group","https://www.eu-startups.com/investor/bridford-group/"
"The SidebySide Partnership","https://www.eu-startups.com/investor/the-sidebyside-partnership/"
"Juven","https://www.eu-startups.com/investor/juven/"
"AA Sons","https://www.eu-startups.com/investor/aa-sons/"
"Solid Bond Capital","https://www.eu-startups.com/investor/solid-bond-capital/"
"Red Carpet Capital","https://www.eu-startups.com/investor/red-carpet-capital/"
"Grosvenor Hill Ventures","https://www.eu-startups.com/investor/grosvenor-hill-ventures/"
"GM&C Life Sciences Fund","https://www.eu-startups.com/investor/gmc-life-sciences-fund/"
"DIP Capital","https://www.eu-startups.com/investor/dip-capital/"
"Systemiq capital","https://www.eu-startups.com/investor/systemiq-capital/"
"Spark Ventures","https://www.eu-startups.com/investor/spark-ventures/"
"Estari Group","https://www.eu-startups.com/investor/estari-group/"
"Stride.VC","https://www.eu-startups.com/investor/stride-vc/"
"Mbuyu Capital Partners","https://www.eu-startups.com/investor/mbuyu-capital-partners/"
"Fabric Ventures","https://www.eu-startups.com/investor/fabric-ventures/"
"Addition Capital","https://www.eu-startups.com/investor/addition-capital/"
"Nosara Capital","https://www.eu-startups.com/investor/nosara-capital/"
"Oxx","https://www.eu-startups.com/investor/oxx/"
"Magnify Ventures","https://www.eu-startups.com/investor/magnify-ventures/"
"Latitude Investment Management","https://www.eu-startups.com/investor/latitude-investment-management/"
"Revenio Capital","https://www.eu-startups.com/investor/revenio-capital/"
"Alanda Capital Management","https://www.eu-startups.com/investor/alanda-capital-management/"
"AllBright","https://www.eu-startups.com/investor/allbright/"
"Manchester Venture Partners","https://www.eu-startups.com/investor/manchester-venture-partners/"
"Vaultier7","https://www.eu-startups.com/investor/vaultier7/"
"Earlymarket","https://www.eu-startups.com/investor/earlymarket-2/"
"Earlymarket","https://www.eu-startups.com/investor/earlymarket/"
"Candy Capital","https://www.eu-startups.com/investor/candy-capital/"
"Scale-up Group","https://www.eu-startups.com/investor/scale-up-group/"
"Arie Capital","https://www.eu-startups.com/investor/arie-capital/"
"Oxbridge Capital Investments","https://www.eu-startups.com/investor/oxbridge-capital-investments/"
"Two Magnolias","https://www.eu-startups.com/investor/two-magnolias/"
"E2E Capital Ventures","https://www.eu-startups.com/investor/e2e-capital-ventures/"
"Bird Capital","https://www.eu-startups.com/investor/bird-capital/"
"TwinklHive","https://www.eu-startups.com/investor/twinklhive-2/"
"Omakase Investment Club","https://www.eu-startups.com/investor/omakase-investment-club/"
"Flyer One Ventures","https://www.eu-startups.com/investor/flyer-one-ventures/"
"Start Codon","https://www.eu-startups.com/investor/start-codon/"
"TrueSight Ventures","https://www.eu-startups.com/investor/truesight-ventures/"
"Nova Growth Capital","https://www.eu-startups.com/investor/nova-growth-capital/"
"And Rising","https://www.eu-startups.com/investor/and-rising/"
"The Conduit Connect","https://www.eu-startups.com/investor/the-conduit-connect/"
"Blackfinch Ventures","https://www.eu-startups.com/investor/blackfinch-ventures/"
"Grafton Capital","https://www.eu-startups.com/investor/grafton-capital/"
"The Craftory","https://www.eu-startups.com/investor/the-craftory/"
"Mike Chalfen","https://www.eu-startups.com/investor/mike-chalfen/"
"Ombu Group","https://www.eu-startups.com/investor/ombu-group-2/"
"DSW Ventures","https://www.eu-startups.com/investor/dsw-ventures/"
"ESKEYN Ventures","https://www.eu-startups.com/investor/eskeyn-ventures-2/"
"Fortunis Capital","https://www.eu-startups.com/investor/fortunis-capital-2/"
"Blossom Capital","https://www.eu-startups.com/investor/blossom-capital/"
"EBRD Venture Capital","https://www.eu-startups.com/investor/ebrd-venture-capital/"
"SuperSeed Ventures","https://www.eu-startups.com/investor/superseed-ventures/"
"Concept Ventures","https://www.eu-startups.com/investor/concept-ventures/"
"The Garage Soho","https://www.eu-startups.com/investor/the-garage-soho/"
"Angular Ventures","https://www.eu-startups.com/investor/angular-ventures/"
"Ada Ventures","https://www.eu-startups.com/investor/ada-ventures/"
"Dig Ventures","https://www.eu-startups.com/investor/dig-ventures/"
"Phenomen","https://www.eu-startups.com/investor/phenomen/"
"Naya Capital","https://www.eu-startups.com/investor/naya-capital/"
"Energy Growth Momentum","https://www.eu-startups.com/investor/energy-growth-momentum/"
"Seismic Ventures","https://www.eu-startups.com/investor/seismic-ventures-2/"
"Athene Capital","https://www.eu-startups.com/investor/athene-capital/"
"Iconical","https://www.eu-startups.com/investor/iconical/"
"Verb Ventures","https://www.eu-startups.com/investor/verb-ventures/"
"Vela Technologies","https://www.eu-startups.com/investor/vela-technologies/"
"Timechain","https://www.eu-startups.com/investor/timechain/"
"Tidal Wave","https://www.eu-startups.com/investor/tidal-wave/"
"The Capital Partnership","https://www.eu-startups.com/investor/the-capital-partnership/"
"Sussex Place Ventures","https://www.eu-startups.com/investor/sussex-place-ventures/"
"Sixth Wave Ventures","https://www.eu-startups.com/investor/sixth-wave-ventures/"
"Schroders Capital","https://www.eu-startups.com/investor/schroders-capital/"
"Saffron Hill Ventures","https://www.eu-startups.com/investor/saffron-hill-ventures/"
"Rosetta Capital","https://www.eu-startups.com/investor/rosetta-capital/"
"R-930 Capital","https://www.eu-startups.com/investor/r-930-capital/"
"ProVen VCT","https://www.eu-startups.com/investor/proven-vct/"
"Pente Capital","https://www.eu-startups.com/investor/pente-capital/"
"Pelican","https://www.eu-startups.com/investor/pelican/"
"Oxford University Innovation","https://www.eu-startups.com/investor/oxford-university-innovation/"
"Oxford Technology Management","https://www.eu-startups.com/investor/oxford-technology-management/"
"ODBA","https://www.eu-startups.com/investor/odba/"
"No Label Ventures","https://www.eu-startups.com/investor/no-label-ventures/"
"MH Ventures","https://www.eu-startups.com/investor/mh-ventures/"
"MD ONE Ventures","https://www.eu-startups.com/investor/md-one-ventures/"
"Material Ventures","https://www.eu-startups.com/investor/material-ventures/"
"LifeArc","https://www.eu-startups.com/investor/lifearc/"
"Leafy Tunnel","https://www.eu-startups.com/investor/leafy-tunnel/"
"Howden Ventures","https://www.eu-startups.com/investor/howden-ventures-2/"
"Herald Ventures","https://www.eu-startups.com/investor/herald-ventures/"
"Golden Record Ventures","https://www.eu-startups.com/investor/golden-record-ventures/"
"Generative Ventures","https://www.eu-startups.com/investor/generative-ventures/"
"Exceptional Ventures","https://www.eu-startups.com/investor/exceptional-ventures/"
"Evolvient Capital","https://www.eu-startups.com/investor/evolvient-capital/"
"Eurovestech","https://www.eu-startups.com/investor/eurovestech/"
"European Equity Partners","https://www.eu-startups.com/investor/european-equity-partners/"
"ETCapital","https://www.eu-startups.com/investor/etcapital/"
"Emso Asset Management","https://www.eu-startups.com/investor/emso-asset-management/"
"Elderstreet Investments","https://www.eu-startups.com/investor/elderstreet-investments/"
"NetZero Capital","https://www.eu-startups.com/investor/netzero-capital/"
"Turquoise International","https://www.eu-startups.com/investor/turquoise-international/"
"West Hill Capital","https://www.eu-startups.com/investor/west-hill-capital/"
"Plural Platform","https://www.eu-startups.com/investor/plural-platform/"
"Ponderosa Ventures","https://www.eu-startups.com/investor/ponderosa-ventures/"
"Tagus Capital","https://www.eu-startups.com/investor/tagus-capital/"
"Rockley Group","https://www.eu-startups.com/investor/rockley-group/"
"Zinal Growth","https://www.eu-startups.com/investor/zinal-growth/"
"Sustainable Future Ventures","https://www.eu-startups.com/investor/sustainable-future-ventures/"
"Selvedge Venture","https://www.eu-startups.com/investor/selvedge-venture/"
"Elbow Beach Capital","https://www.eu-startups.com/investor/elbow-beach-capital/"
"FirstPartyCapital","https://www.eu-startups.com/investor/firstpartycapital/"
"Silicon Roundabout Ventures","https://www.eu-startups.com/investor/silicon-roundabout-ventures/"
"QantX","https://www.eu-startups.com/investor/qantx/"
"Rubix Ventures","https://www.eu-startups.com/investor/rubix-ventures/"
"Polymath Digital","https://www.eu-startups.com/investor/polymath-digital-2/"
"TSP Ventures","https://www.eu-startups.com/investor/tsp-ventures/"
"NoBa Capital","https://www.eu-startups.com/investor/noba-capital/"
"FirstMonday VC","https://www.eu-startups.com/investor/firstmonday-vc/"
"Bright Minds Capital Partners","https://www.eu-startups.com/investor/bright-minds-capital-partners/"
"D2 Fund","https://www.eu-startups.com/investor/d2-fund/"
"Crypto House Capital","https://www.eu-startups.com/investor/crypto-house-capital/"
"Crescent Capital","https://www.eu-startups.com/investor/crescent-capital/"
"Cornerstone VC","https://www.eu-startups.com/investor/cornerstone-vc/"
"Committed Capital","https://www.eu-startups.com/investor/committed-capital/"
"Catalyst Venture Partners","https://www.eu-startups.com/investor/catalyst-venture-partners/"
"Boost Capital Partners","https://www.eu-startups.com/investor/boost-capital-partners/"
"Blissgrowth","https://www.eu-startups.com/investor/blissgrowth/"
"Black Lion Ventures","https://www.eu-startups.com/investor/black-lion-ventures/"
"Big Ideas Group","https://www.eu-startups.com/investor/big-ideas-group/"
"Beltrae Partners","https://www.eu-startups.com/investor/beltrae-partners/"
"Beacon Capital","https://www.eu-startups.com/investor/beacon-capital/"
"Baronsmead Venture Trusts","https://www.eu-startups.com/investor/baronsmead-venture-trusts/"
"Aureli Ventures","https://www.eu-startups.com/investor/aureli-ventures/"
"Aston Ventures","https://www.eu-startups.com/investor/aston-ventures/"
"Alfin Ventures","https://www.eu-startups.com/investor/alfin-ventures/"
"3SV Collective","https://www.eu-startups.com/investor/3sv-collective/"
"316VC","https://www.eu-startups.com/investor/316vc/"
"300 DAO","https://www.eu-startups.com/investor/300-dao-2/"
"2xN","https://www.eu-startups.com/investor/2xn/"
"TRICAPITAL","https://www.eu-startups.com/investor/tricapital-2/"
"Fearless Adventures","https://www.eu-startups.com/investor/fearless-adventures/"
"Quantum Exponential","https://www.eu-startups.com/investor/quantum-exponential/"
"ARKN Ventures","https://www.eu-startups.com/investor/arkn-ventures/"
"T0 Ventures","https://www.eu-startups.com/investor/t0-ventures/"
"Spex Capital","https://www.eu-startups.com/investor/spex-capital/"
"4SV","https://www.eu-startups.com/investor/4sv/"
"Amrock Ventures","https://www.eu-startups.com/investor/amrock-ventures/"
"Empirical Ventures","https://www.eu-startups.com/investor/empirical-ventures/"
"VN2 Capital","https://www.eu-startups.com/investor/vn2-capital/"
"Waterspring Ventures","https://www.eu-startups.com/investor/waterspring-ventures/"
"NV Ventures","https://www.eu-startups.com/investor/nv-ventures/"
"Cambridge Future Tech","https://www.eu-startups.com/investor/cambridge-future-tech/"
"Mouro Capital","https://www.eu-startups.com/investor/mouro-capital/"
"SCVC","https://www.eu-startups.com/investor/scvc/"
"Love Ventures","https://www.eu-startups.com/investor/love-ventures/"
"Highgoal Capital","https://www.eu-startups.com/investor/highgoal-capital/"
"Neo Kuma Ventures","https://www.eu-startups.com/investor/neo-kuma-ventures/"
"EdenBase","https://www.eu-startups.com/investor/edenbase/"
"Meridian Capital","https://www.eu-startups.com/investor/meridian-capital/"
"One Planet Capital","https://www.eu-startups.com/investor/one-planet-capital/"
"SBX Capital","https://www.eu-startups.com/investor/sbx-capital/"
"Giant Ventures","https://www.eu-startups.com/investor/giant-ventures/"
"Tern","https://www.eu-startups.com/investor/tern/"
"Clean Growth Fund","https://www.eu-startups.com/investor/clean-growth-fund/"
"Hargreave Hale Aim VCT","https://www.eu-startups.com/investor/hargreave-hale-aim-vct/"
"Bestport Ventures","https://www.eu-startups.com/investor/bestport-ventures/"
"Btomorrow Ventures","https://www.eu-startups.com/investor/btomorrow-ventures-3/"
"Ironbridge Capital Partners","https://www.eu-startups.com/investor/ironbridge-capital-partners/"
"Synthesis Capital","https://www.eu-startups.com/investor/synthesis-capital/"
"Fuse Venture Partners","https://www.eu-startups.com/investor/fuse-venture-partners/"
"Counteract","https://www.eu-startups.com/investor/counteract/"
"Fraser","https://www.eu-startups.com/investor/fraser/"
"Encore Capital","https://www.eu-startups.com/investor/encore-capital/"
"Athletico Ventures","https://www.eu-startups.com/investor/athletico-ventures/"
"Seedcamp","https://www.eu-startups.com/investor/seedcamp-2/"
"Northern Gritstone","https://www.eu-startups.com/investor/northern-gritstone/"
"CM Ventures","https://www.eu-startups.com/investor/cm-ventures/"
"Hermesa","https://www.eu-startups.com/investor/hermesa-2/"
"Simple.capital","https://www.eu-startups.com/investor/simple-capital/"
"Magenta Partners","https://www.eu-startups.com/investor/magenta-partners/"
"Earth Capital","https://www.eu-startups.com/investor/earth-capital/"
"D4 Ventures","https://www.eu-startups.com/investor/d4-ventures/"
"Veg Capital","https://www.eu-startups.com/investor/veg-capital/"
"Hill Capital Partners","https://www.eu-startups.com/investor/hill-capital-partners/"
"Access VC","https://www.eu-startups.com/investor/access-vc/"
"Harwell Capital","https://www.eu-startups.com/investor/harwell-capital/"
"VOYAGERS Health-Tech Fund","https://www.eu-startups.com/investor/voyagers-health-tech-fund/"
"Ombu Group","https://www.eu-startups.com/investor/ombu-group/"
"EquiTie","https://www.eu-startups.com/investor/equitie/"
"Arete Capital Partners","https://www.eu-startups.com/investor/arete-capital-partners/"
"Feel Venture","https://www.eu-startups.com/investor/feel-venture/"
"ESKEYN Ventures","https://www.eu-startups.com/investor/eskeyn-ventures/"
"Cur8 Capital","https://www.eu-startups.com/investor/cur8-capital/"
"Fourteen17","https://www.eu-startups.com/investor/fourteen17/"
"Slack Venture Capital","https://www.eu-startups.com/investor/slack-venture-capital/"
"EHE Capital","https://www.eu-startups.com/investor/ehe-capital/"
"Puma Investments","https://www.eu-startups.com/investor/puma-investments/"
"Vektor Partners","https://www.eu-startups.com/investor/vektor-partners/"
"Westerly Winds","https://www.eu-startups.com/investor/westerly-winds/"
"First Look Capital","https://www.eu-startups.com/investor/first-look-capital/"
"Walking Ventures","https://www.eu-startups.com/investor/walking-ventures/"
"Begin Capital","https://www.eu-startups.com/investor/begin-capital/"
"Inference Partners","https://www.eu-startups.com/investor/inference-partners/"
"Creator Fund","https://www.eu-startups.com/investor/creator-fund/"
"Form Ventures","https://www.eu-startups.com/investor/form-ventures/"
"13books Capital","https://www.eu-startups.com/investor/13books-capital/"
"Deeptech Labs","https://www.eu-startups.com/investor/deeptech-labs-2/"
"Zero Carbon Capital","https://www.eu-startups.com/investor/zero-carbon-capital/"
"Waveline Ventures","https://www.eu-startups.com/investor/waveline-ventures/"
"Moonfire Ventures","https://www.eu-startups.com/investor/moonfire-ventures/"
"Air Street Capital","https://www.eu-startups.com/investor/air-street-capital/"
"NordicNinja VC","https://www.eu-startups.com/investor/nordicninja-vc/"
"Seek Ventures","https://www.eu-startups.com/investor/seek-ventures/"
"Systema nova","https://www.eu-startups.com/investor/systema-nova/"
"Volta Circle","https://www.eu-startups.com/investor/volta-circle/"
"Pretiosum Ventures","https://www.eu-startups.com/investor/pretiosum-ventures/"
"Blue Lake","https://www.eu-startups.com/investor/blue-lake-2/"
"Semantic Capital","https://www.eu-startups.com/investor/semantic-capital-2/"
"Voyagers","https://www.eu-startups.com/investor/voyagers/"
"Micota Capital","https://www.eu-startups.com/investor/micota-capital/"
"Paper Ventures","https://www.eu-startups.com/investor/paper-ventures/"
"Scalebridge Capital","https://www.eu-startups.com/investor/scalebridge-capital/"
"Stone Ventures","https://www.eu-startups.com/investor/stone-ventures/"
"Launchbay Capital","https://www.eu-startups.com/investor/launchbay-capital/"
"Quadri Ventures","https://www.eu-startups.com/investor/quadri-ventures/"
"Intuitive Investments Group","https://www.eu-startups.com/investor/intuitive-investments-group/"
"C16 Ventures","https://www.eu-startups.com/investor/c16-ventures/"
"Angaza Capital","https://www.eu-startups.com/investor/angaza-capital/"
"Braavos Investment Advisers","https://www.eu-startups.com/investor/braavos-investment-advisers/"
"2100 Ventures","https://www.eu-startups.com/investor/2100-ventures/"
"IAG Silverstripe","https://www.eu-startups.com/investor/iag-silverstripe-3/"
"IAG Silverstripe","https://www.eu-startups.com/investor/iag-silverstripe-2/"
"Lingotto","https://www.eu-startups.com/investor/lingotto/"
"QuantumLight","https://www.eu-startups.com/investor/quantumlight/"
"The ERA Foundation","https://www.eu-startups.com/investor/the-era-foundation/"
"Wellcome Trust","https://www.eu-startups.com/investor/wellcome-trust/"
"Chroma Ventures","https://www.eu-startups.com/investor/chroma-ventures/"
"UKTV Ventures","https://www.eu-startups.com/investor/uktv-ventures/"
"AccuraCast","https://www.eu-startups.com/investor/accuracast/"
"Sequoia Economic Infrastructure Income Fund","https://www.eu-startups.com/investor/sequoia-economic-infrastructure-income-fund/"
"Centrica Innovations","https://www.eu-startups.com/investor/centrica-innovations/"
"Hackquarters","https://www.eu-startups.com/investor/hackquarters/"
"Hays Technology Ventures","https://www.eu-startups.com/investor/hays-technology-ventures/"
"Unilever Ventures","https://www.eu-startups.com/investor/unilever-ventures/"
"Barclays","https://www.eu-startups.com/investor/barclays/"
"East Innovate","https://www.eu-startups.com/investor/east-innovate/"
"Kinston Capital","https://www.eu-startups.com/investor/kinston-capital/"
"Softline Venture Partners","https://www.eu-startups.com/investor/softline-venture-partners/"
"Nexo Ventures","https://www.eu-startups.com/investor/nexo-ventures/"
"Hikma Ventures","https://www.eu-startups.com/investor/hikma-ventures/"
"Semantic Capital","https://www.eu-startups.com/investor/semantic-capital/"
"HSBC Ventures","https://www.eu-startups.com/investor/hsbc-ventures/"
"ITV AdVentures","https://www.eu-startups.com/investor/itv-adventures/"
"Pledge Ventures","https://www.eu-startups.com/investor/pledge-ventures/"
"IAG Silverstripe","https://www.eu-startups.com/investor/iag-silverstripe/"
"West Coast Capital","https://www.eu-startups.com/investor/west-coast-capital/"
"Inc & Co Group","https://www.eu-startups.com/investor/inc-co-group/"
"Mirabaud Securities LLP","https://www.eu-startups.com/investor/mirabaud-securities-llp/"
"Madness Ventures","https://www.eu-startups.com/investor/madness-ventures/"
"Aerospace Technology Institute","https://www.eu-startups.com/investor/aerospace-technology-institute/"
"De Beers Group Ventures","https://www.eu-startups.com/investor/de-beers-group-ventures/"
"Airstream Ventures","https://www.eu-startups.com/investor/airstream-ventures/"
"CPI Enterprises","https://www.eu-startups.com/investor/cpi-enterprises/"
"NBS Ventures","https://www.eu-startups.com/investor/nbs-ventures/"
"Argento Partners","https://www.eu-startups.com/investor/argento-partners/"
"CCEP Ventures","https://www.eu-startups.com/investor/ccep-ventures/"
"Rigby Group plc","https://www.eu-startups.com/investor/rigby-group-plc/"
"NHS Innovation Accelerator","https://www.eu-startups.com/investor/nhs-innovation-accelerator-2/"
"Big Issue Invest","https://www.eu-startups.com/investor/big-issue-invest/"
"Edenred Capital Partners","https://www.eu-startups.com/investor/edenred-capital-partners/"
"British Business Bank","https://www.eu-startups.com/investor/british-business-bank/"
"Man Capital","https://www.eu-startups.com/investor/man-capital/"
"Skymind Global","https://www.eu-startups.com/investor/skymind-global/"
"REV","https://www.eu-startups.com/investor/rev/"
"Nesta Ventures","https://www.eu-startups.com/investor/nesta-ventures/"
"Tally Money","https://www.eu-startups.com/investor/tally-money/"
"WPP Ventures","https://www.eu-startups.com/investor/wpp-ventures/"
"Future Fifty","https://www.eu-startups.com/investor/future-fifty/"
"ATPI","https://www.eu-startups.com/investor/atpi/"
"Breed Reply","https://www.eu-startups.com/investor/breed-reply-2/"
"Aerospace Xelerated","https://www.eu-startups.com/investor/aerospace-xelerated-2/"
"Endeavour Ventures","https://www.eu-startups.com/investor/endeavour-ventures/"
"Winton Ventures","https://www.eu-startups.com/investor/winton-ventures/"
"Channel 4 Ventures","https://www.eu-startups.com/investor/channel-4-ventures/"
"ELRO VISION","https://www.eu-startups.com/investor/elro-vision/"
"Btomorrow Ventures","https://www.eu-startups.com/investor/btomorrow-ventures-2/"
"Seismic Ventures","https://www.eu-startups.com/investor/seismic-ventures/"
"Wayra UK","https://www.eu-startups.com/investor/wayra-uk-2/"
"InMotion Ventures","https://www.eu-startups.com/investor/inmotion-ventures/"
"Bupa eco-Disruptive challenge.","https://www.eu-startups.com/investor/bupa-eco-disruptive-challenge/"
"ITV AdVentures Invest","https://www.eu-startups.com/investor/itv-adventures-invest/"
"Smart Citizenship","https://www.eu-startups.com/investor/smart-citizenship/"
"BMJ New Ventures","https://www.eu-startups.com/investor/bmj-new-ventures/"
"Liberty Global","https://www.eu-startups.com/investor/liberty-global/"
"Techmodal Ventures","https://www.eu-startups.com/investor/techmodal-ventures/"
"Phoenix GBA Ventures","https://www.eu-startups.com/investor/phoenix-gba-ventures-2/"
"PescaLabs","https://www.eu-startups.com/investor/pescalabs/"
"South Street Securities Holdings Inc","https://www.eu-startups.com/investor/south-street-securities-holdings-inc/"
"MBT Ventures","https://www.eu-startups.com/investor/mbt-ventures/"
"Pioneer Group","https://www.eu-startups.com/investor/pioneer-group/"
"Ricoh Ignite","https://www.eu-startups.com/investor/ricoh-ignite/"
"Pi Labs","https://www.eu-startups.com/investor/pi-labs/"
"Pfizer Healthcare Hub: London","https://www.eu-startups.com/investor/pfizer-healthcare-hub-london/"
"Phoenix GBA Ventures","https://www.eu-startups.com/investor/phoenix-gba-ventures/"
"Oxford Accelerator","https://www.eu-startups.com/investor/oxford-accelerator/"
"Oxford Innovation","https://www.eu-startups.com/investor/oxford-innovation/"
"Startup Campus","https://www.eu-startups.com/investor/startup-campus/"
"Oxygen Accelerator","https://www.eu-startups.com/investor/oxygen-accelerator/"
"Startup Giants","https://www.eu-startups.com/investor/startup-giants/"
"Startupbootcamp FinTech London","https://www.eu-startups.com/investor/startupbootcamp-fintech-london/"
"Outlier Ventures","https://www.eu-startups.com/investor/outlier-ventures/"
"Startupbootcamp","https://www.eu-startups.com/investor/startupbootcamp/"
"Outlier Ventures | Base Camp 3","https://www.eu-startups.com/investor/outlier-ventures-base-camp-3/"
"Startupbootcamp Mobile","https://www.eu-startups.com/investor/startupbootcamp-mobile/"
"Startupbootcamp IoT London","https://www.eu-startups.com/investor/startupbootcamp-iot-london/"
"Startupbootcamp IoT & Data Tech","https://www.eu-startups.com/investor/startupbootcamp-iot-data-tech/"
"Startupbootcamp InsurTech London","https://www.eu-startups.com/investor/startupbootcamp-insurtech-london/"
"SPRINT","https://www.eu-startups.com/investor/sprint/"
"Target Global","https://www.eu-startups.com/investor/target-global/"
"Spin Ventures","https://www.eu-startups.com/investor/spin-ventures/"
"Spacebit","https://www.eu-startups.com/investor/spacebit/"
"Startupbootcamp Scale San Francisco","https://www.eu-startups.com/investor/startupbootcamp-scale-san-francisco/"
"ODI Startup Accelerator","https://www.eu-startups.com/investor/odi-startup-accelerator/"
"Nuwave Ventures","https://www.eu-startups.com/investor/nuwave-ventures/"
"North of Tyne Combined Authority","https://www.eu-startups.com/investor/north-of-tyne-combined-authority/"
"NTT DATA UK – Bento Box","https://www.eu-startups.com/investor/ntt-data-uk-bento-box/"
"StateZero","https://www.eu-startups.com/investor/statezero/"
"RGU Startup Accelerator","https://www.eu-startups.com/investor/rgu-startup-accelerator/"
"Shake climate","https://www.eu-startups.com/investor/shake-climate/"
"SETsquared","https://www.eu-startups.com/investor/setsquared/"
"NHS Innovation Accelerator","https://www.eu-startups.com/investor/nhs-innovation-accelerator/"
"SeedCloud","https://www.eu-startups.com/investor/seedcloud/"
"Sheffield Technology Parks","https://www.eu-startups.com/investor/sheffield-technology-parks/"
"Seedcoin","https://www.eu-startups.com/investor/seedcoin/"
"Signal Ventures","https://www.eu-startups.com/investor/signal-ventures-2/"
"Signal Ventures","https://www.eu-startups.com/investor/signal-ventures/"
"SeedReady","https://www.eu-startups.com/investor/seedready/"
"Shell LiveWIRE","https://www.eu-startups.com/investor/shell-livewire/"
"Scottish Health Innovations","https://www.eu-startups.com/investor/scottish-health-innovations/"
"Seed Haus","https://www.eu-startups.com/investor/seed-haus/"
"Seedcamp","https://www.eu-startups.com/investor/seedcamp/"
"Scalabl","https://www.eu-startups.com/investor/scalabl/"
"Sapphire Capital Partners","https://www.eu-startups.com/investor/sapphire-capital-partners/"
"Saxon","https://www.eu-startups.com/investor/saxon/"
"United Utilities Innovation Lab","https://www.eu-startups.com/investor/united-utilities-innovation-lab/"
"Royal Academy of Engineering Enterprise Hub","https://www.eu-startups.com/investor/royal-academy-of-engineering-enterprise-hub/"
"NEOM Ventures","https://www.eu-startups.com/investor/neom-ventures/"
"MDR LAB","https://www.eu-startups.com/investor/mdr-lab/"
"Lloyd’s Lab","https://www.eu-startups.com/investor/lloyds-lab/"
"Rocketmakers","https://www.eu-startups.com/investor/rocketmakers-2/"
"UN1TY Ventures","https://www.eu-startups.com/investor/un1ty-ventures/"
"LYVA Labs","https://www.eu-startups.com/investor/lyva-labs/"
"Metro Bank Magic Makers","https://www.eu-startups.com/investor/metro-bank-magic-makers/"
"NCSC Cyber Accelerator","https://www.eu-startups.com/investor/ncsc-cyber-accelerator/"
"MeWe360","https://www.eu-startups.com/investor/mewe360/"
"Milamber Ventures","https://www.eu-startups.com/investor/milamber-ventures/"
"Tyne","https://www.eu-startups.com/investor/tyne/"
"TwinklHive","https://www.eu-startups.com/investor/twinklhive/"
"TTT GLOBAL","https://www.eu-startups.com/investor/ttt-global/"
"MadLab Arts & Tech Accelerator","https://www.eu-startups.com/investor/madlab-arts-tech-accelerator/"
"True.","https://www.eu-startups.com/investor/true/"
"The Startup Race","https://www.eu-startups.com/investor/the-startup-race/"
"The ScaleUp Accelerator","https://www.eu-startups.com/investor/the-scaleup-accelerator-2/"
"The ScaleUp Accelerator","https://www.eu-startups.com/investor/the-scaleup-accelerator/"
"The Circulars Accelerator","https://www.eu-startups.com/investor/the-circulars-accelerator/"
"TestNet Ventures","https://www.eu-startups.com/investor/testnet-ventures/"
"Technoplat","https://www.eu-startups.com/investor/technoplat/"
"TechItalia:Lab","https://www.eu-startups.com/investor/techitalialab/"
"Tech Nation Fintech","https://www.eu-startups.com/investor/tech-nation-fintech/"
"Mountside Ventures","https://www.eu-startups.com/investor/mountside-ventures/"
"National Aerospace Technology Exploitation Programe","https://www.eu-startups.com/investor/national-aerospace-technology-exploitation-programe/"
"NBT (Next Big Thing)","https://www.eu-startups.com/investor/nbt-next-big-thing/"
"Polymath Digital","https://www.eu-startups.com/investor/polymath-digital/"
"Sustainable Ventures","https://www.eu-startups.com/investor/sustainable-ventures/"
"SuperCharger Ventures","https://www.eu-startups.com/investor/supercharger-ventures/"
"Potential VC","https://www.eu-startups.com/investor/potential-vc/"
"Sunderland Internet of Things (IoT) and 5G accelerator","https://www.eu-startups.com/investor/sunderland-internet-of-things-iot-and-5g-accelerator/"
"Subak","https://www.eu-startups.com/investor/subak/"
"Sturgeon Ventures","https://www.eu-startups.com/investor/sturgeon-ventures/"
"Propel@YH","https://www.eu-startups.com/investor/propelyh/"
"Qi3 Ventures","https://www.eu-startups.com/investor/qi3-ventures/"
"Quantum Group","https://www.eu-startups.com/investor/quantum-group/"
"R/GA IoT Venture Studio UK","https://www.eu-startups.com/investor/r-ga-iot-venture-studio-uk/"
"Rainmaking","https://www.eu-startups.com/investor/rainmaking/"
"Reach UK","https://www.eu-startups.com/investor/reach-uk/"
"VPN Focuspoint","https://www.eu-startups.com/investor/vpn-focuspoint/"
"RebelBio","https://www.eu-startups.com/investor/rebelbio/"
"Red Bull Amplifier","https://www.eu-startups.com/investor/red-bull-amplifier/"
"Rise","https://www.eu-startups.com/investor/rise/"
"Rocketmakers","https://www.eu-startups.com/investor/rocketmakers/"
"EyA Incubator","https://www.eu-startups.com/investor/eya-incubator/"
"FFWD","https://www.eu-startups.com/investor/ffwd/"
"UP Ventures","https://www.eu-startups.com/investor/up-ventures/"
"Fintech Wales Foundry","https://www.eu-startups.com/investor/fintech-wales-foundry/"
"UP Accelerator","https://www.eu-startups.com/investor/up-accelerator/"
"FK Accelerate","https://www.eu-startups.com/investor/fk-accelerate/"
"University of Southampton Future Worlds Incubator","https://www.eu-startups.com/investor/university-of-southampton-future-worlds-incubator/"
"Entrepreneur First","https://www.eu-startups.com/investor/entrepreneur-first/"
"Entrepreneurial Spark","https://www.eu-startups.com/investor/entrepreneurial-spark/"
"VAR Capital","https://www.eu-startups.com/investor/var-capital/"
"ESA Business Incubation Centre United Kingdom","https://www.eu-startups.com/investor/esa-business-incubation-centre-united-kingdom/"
"Etc.","https://www.eu-startups.com/investor/etc/"
"Enterprise Bath","https://www.eu-startups.com/investor/enterprise-bath/"
"Last Mile Labs","https://www.eu-startups.com/investor/last-mile-labs/"
"Last Mile Money","https://www.eu-startups.com/investor/last-mile-money/"
"La Pietra Capital","https://www.eu-startups.com/investor/la-pietra-capital/"
"dotforge","https://www.eu-startups.com/investor/dotforge/"
"Downing Enterprise","https://www.eu-startups.com/investor/downing-enterprise/"
"Kirchner Food Fellowship","https://www.eu-startups.com/investor/kirchner-food-fellowship/"
"KQ Labs","https://www.eu-startups.com/investor/kq-labs/"
"L Marks","https://www.eu-startups.com/investor/l-marks/"
"Distill Ventures","https://www.eu-startups.com/investor/distill-ventures/"
"DigitalHealth.London Accelerator","https://www.eu-startups.com/investor/digitalhealth-london-accelerator/"
"IQuBit","https://www.eu-startups.com/investor/iqubit/"
"IT Ventures","https://www.eu-startups.com/investor/it-ventures/"
"Deep Science Ventures","https://www.eu-startups.com/investor/deep-science-ventures/"
"Deeptech Labs","https://www.eu-startups.com/investor/deeptech-labs/"
"JellyWorks","https://www.eu-startups.com/investor/jellyworks/"
"IoT Tribe","https://www.eu-startups.com/investor/iot-tribe/"
"True Global","https://www.eu-startups.com/investor/true-global/"
"Insurtech Gateway","https://www.eu-startups.com/investor/insurtech-gateway/"
"Data Pitch","https://www.eu-startups.com/investor/data-pitch/"
"Coinsilium Group","https://www.eu-startups.com/investor/coinsilium-group/"
"Collider","https://www.eu-startups.com/investor/collider/"
"InnovationRCA","https://www.eu-startups.com/investor/innovationrca/"
"Connected Places Catapult","https://www.eu-startups.com/investor/connected-places-catapult/"
"Innovate UK Global Incubator Program","https://www.eu-startups.com/investor/innovate-uk-global-incubator-program/"
"CodeBase","https://www.eu-startups.com/investor/codebase/"
"Cognition Foundry","https://www.eu-startups.com/investor/cognition-foundry/"
"Marathon LABs","https://www.eu-startups.com/investor/marathon-labs/"
"Code First Girls","https://www.eu-startups.com/investor/code-first-girls/"
"Zinc","https://www.eu-startups.com/investor/zinc/"
"XnTree","https://www.eu-startups.com/investor/xntree/"
"Fortunis Capital","https://www.eu-startups.com/investor/fortunis-capital/"
"Wyche Innovation Centre","https://www.eu-startups.com/investor/wyche-innovation-centre/"
"Founders at the University of Cambridge","https://www.eu-startups.com/investor/founders-at-the-university-of-cambridge/"
"Founders Factory","https://www.eu-startups.com/investor/founders-factory/"
"Founders Forum Group","https://www.eu-startups.com/investor/founders-forum-group/"
"Winton Labs","https://www.eu-startups.com/investor/winton-labs/"
"Wilbe Capital","https://www.eu-startups.com/investor/wilbe-capital/"
"Weidenfeld Hoffmann Trust","https://www.eu-startups.com/investor/weidenfeld-hoffmann-trust/"
"WebN Group","https://www.eu-startups.com/investor/webn-group/"
"Wayra UK","https://www.eu-startups.com/investor/wayra-uk/"
"Wayra & Novartis Health Call","https://www.eu-startups.com/investor/wayra-novartis-health-call/"
"W2 Labs","https://www.eu-startups.com/investor/w2-labs/"
"Vizero","https://www.eu-startups.com/investor/vizero/"
"Venturefest","https://www.eu-startups.com/investor/venturefest/"
"Geometry","https://www.eu-startups.com/investor/geometry/"
"Geovation","https://www.eu-startups.com/investor/geovation/"
"Greater Manchester Cyber Foundry","https://www.eu-startups.com/investor/greater-manchester-cyber-foundry-2/"
"Greater Manchester Cyber Foundry","https://www.eu-startups.com/investor/greater-manchester-cyber-foundry/"
"Green Investment Group","https://www.eu-startups.com/investor/green-investment-group/"
"Grocery Accelerator","https://www.eu-startups.com/investor/grocery-accelerator/"
"GSMA Ecosystem Accelerator","https://www.eu-startups.com/investor/gsma-ecosystem-accelerator/"
"GTL Investment","https://www.eu-startups.com/investor/gtl-investment/"
"Haatch","https://www.eu-startups.com/investor/haatch/"
"Hangar 51","https://www.eu-startups.com/investor/hangar-51/"
"Harbr","https://www.eu-startups.com/investor/harbr/"
"Hermesa","https://www.eu-startups.com/investor/hermesa/"
"Howden Ventures","https://www.eu-startups.com/investor/howden-ventures/"
"Huckletree Alpha Programme London","https://www.eu-startups.com/investor/huckletree-alpha-programme-london/"
"Hustle","https://www.eu-startups.com/investor/hustle/"
"HYPE – Sports Innovation","https://www.eu-startups.com/investor/hype-sports-innovation/"
"C4DI","https://www.eu-startups.com/investor/c4di/"
"Capital Accelerate & Scale Tech Superstars","https://www.eu-startups.com/investor/capital-accelerate-scale-tech-superstars/"
"Capital SCF","https://www.eu-startups.com/investor/capital-scf/"
"IDEALondon","https://www.eu-startups.com/investor/idealondon/"
"Ignite Accelerator","https://www.eu-startups.com/investor/ignite-accelerator/"
"Carbon Trust","https://www.eu-startups.com/investor/carbon-trust/"
"Carbon13","https://www.eu-startups.com/investor/carbon13/"
"Central Research Laboratory","https://www.eu-startups.com/investor/central-research-laboratory/"
"Challenge Works","https://www.eu-startups.com/investor/challenge-works/"
"Breed Reply","https://www.eu-startups.com/investor/breed-reply/"
"Brew Accelerator","https://www.eu-startups.com/investor/brew-accelerator/"
"Bright Link Ventures","https://www.eu-startups.com/investor/bright-link-ventures/"
"Bright Station Ventures","https://www.eu-startups.com/investor/bright-station-ventures/"
"Bright Tide","https://www.eu-startups.com/investor/bright-tide/"
"Bright Ventures Leadership Accelerator","https://www.eu-startups.com/investor/bright-ventures-leadership-accelerator/"
"Btomorrow Ventures","https://www.eu-startups.com/investor/btomorrow-ventures/"
"100x Impact Accelerator","https://www.eu-startups.com/investor/100x-impact-accelerator/"
"300 DAO","https://www.eu-startups.com/investor/300-dao/"
"350 PPM","https://www.eu-startups.com/investor/350-ppm/"
"Abbey Road Red","https://www.eu-startups.com/investor/abbey-road-red/"
"Accelerate Cambridge","https://www.eu-startups.com/investor/accelerate-cambridge/"
"Accelerate Technologies","https://www.eu-startups.com/investor/accelerate-technologies/"
"Accelerate@Babraham","https://www.eu-startups.com/investor/acceleratebabraham/"
"AccelerateMe","https://www.eu-startups.com/investor/accelerateme/"
"Accelerator Academy","https://www.eu-startups.com/investor/accelerator-academy/"
"Accelerator Assembly","https://www.eu-startups.com/investor/accelerator-assembly/"
"Accelerator London","https://www.eu-startups.com/investor/accelerator-london/"
"Activate Studio","https://www.eu-startups.com/investor/activate-studio/"
"Advanced Propulsion Centre UK","https://www.eu-startups.com/investor/advanced-propulsion-centre-uk/"
"Aerospace Xelerated","https://www.eu-startups.com/investor/aerospace-xelerated/"
"Akcela Ventures","https://www.eu-startups.com/investor/akcela-ventures/"
"Alder Hey Innovation Lab","https://www.eu-startups.com/investor/alder-hey-innovation-lab/"
"Alpha Deal Group","https://www.eu-startups.com/investor/alpha-deal-group/"
"ALSA Ventures","https://www.eu-startups.com/investor/alsa-ventures/"
"Artek","https://www.eu-startups.com/investor/artek/"
"Astel Ventures","https://www.eu-startups.com/investor/astel-ventures/"
"Baltic Ventures","https://www.eu-startups.com/investor/baltic-ventures/"
"Barclays Eagle Labs","https://www.eu-startups.com/investor/barclays-eagle-labs/"
"BBC Worldwide Labs","https://www.eu-startups.com/investor/bbc-worldwide-labs/"
"BEC (Birmingham Enterprise Community)","https://www.eu-startups.com/investor/bec-birmingham-enterprise-community/"
"BMW Innovation Lab","https://www.eu-startups.com/investor/bmw-innovation-lab/"
"BetaDen","https://www.eu-startups.com/investor/betaden/"
"Bethnal Green Ventures","https://www.eu-startups.com/investor/bethnal-green-ventures/"
"Big Venture Challenge","https://www.eu-startups.com/investor/big-venture-challenge/"
"BioCity Group","https://www.eu-startups.com/investor/biocity-group/"
"Black Girl Fest","https://www.eu-startups.com/investor/black-girl-fest/"
"BLaO","https://www.eu-startups.com/investor/blao/"
"Blenheim Chalcot","https://www.eu-startups.com/investor/blenheim-chalcot/"
"Blockchain.com","https://www.eu-startups.com/investor/blockchain-com/"
"Blockmate Ventures","https://www.eu-startups.com/investor/blockmate-ventures/"
"Blue Lab","https://www.eu-startups.com/investor/blue-lab/"
"Blue Lake","https://www.eu-startups.com/investor/blue-lake/"
"Sweet Capital","https://www.eu-startups.com/investor/sweet-capital/"
"2150 VC","https://www.eu-startups.com/investor/2150-vc/"
"CivilizationX","https://www.eu-startups.com/investor/civilizationx/"