Name,Link
"Bitdefender Voyager Ventures","https://www.eu-startups.com/investor/bitdefender-voyager-ventures-2/"
"Icecat Capital","https://www.eu-startups.com/investor/icecat-capital/"
"Verbeem Ventures Fund","https://www.eu-startups.com/investor/verbeem-ventures-fund/"
"Startup Chattogram","https://www.eu-startups.com/investor/startup-chattogram/"
"Disruptive Technology Ventures","https://www.eu-startups.com/investor/disruptive-technology-ventures-2/"
"Gilde Healthcare","https://www.eu-startups.com/investor/gilde-healthcare/"
"Aglaia","https://www.eu-startups.com/investor/aglaia/"
"Navus Ventures","https://www.eu-startups.com/investor/navus-ventures/"
"Aletra Capital Partners","https://www.eu-startups.com/investor/aletra-capital-partners/"
"OXO Holdings","https://www.eu-startups.com/investor/oxo-holdings/"
"Move Energy","https://www.eu-startups.com/investor/move-energy/"
"Revo Capital","https://www.eu-startups.com/investor/revo-capital/"
"ScaleX","https://www.eu-startups.com/investor/scalex/"
"Graduate Entrepreneur","https://www.eu-startups.com/investor/graduate-entrepreneur/"
"ING Ventures","https://www.eu-startups.com/investor/ing-ventures-2/"
"Peak Capital","https://www.eu-startups.com/investor/peak-capital/"
"Gapminder VC","https://www.eu-startups.com/investor/gapminder-vc/"
"Global Cleantech Fund","https://www.eu-startups.com/investor/global-cleantech-fund/"
"Connected Capital","https://www.eu-startups.com/investor/connected-capital/"
"Convent Capital","https://www.eu-startups.com/investor/convent-capital/"
"Arches Capital","https://www.eu-startups.com/investor/arches-capital/"
"Road Ventures","https://www.eu-startups.com/investor/road-ventures/"
"Future Food Fund","https://www.eu-startups.com/investor/future-food-fund/"
"FORWARD.one","https://www.eu-startups.com/investor/forward-one/"
"First Degree Capital","https://www.eu-startups.com/investor/first-degree-capital/"
"Eyos Capital","https://www.eu-startups.com/investor/eyos-capital/"
"EVO Venture Partners","https://www.eu-startups.com/investor/evo-venture-partners/"
"Horizon 3","https://www.eu-startups.com/investor/horizon-3/"
"Granpool Innovative Investments","https://www.eu-startups.com/investor/granpool-innovative-investments/"
"Peak","https://www.eu-startups.com/investor/peak/"
"Noaber","https://www.eu-startups.com/investor/noaber/"
"MMVentures","https://www.eu-startups.com/investor/mmventures/"
"MedSciences Capital","https://www.eu-startups.com/investor/medsciences-capital/"
"Mainport Innovation Fund","https://www.eu-startups.com/investor/mainport-innovation-fund/"
"Endeit Capital","https://www.eu-startups.com/investor/endeit-capital/"
"Keen Venture Partners","https://www.eu-startups.com/investor/keen-venture-partners/"
"Keadyn","https://www.eu-startups.com/investor/keadyn/"
"Esperante Ventures","https://www.eu-startups.com/investor/esperante-ventures-2/"
"Innovatiefonds Noord-Holland","https://www.eu-startups.com/investor/innovatiefonds-noord-holland/"
"ifund foundation","https://www.eu-startups.com/investor/ifund-foundation/"
"BrightCap Ventures","https://www.eu-startups.com/investor/brightcap-ventures/"
"SanomaVentures","https://www.eu-startups.com/investor/sanomaventures/"
"RUG Holding","https://www.eu-startups.com/investor/rug-holding/"
"Brooklyn Ventures","https://www.eu-startups.com/investor/brooklyn-ventures/"
"Capital Mills","https://www.eu-startups.com/investor/capital-mills/"
"RoboValley Fund","https://www.eu-startups.com/investor/robovalley-fund/"
"Pymwymic","https://www.eu-startups.com/investor/pymwymic-2/"
"Pymwymic","https://www.eu-startups.com/investor/pymwymic/"
"Carduso Capital","https://www.eu-startups.com/investor/carduso-capital/"
"Prime Ventures","https://www.eu-startups.com/investor/prime-ventures/"
"DFZ Participaties","https://www.eu-startups.com/investor/dfz-participaties/"
"Anterra Capital","https://www.eu-startups.com/investor/anterra-capital/"
"BFly Ventures","https://www.eu-startups.com/investor/bfly-ventures/"
"BioGeneration Ventures","https://www.eu-startups.com/investor/biogeneration-ventures/"
"SET Ventures","https://www.eu-startups.com/investor/set-ventures/"
"The Hatch Firm","https://www.eu-startups.com/investor/the-hatch-firm/"
"TIIN Capital","https://www.eu-startups.com/investor/tiin-capital/"
"TRGC","https://www.eu-startups.com/investor/trgc/"
"5square","https://www.eu-startups.com/investor/5square/"
"Aescap Venture","https://www.eu-startups.com/investor/aescap-venture/"
"ALS Investment Fund","https://www.eu-startups.com/investor/als-investment-fund/"
"Antea Participaties","https://www.eu-startups.com/investor/antea-participaties/"
"Summer Capital","https://www.eu-startups.com/investor/summer-capital/"
"Salamander Investment Network","https://www.eu-startups.com/investor/salamander-investment-network/"
"XO Ventures","https://www.eu-startups.com/investor/xo-ventures/"
"Volve Capital","https://www.eu-startups.com/investor/volve-capital/"
"Vlasroot Group","https://www.eu-startups.com/investor/vlasroot-group/"
"VIE Tech Capital","https://www.eu-startups.com/investor/vie-tech-capital/"
"Scranton Enterprises BV","https://www.eu-startups.com/investor/scranton-enterprises-bv/"
"Philips Health Technology Ventures","https://www.eu-startups.com/investor/philips-health-technology-ventures/"
"Velocity Capital Fintech Ventures","https://www.eu-startups.com/investor/velocity-capital-fintech-ventures/"
"Velio Ventures","https://www.eu-startups.com/investor/velio-ventures/"
"Value Creation Capital","https://www.eu-startups.com/investor/value-creation-capital/"
"UvA Ventures Holding","https://www.eu-startups.com/investor/uva-ventures-holding/"
"Techfront Ventures","https://www.eu-startups.com/investor/techfront-ventures/"
"Sanaga Ventures","https://www.eu-startups.com/investor/sanaga-ventures/"
"Taptrove Ventures","https://www.eu-startups.com/investor/taptrove-ventures/"
"Stecc Capital","https://www.eu-startups.com/investor/stecc-capital/"
"Spacetime","https://www.eu-startups.com/investor/spacetime/"
"Sky Man Ventures","https://www.eu-startups.com/investor/sky-man-ventures/"
"Significa Ventures","https://www.eu-startups.com/investor/significa-ventures/"
"Rubio Impact Ventures","https://www.eu-startups.com/investor/rubio-impact-ventures/"
"Round One Ventures","https://www.eu-startups.com/investor/round-one-ventures/"
"Rocket Capital","https://www.eu-startups.com/investor/rocket-capital/"
"QDNL Participations","https://www.eu-startups.com/investor/qdnl-participations/"
"Orange Wings BV","https://www.eu-startups.com/investor/orange-wings-bv/"
"No Such Ventures","https://www.eu-startups.com/investor/no-such-ventures/"
"NV NOM","https://www.eu-startups.com/investor/nv-nom/"
"Moon.Ventures","https://www.eu-startups.com/investor/moon-ventures/"
"Maven 11 Capital","https://www.eu-startups.com/investor/maven-11-capital/"
"M Ventures","https://www.eu-startups.com/investor/m-ventures-2/"
"LSP Health Economics Fund","https://www.eu-startups.com/investor/lsp-health-economics-fund/"
"Le Stud","https://www.eu-startups.com/investor/le-stud/"
"Laton Ventures","https://www.eu-startups.com/investor/laton-ventures/"
"Knop Ventures","https://www.eu-startups.com/investor/knop-ventures/"
"KIKK Capital","https://www.eu-startups.com/investor/kikk-capital/"
"Istcapital","https://www.eu-startups.com/investor/istcapital/"
"Innovation Industries","https://www.eu-startups.com/investor/innovation-industries/"
"Inkef","https://www.eu-startups.com/investor/inkef/"
"Impact Tech Ventures","https://www.eu-startups.com/investor/impact-tech-ventures/"
"IMC Investments","https://www.eu-startups.com/investor/imc-investments/"
"280ppm","https://www.eu-startups.com/investor/280ppm/"
"GJ Smid Fonds","https://www.eu-startups.com/investor/gj-smid-fonds/"
"Flow ventures","https://www.eu-startups.com/investor/flow-ventures/"
"Entweder","https://www.eu-startups.com/investor/entweder/"
"Eneco Ventures","https://www.eu-startups.com/investor/eneco-ventures/"
"Fairtree Elevant Ventures","https://www.eu-startups.com/investor/fairtree-elevant-ventures/"
"DFF (Dutch Founders Fund)","https://www.eu-startups.com/investor/dff-dutch-founders-fund/"
"Disruptive Technology Ventures","https://www.eu-startups.com/investor/disruptive-technology-ventures/"
"DOEN Participaties","https://www.eu-startups.com/investor/doen-participaties/"
"DGI Ventures | Europe","https://www.eu-startups.com/investor/dgi-ventures-europe/"
"Delft Enterprises","https://www.eu-startups.com/investor/delft-enterprises/"
"DeepTechXL","https://www.eu-startups.com/investor/deeptechxl/"
"Curiosity VC","https://www.eu-startups.com/investor/curiosity-vc/"
"Curie Capital","https://www.eu-startups.com/investor/curie-capital/"
"Creative Capital Studio","https://www.eu-startups.com/investor/creative-capital-studio/"
"OTB Ventures","https://www.eu-startups.com/investor/otb-ventures/"
"Coalition Capital","https://www.eu-startups.com/investor/coalition-capital/"
"CapitalT","https://www.eu-startups.com/investor/capitalt/"
"BTQ Ventures","https://www.eu-startups.com/investor/btq-ventures/"
"BOM Brabant Ventures","https://www.eu-startups.com/investor/bom-brabant-ventures/"
"ASIF Ventures","https://www.eu-startups.com/investor/asif-ventures/"
"Arket Ventures","https://www.eu-startups.com/investor/arket-ventures/"
"AMC Ventures","https://www.eu-startups.com/investor/amc-ventures/"
"Amatis","https://www.eu-startups.com/investor/amatis/"
"Alima Ventures BV","https://www.eu-startups.com/investor/alima-ventures-bv/"
"Isari Ventures","https://www.eu-startups.com/investor/isari-ventures/"
"A-players","https://www.eu-startups.com/investor/a-players/"
"4impact","https://www.eu-startups.com/investor/4impact/"
"VP Capital","https://www.eu-startups.com/investor/vp-capital/"
"VENTURING TECH","https://www.eu-startups.com/investor/venturing-tech/"
"Venturerock","https://www.eu-startups.com/investor/venturerock/"
"VC4A","https://www.eu-startups.com/investor/vc4a/"
"Level2 Ventures","https://www.eu-startups.com/investor/level2-ventures/"
"Uneti Ventures","https://www.eu-startups.com/investor/uneti-ventures/"
"Urban Impact Ventures","https://www.eu-startups.com/investor/urban-impact-ventures/"
"Utrecht Health Seed Fund","https://www.eu-startups.com/investor/utrecht-health-seed-fund-2/"
"Utrecht Health Seed Fund","https://www.eu-startups.com/investor/utrecht-health-seed-fund/"
"Two Hop Ventures","https://www.eu-startups.com/investor/two-hop-ventures/"
"The Sharing Group","https://www.eu-startups.com/investor/the-sharing-group-2/"
"Textile Innovation Fund","https://www.eu-startups.com/investor/textile-innovation-fund/"
"TenNine.vc","https://www.eu-startups.com/investor/tennine-vc/"
"Thematic Technology Transfer","https://www.eu-startups.com/investor/thematic-technology-transfer/"
"Tablomonto Ventures","https://www.eu-startups.com/investor/tablomonto-ventures/"
"Space Infrastructures Ventures","https://www.eu-startups.com/investor/space-infrastructures-ventures/"
"Slimmer AI","https://www.eu-startups.com/investor/slimmer-ai/"
"Shamrock Ventures","https://www.eu-startups.com/investor/shamrock-ventures/"
"Samen Slimmer Alliance","https://www.eu-startups.com/investor/samen-slimmer-alliance/"
"RUG Ventures","https://www.eu-startups.com/investor/rug-ventures/"
"Forward Venture Capital","https://www.eu-startups.com/investor/forward-venture-capital/"
"PureTerra Ventures","https://www.eu-startups.com/investor/pureterra-ventures/"
"Positron Ventures","https://www.eu-startups.com/investor/positron-ventures/"
"PhotonVentures","https://www.eu-startups.com/investor/photonventures/"
"Pharma Connect Capital","https://www.eu-startups.com/investor/pharma-connect-capital/"
"Peech Capital","https://www.eu-startups.com/investor/peech-capital/"
"NP-Hard Ventures","https://www.eu-startups.com/investor/np-hard-ventures/"
"NextGen Ventures","https://www.eu-startups.com/investor/nextgen-ventures/"
"Newion","https://www.eu-startups.com/investor/newion/"
"Negative Five Ventures","https://www.eu-startups.com/investor/negative-five-ventures/"
"Mindshift Ventures","https://www.eu-startups.com/investor/mindshift-ventures/"
"Million Monkeys","https://www.eu-startups.com/investor/million-monkeys/"
"Meneldor","https://www.eu-startups.com/investor/meneldor/"
"Magnus Capital","https://www.eu-startups.com/investor/magnus-capital/"
"Lumaux","https://www.eu-startups.com/investor/lumaux/"
"Locapes Investment Fund","https://www.eu-startups.com/investor/locapes-investment-fund/"
"Innovating Justice Fund","https://www.eu-startups.com/investor/innovating-justice-fund/"
"Impact Equity Fund","https://www.eu-startups.com/investor/impact-equity-fund/"
"henQ","https://www.eu-startups.com/investor/henq/"
"Healthy.Capital","https://www.eu-startups.com/investor/healthy-capital/"
"Head Start Ventures","https://www.eu-startups.com/investor/head-start-ventures/"
"Grizzly Capital","https://www.eu-startups.com/investor/grizzly-capital/"
"Golden Egg Check Capital","https://www.eu-startups.com/investor/golden-egg-check-capital/"
"Glass Frog Ventures","https://www.eu-startups.com/investor/glass-frog-ventures/"
"G-Force Capital","https://www.eu-startups.com/investor/g-force-capital/"
"Flood Ventures","https://www.eu-startups.com/investor/flood-ventures/"
"ENA Venture Capital","https://www.eu-startups.com/investor/ena-venture-capital/"
"ECG Ventures","https://www.eu-startups.com/investor/ecg-ventures/"
"Eindhoven Venture Capital Fund II","https://www.eu-startups.com/investor/eindhoven-venture-capital-fund-ii/"
"Dutch Sport Tech Fund","https://www.eu-startups.com/investor/dutch-sport-tech-fund/"
"Dutch Student Investment Fund","https://www.eu-startups.com/investor/dutch-student-investment-fund/"
"Doux Investments","https://www.eu-startups.com/investor/doux-investments/"
"DOMiNO Ventures","https://www.eu-startups.com/investor/domino-ventures/"
"Cross Ocean Ventures","https://www.eu-startups.com/investor/cross-ocean-ventures/"
"CAJU Venture Partners","https://www.eu-startups.com/investor/caju-venture-partners/"
"Brightlands Venture Partners","https://www.eu-startups.com/investor/brightlands-venture-partners/"
"Borski Fund","https://www.eu-startups.com/investor/borski-fund/"
"Beekers Capital","https://www.eu-startups.com/investor/beekers-capital/"
"ACT Venture Partners","https://www.eu-startups.com/investor/act-venture-partners/"
"Acrobator Ventures | Acrobator.vc","https://www.eu-startups.com/investor/acrobator-ventures-acrobator-vc/"
"VOC Capital Partners","https://www.eu-startups.com/investor/voc-capital-partners/"
"Finch Capital","https://www.eu-startups.com/investor/finch-capital/"
"Vivid Ventures","https://www.eu-startups.com/investor/vivid-ventures/"
"Vinci Venture Capital","https://www.eu-startups.com/investor/vinci-venture-capital/"
"Solid Ventures","https://www.eu-startups.com/investor/solid-ventures/"
"Slingshot Ventures","https://www.eu-startups.com/investor/slingshot-ventures/"
"SHIFT Invest","https://www.eu-startups.com/investor/shift-invest/"
"Airbridge Equity Partners","https://www.eu-startups.com/investor/airbridge-equity-partners/"
"CE Tech Invest","https://www.eu-startups.com/investor/ce-tech-invest/"
"Connect Capital","https://www.eu-startups.com/investor/connect-capital/"
"DBH Group","https://www.eu-startups.com/investor/dbh-group/"
"Esperante Ventures","https://www.eu-startups.com/investor/esperante-ventures/"
"Brightlands Life Sciences Ventures","https://www.eu-startups.com/investor/brightlands-life-sciences-ventures/"
"Vopak Ventures","https://www.eu-startups.com/investor/vopak-ventures/"
"Randstad Innovation Fund","https://www.eu-startups.com/investor/randstad-innovation-fund/"
"Addington Investment Group","https://www.eu-startups.com/investor/addington-investment-group/"
"Rabobank Food & Agri Innovation Fund","https://www.eu-startups.com/investor/rabobank-food-agri-innovation-fund/"
"ABN AMRO Ventures","https://www.eu-startups.com/investor/abn-amro-ventures/"
"Achmea Innovation Fund","https://www.eu-startups.com/investor/achmea-innovation-fund/"
"Mediahuis","https://www.eu-startups.com/investor/mediahuis/"
"The Sharing Group","https://www.eu-startups.com/investor/the-sharing-group/"
"Ingka Group","https://www.eu-startups.com/investor/ingka-group/"
"KPN Ventures","https://www.eu-startups.com/investor/kpn-ventures/"
"ING Ventures","https://www.eu-startups.com/investor/ing-ventures/"
"Stellantis Ventures","https://www.eu-startups.com/investor/stellantis-ventures/"
"Atlantis Digital","https://www.eu-startups.com/investor/atlantis-digital-2/"
"IMC Trading","https://www.eu-startups.com/investor/imc-trading/"
"DSM Venturing","https://www.eu-startups.com/investor/dsm-venturing/"
"Alliance Ventures","https://www.eu-startups.com/investor/alliance-ventures/"
"Transavia Ventures","https://www.eu-startups.com/investor/transavia-ventures/"
"ING Sustainable Investments","https://www.eu-startups.com/investor/ing-sustainable-investments/"
"Welt Ventures","https://www.eu-startups.com/investor/welt-ventures/"
"Limburg Business Development Fund (LBDF)","https://www.eu-startups.com/investor/limburg-business-development-fund-lbdf/"
"FundiQare","https://www.eu-startups.com/investor/fundiqare/"
"Optiver Principal Strategic Investments","https://www.eu-startups.com/investor/optiver-principal-strategic-investments/"
"ABN AMRO Fund","https://www.eu-startups.com/investor/abn-amro-fund/"
"M Ventures","https://www.eu-startups.com/investor/m-ventures/"
"Atlantis Digital","https://www.eu-startups.com/investor/atlantis-digital/"
"Shell Ventures","https://www.eu-startups.com/investor/shell-ventures/"
"Prosus Ventures","https://www.eu-startups.com/investor/prosus-ventures/"
"Exor Ventures","https://www.eu-startups.com/investor/exor-ventures/"
"Airbus","https://www.eu-startups.com/investor/airbus-2/"
"Travel Impact Lab","https://www.eu-startups.com/investor/travel-impact-lab/"
"Travel Startup Accelerator Netherlands","https://www.eu-startups.com/investor/travel-startup-accelerator-netherlands/"
"PhotonDelta","https://www.eu-startups.com/investor/photondelta/"
"StartLife","https://www.eu-startups.com/investor/startlife/"
"Startup in Residence","https://www.eu-startups.com/investor/startup-in-residence-2/"
"Startup in Residence","https://www.eu-startups.com/investor/startup-in-residence/"
"Startupbootcamp FinTech & CyberSecurity","https://www.eu-startups.com/investor/startupbootcamp-fintech-cybersecurity/"
"Startupbootcamp Commerce Amsterdam","https://www.eu-startups.com/investor/startupbootcamp-commerce-amsterdam/"
"Startupbootcamp Bold Action","https://www.eu-startups.com/investor/startupbootcamp-bold-action/"
"Starthub Wageningen","https://www.eu-startups.com/investor/starthub-wageningen/"
"Startupbootcamp HighTechXL","https://www.eu-startups.com/investor/startupbootcamp-hightechxl/"
"Startupbootcamp Renewable Energy & Net Zero","https://www.eu-startups.com/investor/startupbootcamp-renewable-energy-net-zero-2/"
"Startupbootcamp Mobility & Transportation","https://www.eu-startups.com/investor/startupbootcamp-mobility-transportation/"
"Startupbootcamp Scale Osaka","https://www.eu-startups.com/investor/startupbootcamp-scale-osaka/"
"Startupbootcamp Renewable Energy & Net Zero","https://www.eu-startups.com/investor/startupbootcamp-renewable-energy-net-zero/"
"Startupbootcamp Smart City & IoT Amsterdam","https://www.eu-startups.com/investor/startupbootcamp-smart-city-iot-amsterdam/"
"Startupbootcamp Smart Transportation & Energy Berlin","https://www.eu-startups.com/investor/startupbootcamp-smart-transportation-energy-berlin/"
"Space Business Innovation Centre Noordwijk","https://www.eu-startups.com/investor/space-business-innovation-centre-noordwijk/"
"Startupbootcamp Smart Materials","https://www.eu-startups.com/investor/startupbootcamp-smart-materials/"
"NLC","https://www.eu-startups.com/investor/nlc/"
"SLEM Incubate","https://www.eu-startups.com/investor/slem-incubate/"
"Rockstart","https://www.eu-startups.com/investor/rockstart-2/"
"Rockstart","https://www.eu-startups.com/investor/rockstart/"
"LUMO labs","https://www.eu-startups.com/investor/lumo-labs-2/"
"Truvalu.startups","https://www.eu-startups.com/investor/truvalu-startups/"
"TRICAPITAL","https://www.eu-startups.com/investor/tricapital/"
"Thuja Capital","https://www.eu-startups.com/investor/thuja-capital/"
"PortXL","https://www.eu-startups.com/investor/portxl/"
"Present Your Startup","https://www.eu-startups.com/investor/present-your-startup/"
"Quantum Delta","https://www.eu-startups.com/investor/quantum-delta/"
"UtrechtInc","https://www.eu-startups.com/investor/utrechtinc/"
"Utrecht Holdings","https://www.eu-startups.com/investor/utrecht-holdings/"
"LEH","https://www.eu-startups.com/investor/leh/"
"Dutch Game Garden","https://www.eu-startups.com/investor/dutch-game-garden/"
"DELITELABS","https://www.eu-startups.com/investor/delitelabs/"
"JOA Ventures","https://www.eu-startups.com/investor/joa-ventures/"
"InvestInFuture","https://www.eu-startups.com/investor/investinfuture/"
"Investment Ready","https://www.eu-startups.com/investor/investment-ready/"
"Invested","https://www.eu-startups.com/investor/invested/"
"InnoLeaps","https://www.eu-startups.com/investor/innoleaps/"
"YES!Delft","https://www.eu-startups.com/investor/yesdelft/"
"WorldStartup","https://www.eu-startups.com/investor/worldstartup/"
"VRTech","https://www.eu-startups.com/investor/vrtech/"
"Greenhouse Cleantech Incubator","https://www.eu-startups.com/investor/greenhouse-cleantech-incubator/"
"HealthInc","https://www.eu-startups.com/investor/healthinc/"
"HighTechXL","https://www.eu-startups.com/investor/hightechxl/"
"HiiL Justice Accelerator","https://www.eu-startups.com/investor/hiil-justice-accelerator/"
"Horticoop","https://www.eu-startups.com/investor/horticoop/"
"BW Ventures","https://www.eu-startups.com/investor/bw-ventures/"
"ICOS Capital Management","https://www.eu-startups.com/investor/icos-capital-management/"
"Clever Clover","https://www.eu-startups.com/investor/clever-clover/"
"ABN AMRO","https://www.eu-startups.com/investor/abn-amro/"
"ACE Incubator","https://www.eu-startups.com/investor/ace-incubator/"
"Aimforthemoon","https://www.eu-startups.com/investor/aimforthemoon/"
"Airbus","https://www.eu-startups.com/investor/airbus/"
"Bloomit Ventures","https://www.eu-startups.com/investor/bloomit-ventures/"
"Blue Sparrows MedTech Funds","https://www.eu-startups.com/investor/blue-sparrows-medtech-funds/"
"Great Stuff Ventures","https://www.eu-startups.com/investor/great-stuff-ventures/"