Name,Link
"LiveCycle","https://www.eu-startups.com/directory/livecycle/"
"Crosslist","https://www.eu-startups.com/directory/crosslist/"
"SplitStay","https://www.eu-startups.com/directory/splitstay/"
"Skypass","https://www.eu-startups.com/directory/skypass/"
"AskWhisper","https://www.eu-startups.com/directory/askwhisper/"
"Dorple","https://www.eu-startups.com/directory/dorple/"
"Maya","https://www.eu-startups.com/directory/maya/"
"Fluidwave","https://www.eu-startups.com/directory/fluidwave/"
"e-invoice.be","https://www.eu-startups.com/directory/e-invoicebe/"
"Raise Better","https://www.eu-startups.com/directory/raise-better/"
"LoanDebtFix","https://www.eu-startups.com/directory/loandebtfix/"
"Pandora IPTV","https://www.eu-startups.com/directory/pandora-iptv/"
"adsfasdf","https://www.eu-startups.com/directory/adsfasdf/"
"Mirapulse","https://www.eu-startups.com/directory/mirapulse/"
"Hemp Nation","https://www.eu-startups.com/directory/hemp-nation/"
"SquadAssist","https://www.eu-startups.com/directory/squadassist/"
"WAVEplus","https://www.eu-startups.com/directory/waveplus/"
"Create-A-Sun","https://www.eu-startups.com/directory/create-a-sun/"
"Cumbaya","https://www.eu-startups.com/directory/cumbaya/"
"Wodan AI","https://www.eu-startups.com/directory/wodan-ai/"
"Sidekick","https://www.eu-startups.com/directory/sidekick/"
"Sokari","https://www.eu-startups.com/directory/sokari/"
"Sevenyoken","https://www.eu-startups.com/directory/sevenyoken/"
"Inner Design","https://www.eu-startups.com/directory/inner-design/"
"Kongé","https://www.eu-startups.com/directory/konge/"
"TriFalyo","https://www.eu-startups.com/directory/trifalyo/"
"KIKLEGAL","https://www.eu-startups.com/directory/kiklegal/"
"babyloop","https://www.eu-startups.com/directory/babyloop/"
"ShqipVille","https://www.eu-startups.com/directory/shqipville/"
"Learn2B","https://www.eu-startups.com/directory/learn2b/"
"CurveCatch","https://www.eu-startups.com/directory/curvecatch/"
"Overtone","https://www.eu-startups.com/directory/overtone/"
"CollectiveUP","https://www.eu-startups.com/directory/collectiveup/"
"PathMetrics","https://www.eu-startups.com/directory/pathmetrics/"
"WebVibe","https://www.eu-startups.com/directory/webvibe/"
"NextSDS","https://www.eu-startups.com/directory/nextsds/"
"Mangara Shoes BV","https://www.eu-startups.com/directory/mangara-shoes-bv/"
"Zeopore Technologies NV","https://www.eu-startups.com/directory/zeopore-technologies-nv/"
"Ai Apps","https://www.eu-startups.com/directory/ai-apps/"
"Website Designer BV","https://www.eu-startups.com/directory/website-designer-bv/"
"Carswitch","https://www.eu-startups.com/directory/carswitch/"
"SparkSpot – Parking","https://www.eu-startups.com/directory/sparkspot-parking/"
"Cool Coloring Pages","https://www.eu-startups.com/directory/cool-coloring-pages/"
"Spott","https://www.eu-startups.com/directory/spott/"
"Klubaro","https://www.eu-startups.com/directory/klubaro/"
"Cavell","https://www.eu-startups.com/directory/cavell/"
"LeuvenFlyers","https://www.eu-startups.com/directory/leuvenflyers/"
"Height Estimator","https://www.eu-startups.com/directory/height-estimator/"
"Wello Solutions Field Service Management","https://www.eu-startups.com/directory/wello-solutions-field-service-management/"
"ExtensionsFox","https://www.eu-startups.com/directory/extensionsfox/"
"CareerCount","https://www.eu-startups.com/directory/careercount/"
"AnotherWrapper","https://www.eu-startups.com/directory/anotherwrapper/"
"Vesalius.ai","https://www.eu-startups.com/directory/vesaliusai/"
"Webleadr","https://www.eu-startups.com/directory/webleadr/"
"Webdevamin","https://www.eu-startups.com/directory/webdevamin/"
"Plenti","https://www.eu-startups.com/directory/plenti/"
"perspectives.pm","https://www.eu-startups.com/directory/perspectivespm/"
"AI Accounting Apps","https://www.eu-startups.com/directory/ai-accounting-apps/"
"Yui Skin","https://www.eu-startups.com/directory/yui-skin/"
"WiSE People","https://www.eu-startups.com/directory/wise-people/"
"WeHave","https://www.eu-startups.com/directory/wehave/"
"We fynd","https://www.eu-startups.com/directory/we-fynd/"
"The Rental Klub","https://www.eu-startups.com/directory/the-rental-klub/"
"TapUp","https://www.eu-startups.com/directory/tapup/"
"Swinz","https://www.eu-startups.com/directory/swinz/"
"spotlights.","https://www.eu-startups.com/directory/spotlights/"
"Spark Collective","https://www.eu-startups.com/directory/spark-collective/"
"Sfinx","https://www.eu-startups.com/directory/sfinx/"
"SCIMM","https://www.eu-startups.com/directory/scimm/"
"Say It Labs","https://www.eu-startups.com/directory/say-it-labs/"
"Pop’Kidz","https://www.eu-startups.com/directory/popkidz/"
"PolySense","https://www.eu-startups.com/directory/polysense/"
"PolyPerception","https://www.eu-startups.com/directory/polyperception/"
"PingPrice","https://www.eu-startups.com/directory/pingprice/"
"Orbits Oncology","https://www.eu-startups.com/directory/orbits-oncology/"
"Optioryx","https://www.eu-startups.com/directory/optioryx/"
"Onegrid","https://www.eu-startups.com/directory/onegrid/"
"Freightbooking","https://www.eu-startups.com/directory/freightbooking/"
"First Response","https://www.eu-startups.com/directory/first-response/"
"EDGX","https://www.eu-startups.com/directory/edgx/"
"DigiShift","https://www.eu-startups.com/directory/digishift/"
"Dermatoo","https://www.eu-startups.com/directory/dermatoo/"
"Depole.io","https://www.eu-startups.com/directory/depoleio/"
"Deontic","https://www.eu-startups.com/directory/deontic/"
"Cyclecure","https://www.eu-startups.com/directory/cyclecure/"
"Croptic","https://www.eu-startups.com/directory/croptic/"
"CIRCULIFE","https://www.eu-startups.com/directory/circulife/"
"Calqi","https://www.eu-startups.com/directory/calqi/"
"Borro.one","https://www.eu-startups.com/directory/borro.one"
"Solvice","https://www.eu-startups.com/directory/solvice/"
"Intrepid AI","https://www.eu-startups.com/directory/intrepid-ai/"
"Party Finder","https://www.eu-startups.com/directory/party-finder/"
"Wobby.ai","https://www.eu-startups.com/directory/wobbyai/"
"WeGlow.World","https://www.eu-startups.com/directory/weglowworld/"
"Taartwerk","https://www.eu-startups.com/directory/taartwerk/"
"StrongBox","https://www.eu-startups.com/directory/strongbox/"
"Social runners","https://www.eu-startups.com/directory/social-runners/"
"Solvice","https://www.eu-startups.com/directory/solvice/"
"salesnudge","https://www.eu-startups.com/directory/salesnudge/"
"Pim Consult","https://www.eu-startups.com/directory/pim-consult/"
"NON.energy","https://www.eu-startups.com/directory/nonenergy/"
"Maternia","https://www.eu-startups.com/directory/maternia/"
"Masmoi","https://www.eu-startups.com/directory/masmoi/"
"Kloze","https://www.eu-startups.com/directory/kloze/"
"Kadonation","https://www.eu-startups.com/directory/kadonation/"
"Gimmy","https://www.eu-startups.com/directory/gimmy/"
"Gratiago","https://www.eu-startups.com/directory/gratiago/"
"Drawify","https://www.eu-startups.com/directory/drawify/"
"Daymaker","https://www.eu-startups.com/directory/daymaker/"
"companion.energy","https://www.eu-startups.com/directory/companionenergy/"
"Ceriter","https://www.eu-startups.com/directory/ceriter/"
"Burni","https://www.eu-startups.com/directory/burni/"
"Aeonics","https://www.eu-startups.com/directory/aeonics/"
"Clipido","https://www.eu-startups.com/directory/clipido/"
"GrowKap","https://www.eu-startups.com/directory/growkap/"
"Raw Stadia","https://www.eu-startups.com/directory/raw-stadia/"
"VaultSpeed","https://www.eu-startups.com/directory/vaultspeed/"
"Izix","https://www.eu-startups.com/directory/izix/"
"AmphiStar","https://www.eu-startups.com/directory/amphistar/"
"Tekst","https://www.eu-startups.com/directory/tekst/"
"imec.xpand","https://www.eu-startups.com/directory/imecxpand/"
"The Acquired","https://www.eu-startups.com/directory/the-acquired/"
"Curewiki.health","https://www.eu-startups.com/directory/curewikihealth/"
"Delex Belgium","https://www.eu-startups.com/directory/delex-belgium/"
"Hipposcan","https://www.eu-startups.com/directory/hipposcan/"
"TUBIMI skin","https://www.eu-startups.com/directory/tubimi-skin/"
"Unago","https://www.eu-startups.com/directory/unago/"
"BetterflyBox","https://www.eu-startups.com/directory/betterflybox/"
"Corpus Studios","https://www.eu-startups.com/directory/corpus-studios/"
"GHEtool","https://www.eu-startups.com/directory/ghetool/"
"EEVE","https://www.eu-startups.com/directory/eeve/"
"Locky","https://www.eu-startups.com/directory/locky/"
"NexusGPT","https://www.eu-startups.com/directory/nexusgpt/"
"Chift","https://www.eu-startups.com/directory/chift/"
"Mintt","https://www.eu-startups.com/directory/mintt/"
"Hustle Cafe","https://www.eu-startups.com/directory/hustle-cafe/"
"Yambla","https://www.eu-startups.com/directory/yambla/"
"Fix’it Repair and Maintenance","https://www.eu-startups.com/directory/fixit-repair-and-maintenance/"
"AREA42","https://www.eu-startups.com/directory/area42/"
"Terms.Tech","https://www.eu-startups.com/directory/terms.tech"
"Create your Matrix","https://www.eu-startups.com/directory/create-your-matrix/"
"Trainingsparkle","https://www.eu-startups.com/directory/trainingsparkle/"
"Le bon comptoir","https://www.eu-startups.com/directory/le-bon-comptoir/"
"CAMPREA","https://www.eu-startups.com/directory/camprea/"
"24Flow","https://www.eu-startups.com/directory/24flow/"
"Peppl.","https://www.eu-startups.com/directory/peppl/"
"SimpleRestore","https://www.eu-startups.com/directory/simplerestore/"
"Sweetspot","https://www.eu-startups.com/directory/sweetspot/"
"Uspill Store","https://www.eu-startups.com/directory/uspill-store/"
"Pilario","https://www.eu-startups.com/directory/pilario/"
"Petshopper","https://www.eu-startups.com/directory/petshopper/"
"Gem Logic","https://www.eu-startups.com/directory/gem-logic/"
"Ring Twice","https://www.eu-startups.com/directory/ring-twice/"
"Volcaino","https://www.eu-startups.com/directory/volcaino/"
"Yu.eat","https://www.eu-startups.com/directory/yu-eat/"
"YUMI – Moments of Gratitude","https://www.eu-startups.com/directory/yumi-moments-of-gratitude/"
"HERMIX","https://www.eu-startups.com/directory/hermix-3/"
"LegalFly","https://www.eu-startups.com/directory/legalfly/"
"GiantCampaign","https://www.eu-startups.com/directory/giantcampaign/"
"Sentometrics BV","https://www.eu-startups.com/directory/sentometrics-bv/"
"Rent Your Party","https://www.eu-startups.com/directory/rent-your-party/"
"PhysioYoga","https://www.eu-startups.com/directory/physioyoga/"
"MyBrix.io","https://www.eu-startups.com/directory/mybrix-io/"
"Hyperfox","https://www.eu-startups.com/directory/hyperfox/"
"Top Keuken Tips","https://www.eu-startups.com/directory/top-keuken-tips/"
"StockViz","https://www.eu-startups.com/directory/stockviz/"
"Rebin","https://www.eu-startups.com/directory/rebin/"
"Generator Decision","https://www.eu-startups.com/directory/generator-decision/"
"NanoPyro","https://www.eu-startups.com/directory/nanopyro/"
"Urbiquest","https://www.eu-startups.com/directory/urbiquest/"
"Lancerkit","https://www.eu-startups.com/directory/lancerkit/"
"Dentaverse","https://www.eu-startups.com/directory/dentaverse/"
"Zeal Robotics","https://www.eu-startups.com/directory/zeal-robotics/"
"AstriVax","https://www.eu-startups.com/directory/astrivax/"
"Aikido Security","https://www.eu-startups.com/directory/aikido-security/"
"Jelloow","https://www.eu-startups.com/directory/jelloow/"
"Kitchenizer","https://www.eu-startups.com/directory/kitchenizer/"
"Meezy","https://www.eu-startups.com/directory/meezy/"
"ClauseBuddy","https://www.eu-startups.com/directory/clausebuddy/"
"DU.GD","https://www.eu-startups.com/directory/du-gd/"
"re.alto energy","https://www.eu-startups.com/directory/re-alto-energy/"
"Thx.agency","https://www.eu-startups.com/directory/thx-agency/"
"StormHub","https://www.eu-startups.com/directory/stormhub/"
"Xeos","https://www.eu-startups.com/directory/xeos/"
"PayBIX","https://www.eu-startups.com/directory/paybix/"
"Revend","https://www.eu-startups.com/directory/revend/"
"Chift","https://www.eu-startups.com/directory/chift/"
"Peliqan.io","https://www.eu-startups.com/directory/peliqan-io/"
"Hashting","https://www.eu-startups.com/directory/hashting/"
"FixForm","https://www.eu-startups.com/directory/fixform/"
"The Pack","https://www.eu-startups.com/directory/the-pack-2/"
"Algorila","https://www.eu-startups.com/directory/algorila/"
"Relieve Furniture","https://www.eu-startups.com/directory/relieve-furniture/"
"Musca Capital","https://www.eu-startups.com/directory/musca-capital/"
"Syndicate One","https://www.eu-startups.com/directory/syndicate-one/"
"Swave Photonics","https://www.eu-startups.com/directory/swave-photonics/"
"The Sentometrics Company","https://www.eu-startups.com/directory/the-sentometrics-company/"
"Thx.agency","https://www.eu-startups.com/directory/thx-agency-2/"
"Mawzi","https://www.eu-startups.com/directory/mawzi/"
"Ugani Prosthetics","https://www.eu-startups.com/directory/ugani-prosthetics/"
"VHM","https://www.eu-startups.com/directory/vhm/"
"NYALA BLUE","https://www.eu-startups.com/directory/nyala-blue/"
"Eniris","https://www.eu-startups.com/directory/eniris/"
"Raito","https://www.eu-startups.com/directory/raito/"
"Publican","https://www.eu-startups.com/directory/publican/"
"AYES","https://www.eu-startups.com/directory/ayes/"
"mrsystech engineering","https://www.eu-startups.com/directory/mrsystech-engineering/"
"Wequity","https://www.eu-startups.com/directory/wequity/"
"NeuVasQ","https://www.eu-startups.com/directory/neuvasq/"
"ENVOY Network","https://www.eu-startups.com/directory/envoy-network/"
"Allegro Biotech","https://www.eu-startups.com/directory/allegro-biotech/"
"MyPitch","https://www.eu-startups.com/directory/mypitch/"
"Marcando","https://www.eu-startups.com/directory/marcando/"
"Mbrella","https://www.eu-startups.com/directory/mbrella/"
"Hallar","https://www.eu-startups.com/directory/hallar/"
"Growth Spurt","https://www.eu-startups.com/directory/growth-spurt/"
"NietsCo","https://www.eu-startups.com/directory/nietsco/"
"Nillion","https://www.eu-startups.com/directory/nillion/"
"Olpas","https://www.eu-startups.com/directory/olpas/"
"FlowTribe","https://www.eu-startups.com/directory/flowtribe/"
"flOasis","https://www.eu-startups.com/directory/floasis/"
"Quasr","https://www.eu-startups.com/directory/quasr/"
"ReputationWeb","https://www.eu-startups.com/directory/reputationweb/"
"dScribe","https://www.eu-startups.com/directory/dscribe/"
"Dualoop","https://www.eu-startups.com/directory/dualoop/"
"DOCTOORC","https://www.eu-startups.com/directory/doctoorc/"
"Credix","https://www.eu-startups.com/directory/credix/"
"Cascador Health","https://www.eu-startups.com/directory/cascador-health/"
"TransDirect","https://www.eu-startups.com/directory/transdirect/"
"UNBLND","https://www.eu-startups.com/directory/unblnd/"
"Ask Nestor","https://www.eu-startups.com/directory/ask-nestor/"
"videosupport.io","https://www.eu-startups.com/directory/videosupport-io/"
"Journy.io","https://www.eu-startups.com/directory/journy-io/"
"Goomyx","https://www.eu-startups.com/directory/goomyx/"
"Space-A","https://www.eu-startups.com/directory/space-a/"
"Surgiprint","https://www.eu-startups.com/directory/surgiprint/"
"Momly","https://www.eu-startups.com/directory/momly/"
"Bryssa","https://www.eu-startups.com/directory/bryssa/"
"ClimateCamp","https://www.eu-startups.com/directory/climatecamp/"
"Rubey","https://www.eu-startups.com/directory/rubey/"
"AxonJay","https://www.eu-startups.com/directory/axonjay/"
"Cyclodyssées","https://www.eu-startups.com/directory/cyclodyssees/"
"Grants Nation","https://www.eu-startups.com/directory/grants-nation/"
"TheGreenShot","https://www.eu-startups.com/directory/thegreenshot/"
"EUROPEA.RED","https://www.eu-startups.com/directory/europea-red/"
"eShares","https://www.eu-startups.com/directory/eshares/"
"MONA.health","https://www.eu-startups.com/directory/mona-health/"
"OutPush","https://www.eu-startups.com/directory/outpush/"
"QUIDZI","https://www.eu-startups.com/directory/quidzi/"
"DeuterOncology","https://www.eu-startups.com/directory/deuteroncology/"
"ChargeUp Europe","https://www.eu-startups.com/directory/chargeup-europe/"
"Beatsurfing","https://www.eu-startups.com/directory/beatsurfing/"
"A352","https://www.eu-startups.com/directory/a352/"
"Live the World","https://www.eu-startups.com/directory/live-the-world/"
"Paleo","https://www.eu-startups.com/directory/paleo/"
"QuantumHost","https://www.eu-startups.com/directory/quantumhost/"
"Byebyerent","https://www.eu-startups.com/directory/byebyerent/"
"OTIV","https://www.eu-startups.com/directory/otiv/"
"Datelist","https://www.eu-startups.com/directory/datelist-online-booking-system/"
"NannyML","https://www.eu-startups.com/directory/nannyml/"
"Saaspirin","https://www.eu-startups.com/directory/saaspirin/"
"Heave","https://www.eu-startups.com/directory/heave/"
"Qviro","https://www.eu-startups.com/directory/qviro/"
"API Suite","https://www.eu-startups.com/directory/api-suite/"
"Cashplannr","https://www.eu-startups.com/directory/cashplannr/"
"Segments.ai","https://www.eu-startups.com/directory/segments-ai/"
"Timeseer.AI","https://www.eu-startups.com/directory/timeseer-ai/"
"Upy","https://www.eu-startups.com/directory/upy/"
"0credit","https://www.eu-startups.com/directory/0credit/"
"Trevor Motorcycles","https://www.eu-startups.com/directory/trevor-motorcycles/"
"Sharetask.eu","https://www.eu-startups.com/directory/sharetask-eu/"
"MRM Health","https://www.eu-startups.com/directory/mrm-health/"
"Montis Biosciences","https://www.eu-startups.com/directory/montis-biosciences/"
"QustomDot","https://www.eu-startups.com/directory/qustomdot/"
"AeyeQ","https://www.eu-startups.com/directory/aeyeq/"
"EditProductPhoto","https://www.eu-startups.com/directory/editproductphoto/"
"LinkedCar","https://www.eu-startups.com/directory/linkedcar/"
"AIEDA","https://www.eu-startups.com/directory/aieda/"
"Lokkal","https://www.eu-startups.com/directory/lokkal-2/"
"Hight.io","https://www.eu-startups.com/directory/hight-io/"
"Henchman","https://www.eu-startups.com/directory/henchman/"
"HandleDroid","https://www.eu-startups.com/directory/handledroid/"
"Freedom Academy","https://www.eu-startups.com/directory/freedom-academy/"
"kodehyve","https://www.eu-startups.com/directory/kodehyve/"
"Kadanza","https://www.eu-startups.com/directory/kadanza/"
"Jarviss","https://www.eu-startups.com/directory/jarviss/"
"IONNYK","https://www.eu-startups.com/directory/ionnyk/"
"Headless Testing","https://www.eu-startups.com/directory/headless-testing/"
"Garvis","https://www.eu-startups.com/directory/garvis/"
"Forestmatic","https://www.eu-startups.com/directory/forestmatic-2/"
"OVVI Diagnostics","https://www.eu-startups.com/directory/ovvi-diagnostics-srl-2/"
"OVVI Diagnostics","https://www.eu-startups.com/directory/ovvi-diagnostics-srl/"
"ExeVir Bio","https://www.eu-startups.com/directory/exevir-bio/"
"Qallo®","https://www.eu-startups.com/directory/qalloa/"
"Rise","https://www.eu-startups.com/directory/rise-3/"
"Runeasi","https://www.eu-startups.com/directory/runeasi/"
"Semactic","https://www.eu-startups.com/directory/semactic/"
"Shearwater Global","https://www.eu-startups.com/directory/shearwater-global/"
"SkyeBase","https://www.eu-startups.com/directory/skyebase/"
"Streetwaves","https://www.eu-startups.com/directory/streetwaves/"
"The Campfire AI","https://www.eu-startups.com/directory/the-campfire-ai/"
"ThinkBastien","https://www.eu-startups.com/directory/thinkbastien/"
"cAPPisco","https://www.eu-startups.com/directory/cappisco/"
"BIDM srl","https://www.eu-startups.com/directory/bidm-srl-2/"
"Beer Crush","https://www.eu-startups.com/directory/beer-crush/"
"Unbox","https://www.eu-startups.com/directory/unbox/"
"Vet’Ardent","https://www.eu-startups.com/directory/vetardent/"
"Vertuoza","https://www.eu-startups.com/directory/vertuoza/"
"Whale","https://www.eu-startups.com/directory/whale/"
"Amyl Therapeutics","https://www.eu-startups.com/directory/amyl-therapeutics/"
"A.S. Grewal & Company","https://www.eu-startups.com/directory/a-s-grewal-company/"
"BIDM","https://www.eu-startups.com/directory/bidm-srl/"
"Your Ghost Production","https://www.eu-startups.com/directory/your-ghost-production/"
"Freshr","https://www.eu-startups.com/directory/freshr/"
"Wetime","https://www.eu-startups.com/directory/wetime-2/"
"Ruddy","https://www.eu-startups.com/directory/ruddy/"
"NOVABLE","https://www.eu-startups.com/directory/novable-2/"
"Govrn","https://www.eu-startups.com/directory/govrn/"
"Book Village","https://www.eu-startups.com/directory/book-village/"
"Forestmatic","https://www.eu-startups.com/directory/forestmatic/"
"Streamside nv","https://www.eu-startups.com/directory/streamside-nv/"
"AV-KLOUD","https://www.eu-startups.com/directory/av-kloud-2/"
"DPhi","https://www.eu-startups.com/directory/dphi/"
"Praesens Care","https://www.eu-startups.com/directory/praesens-care/"
"PlayTreks","https://www.eu-startups.com/directory/playtreks-massence-music-group/"
"Monimmo","https://www.eu-startups.com/directory/monimmo/"
"Massence Group","https://www.eu-startups.com/directory/massence-group-bv/"
"MRM Health","https://www.eu-startups.com/directory/mrm-health-nv/"
"MAGGY","https://www.eu-startups.com/directory/maggy/"
"NIETS","https://www.eu-startups.com/directory/niets/"
"NextGenics","https://www.eu-startups.com/directory/nextgenics/"
"Lokkal","https://www.eu-startups.com/directory/lokkal/"
"Crowdselling","https://www.eu-startups.com/directory/crowdselling/"
"Toqua","https://www.eu-startups.com/directory/toqua/"
"Pimp Your Own Device","https://www.eu-startups.com/directory/pimp-your-own-device/"
"SpeakUPwise","https://www.eu-startups.com/directory/speakupwise/"
"Urbeez","https://www.eu-startups.com/directory/urbeez/"
"AV KLOUD","https://www.eu-startups.com/directory/av-kloud/"
"VoteMeApp","https://www.eu-startups.com/directory/votemeapp/"
"Otiv","https://www.eu-startups.com/directory/otiv-2/"
"taloO","https://www.eu-startups.com/directory/taloo/"
"Zorgi","https://www.eu-startups.com/directory/zorgi/"
"WebFaster","https://www.eu-startups.com/directory/webfaster/"
"Voila","https://www.eu-startups.com/directory/voila/"
"Vertuosa","https://www.eu-startups.com/directory/vertuosa/"
"SkeyDrone","https://www.eu-startups.com/directory/skeydrone/"
"Hypervault","https://www.eu-startups.com/directory/hypervault/"
"Pillar","https://www.eu-startups.com/directory/pillar/"
"MRM Health NV","https://www.eu-startups.com/directory/mrm-health-nv-2/"
"Mobito","https://www.eu-startups.com/directory/mobito/"
"MKC Moto","https://www.eu-startups.com/directory/mkc-moto/"
"Metamaze","https://www.eu-startups.com/directory/metamaze/"
"Legacio","https://www.eu-startups.com/directory/legacio/"
"Just Wash","https://www.eu-startups.com/directory/just-wash/"
"Homeproved","https://www.eu-startups.com/directory/homeproved/"
"Healthblocks","https://www.eu-startups.com/directory/healthblocks/"
"ExeVir","https://www.eu-startups.com/directory/exevir/"
"Ziphius","https://www.eu-startups.com/directory/ziphius/"
"Diabetic & Me","https://www.eu-startups.com/directory/diabetic-me/"
"Novable","https://www.eu-startups.com/directory/novable/"
"DENCK Innovations","https://www.eu-startups.com/directory/denck-innovations/"
"LetsBuild","https://www.eu-startups.com/directory/letsbuild/"
"Happy Hours Market","https://www.eu-startups.com/directory/happy-hours-market/"
"Uncapped","https://www.eu-startups.com/directory/uncapped-2/"
"Fit-For-Purpose Technologies","https://www.eu-startups.com/directory/fit-for-purpose-technologies-srl-bv/"
"huapii","https://www.eu-startups.com/directory/huapii/"
"Setle","https://www.eu-startups.com/directory/setle/"
"MayflyApp","https://www.eu-startups.com/directory/mayflyapp/"
"Skipr","https://www.eu-startups.com/directory/skipr/"
"Opteamal Sports","https://www.eu-startups.com/directory/opteamal-sports/"
"IO.LAND","https://www.eu-startups.com/directory/io-land-srl/"
"Doprax","https://www.eu-startups.com/directory/doprax/"
"Compliment.","https://www.eu-startups.com/directory/compliment/"
"Lytix","https://www.eu-startups.com/directory/lytix/"
"Maiky","https://www.eu-startups.com/directory/maiky/"
"Jane","https://www.eu-startups.com/directory/jane/"
"Howdy Partners","https://www.eu-startups.com/directory/howdy-partners/"
"moonbird","https://www.eu-startups.com/directory/moonbird/"
"HeronTrack","https://www.eu-startups.com/directory/herontrack/"
"Myconsultation","https://www.eu-startups.com/directory/myconsultation/"
"HeartKinetics","https://www.eu-startups.com/directory/heartkinetics/"
"MyCellHub","https://www.eu-startups.com/directory/mycellhub/"
"Naki Power","https://www.eu-startups.com/directory/naki-power/"
"Neybor","https://www.eu-startups.com/directory/neybor/"
"GAMMA AR","https://www.eu-startups.com/directory/gamma-ar/"
"NuNet","https://www.eu-startups.com/directory/nunet/"
"OHMX.bio","https://www.eu-startups.com/directory/ohmx-bio/"
"FLATsite","https://www.eu-startups.com/directory/flatsite/"
"ExoVibe","https://www.eu-startups.com/directory/exovibe/"
"Enky","https://www.eu-startups.com/directory/enky/"
"Procurement Freelancers","https://www.eu-startups.com/directory/procurement-freelancers/"
"PSG Group","https://www.eu-startups.com/directory/psg-group/"
"Rentaga S.R.L.","https://www.eu-startups.com/directory/rentaga-s-r-l/"
"Relu","https://www.eu-startups.com/directory/relu/"
"roboton.io","https://www.eu-startups.com/directory/roboton-io/"
"Digazu","https://www.eu-startups.com/directory/digazu/"
"DeltaQ","https://www.eu-startups.com/directory/deltaq/"
"Datavillage","https://www.eu-startups.com/directory/datavillage/"
"Sensor.Link","https://www.eu-startups.com/directory/sensor-link/"
"Cybervalue","https://www.eu-startups.com/directory/cybervalue/"
"SOCRAI","https://www.eu-startups.com/directory/socrai/"
"Cloubis","https://www.eu-startups.com/directory/cloubis/"
"StriveCloud","https://www.eu-startups.com/directory/strivecloud/"
"Tappable","https://www.eu-startups.com/directory/tappable/"
"Tapio","https://www.eu-startups.com/directory/tapio/"
"Cardify","https://www.eu-startups.com/directory/cardify/"
"Calypsus","https://www.eu-startups.com/directory/calypsus/"
"TheSignallingCompany","https://www.eu-startups.com/directory/thesignallingcompany/"
"BubblyDoo","https://www.eu-startups.com/directory/bubblydoo/"
"Thynk.Cloud","https://www.eu-startups.com/directory/thynk-cloud/"
"BRAUZZ.","https://www.eu-startups.com/directory/brauzz/"
"bemotech","https://www.eu-startups.com/directory/bemotech/"
"Trinity","https://www.eu-startups.com/directory/trinity/"
"Augustine Therapeutics","https://www.eu-startups.com/directory/augustine-therapeutics/"
"Augment","https://www.eu-startups.com/directory/augment/"
"ASKA","https://www.eu-startups.com/directory/aska/"
"ArtiQ","https://www.eu-startups.com/directory/artiq/"
"Aqvita","https://www.eu-startups.com/directory/aqvita/"
"AlterEyes","https://www.eu-startups.com/directory/altereyes/"
"AguaVibes","https://www.eu-startups.com/directory/aguavibes/"
"AiVidens","https://www.eu-startups.com/directory/aividens/"
"Wosh","https://www.eu-startups.com/directory/wosh/"
"xyzt.ai","https://www.eu-startups.com/directory/xyzt-ai/"
"Accounton","https://www.eu-startups.com/directory/accounton/"
"Mekanika","https://www.eu-startups.com/directory/mekanika/"
"BRIKL","https://www.eu-startups.com/directory/brikl-bv/"
"Trensition","https://www.eu-startups.com/directory/trensition/"
"Yoga Teacher Land","https://www.eu-startups.com/directory/yoga-teacher-land/"
"Jobgether","https://www.eu-startups.com/directory/jobgether/"
"Nobi Smart Lamps","https://www.eu-startups.com/directory/nobi-smart-lamps/"
"Classified Cycling","https://www.eu-startups.com/directory/classified-cycling-2/"
"Classified Cycling","https://www.eu-startups.com/directory/classified-cycling/"
"Komrads","https://www.eu-startups.com/directory/komrads/"
"The Grain","https://www.eu-startups.com/directory/the-grain/"
"Shokunin Technology","https://www.eu-startups.com/directory/shokunin-technology/"
"Ubiz Acceleration","https://www.eu-startups.com/directory/ubiz-acceleration/"
"DRC CONGO INVESTMENT","https://www.eu-startups.com/directory/drc-congo-investment-ltd/"
"Creative Therapy","https://www.eu-startups.com/directory/creative-therapy-2/"
"Uman.ai","https://www.eu-startups.com/directory/uman-ai/"
"Who’s Up","https://www.eu-startups.com/directory/whos-up/"
"SCANDALOOK","https://www.eu-startups.com/directory/scandalook/"
"Snikpic","https://www.eu-startups.com/directory/snikpic/"
"Stellar Labs","https://www.eu-startups.com/directory/stellar-labs/"
"The New Norm Company","https://www.eu-startups.com/directory/the-new-norm-company/"
"Hybrid Core","https://www.eu-startups.com/directory/hybrid-core/"
"BioStrand","https://www.eu-startups.com/directory/biostrand/"
"Qollabi","https://www.eu-startups.com/directory/qollabi/"
"Handl Therapeutics","https://www.eu-startups.com/directory/handl-therapeutics/"
"Shyfter","https://www.eu-startups.com/directory/shyfter/"
"Yuman","https://www.eu-startups.com/directory/yuman/"
"Portfoleon","https://www.eu-startups.com/directory/portfoleon/"
"Avail","https://www.eu-startups.com/directory/avail/"
"Pitchdrive","https://www.eu-startups.com/directory/pitchdrive/"
"kopilot.io","https://www.eu-startups.com/directory/kopilot-io/"
"IoT-D","https://www.eu-startups.com/directory/iot-d/"
"Instaon","https://www.eu-startups.com/directory/instaon/"
"Awell Health","https://www.eu-startups.com/directory/awell-health/"
"InviteDesk","https://www.eu-startups.com/directory/invitedesk/"
"Spacehuntr","https://www.eu-startups.com/directory/spacehuntr/"
"Buy The Billboard","https://www.eu-startups.com/directory/buy-the-billboard/"
"Exchangify","https://www.eu-startups.com/directory/exchangify/"
"Infinity Mobile","https://www.eu-startups.com/directory/infinity-mobile/"
"Mother","https://www.eu-startups.com/directory/mother/"
"ONLZ","https://www.eu-startups.com/directory/onlz/"
"DataStories","https://www.eu-startups.com/directory/datastories-international-nv/"
"Unova","https://www.eu-startups.com/directory/unova/"
"Cake","https://www.eu-startups.com/directory/cake-3/"
"Deliverect","https://www.eu-startups.com/directory/deliverect/"
"Spectricity","https://www.eu-startups.com/directory/spectricity/"
"ClauseBase","https://www.eu-startups.com/directory/clausebase/"
"Complidata","https://www.eu-startups.com/directory/complidata/"
"Ester","https://www.eu-startups.com/directory/ester/"
"Gimber","https://www.eu-startups.com/directory/gimber/"
"IMMO IQ","https://www.eu-startups.com/directory/immo-iq/"
"BoothSquare","https://www.eu-startups.com/directory/boothsquare/"
"immoFILTER","https://www.eu-startups.com/directory/immofilter/"
"The Venturi Tribe","https://www.eu-startups.com/directory/the-venturi-tribe/"
"Chronas","https://www.eu-startups.com/directory/chronas/"
"Dockflow","https://www.eu-startups.com/directory/dockflow/"
"Axiles Bionics","https://www.eu-startups.com/directory/axiles-bionics/"
"Anamatch","https://www.eu-startups.com/directory/anamatch/"
"Pastry Solutions","https://www.eu-startups.com/directory/pastry-solutions/"
"247 Energy","https://www.eu-startups.com/directory/247-energy/"
"kopilot.io","https://www.eu-startups.com/directory/kopilot-io-2/"
"EXTHAND","https://www.eu-startups.com/directory/exthand/"
"ROOV","https://www.eu-startups.com/directory/roov/"
"Soda","https://www.eu-startups.com/directory/soda/"
"Antelope Dx","https://www.eu-startups.com/directory/antelope-dx/"
"Venly","https://www.eu-startups.com/directory/venly/"
"ThreeFold Tech","https://www.eu-startups.com/directory/threefold-tech/"
"Elyps","https://www.eu-startups.com/directory/elyps/"
"Epic Therapeutics","https://www.eu-startups.com/directory/epic-therapeutics/"
"Medispring","https://www.eu-startups.com/directory/medispring/"
"Mealhero","https://www.eu-startups.com/directory/mealhero/"
"DESelect","https://www.eu-startups.com/directory/deselect/"
"Vadis Technologies","https://www.eu-startups.com/directory/vadis-technologies/"
"Syndesi Therapeutics","https://www.eu-startups.com/directory/syndesi-therapeutics/"
"TechWolf","https://www.eu-startups.com/directory/techwolf/"
"Verbolia","https://www.eu-startups.com/directory/verbolia/"
"Pricing Pact","https://www.eu-startups.com/directory/pricing-pact/"
"Huur-Recht.be","https://www.eu-startups.com/directory/huur-recht-be-2/"
"Mozzeno","https://www.eu-startups.com/directory/mozzeno/"
"Oncomfort","https://www.eu-startups.com/directory/oncomfort/"
"Resortecs","https://www.eu-startups.com/directory/resortecs/"
"Metric.live","https://www.eu-startups.com/directory/metric-live/"
"WeGroup","https://www.eu-startups.com/directory/wegroup/"
"EatLocal","https://www.eu-startups.com/directory/eatlocal-restaurants-friends-love/"
"FOMO","https://www.eu-startups.com/directory/fomo/"
"Intigriti","https://www.eu-startups.com/directory/intigriti/"
"Holifresh","https://www.eu-startups.com/directory/holifresh/"
"Apicbase","https://www.eu-startups.com/directory/apicbase/"
"Global BioDesign","https://www.eu-startups.com/directory/global-biodesign/"
"Lexigogo","https://www.eu-startups.com/directory/lexigogo-bvba/"
"Esoptra","https://www.eu-startups.com/directory/esoptra/"
"COWBOY","https://www.eu-startups.com/directory/cowboy/"
"Wetime","https://www.eu-startups.com/directory/wetime/"
"MyTeamBuilding","https://www.eu-startups.com/directory/myteambuilding/"
"Oracol Xor","https://www.eu-startups.com/directory/oracol-xor/"
"Strategic Water","https://www.eu-startups.com/directory/strategic-water/"
"YATKE","https://www.eu-startups.com/directory/yatke-2/"
"Epihunter","https://www.eu-startups.com/directory/epihunter/"
"HUNTRS","https://www.eu-startups.com/directory/huntrs/"
"Delta","https://www.eu-startups.com/directory/delta/"
"Hometag","https://www.eu-startups.com/directory/hometag/"
"Katt.","https://www.eu-startups.com/directory/katt/"
"Ziggu","https://www.eu-startups.com/directory/ziggu/"
"Accountable","https://www.eu-startups.com/directory/accountable/"
"Fishtripr","https://www.eu-startups.com/directory/fishtripr/"
"Helpper","https://www.eu-startups.com/directory/helpper/"
"Peas&Love","https://www.eu-startups.com/directory/peaslove/"
"Keyrock","https://www.eu-startups.com/directory/keyrock/"
"Find.me","https://www.eu-startups.com/directory/find-me/"
"Smartbeam","https://www.eu-startups.com/directory/smartbeam/"
"Calltic","https://www.eu-startups.com/directory/calltic/"
"Yields.io","https://www.eu-startups.com/directory/yields-io-2/"
"Digiboard.io","https://www.eu-startups.com/directory/digiboard-io/"
"Neterium","https://www.eu-startups.com/directory/neterium/"
"VEX Solutions","https://www.eu-startups.com/directory/vex-solutions/"
"Afriwise NV","https://www.eu-startups.com/directory/afriwise-nv/"
"Shippr","https://www.eu-startups.com/directory/shippr/"
"BeInfluence","https://www.eu-startups.com/directory/beinfluence/"
"Dog Chef","https://www.eu-startups.com/directory/dog-chef/"
"PaxFamilia","https://www.eu-startups.com/directory/paxfamilia/"
"HEYARU Engineering","https://www.eu-startups.com/directory/heyaru-engineering-nv/"
"Tribu News","https://www.eu-startups.com/directory/tribu-news/"
"Azumuta","https://www.eu-startups.com/directory/azumuta/"
"Cikisi WMT","https://www.eu-startups.com/directory/cikisi-wmt/"
"ALMA.care","https://www.eu-startups.com/directory/alma-care/"
"Elite","https://www.eu-startups.com/directory/elite/"
"Husky","https://www.eu-startups.com/directory/husky/"
"Neuroteg AI","https://www.eu-startups.com/directory/neuroteg-ai/"
"etheclo","https://www.eu-startups.com/directory/etheclo-2/"
"etheclo","https://www.eu-startups.com/directory/etheclo/"
"Kwarts","https://www.eu-startups.com/directory/kwarts/"
"Wado","https://www.eu-startups.com/directory/wado/"
"Tequinity","https://www.eu-startups.com/directory/tequinity/"
"MoodMe","https://www.eu-startups.com/directory/moodme/"
"SweepBright","https://www.eu-startups.com/directory/sweepbright/"
"MySkillCamp","https://www.eu-startups.com/directory/myskillcamp/"
"Qover","https://www.eu-startups.com/directory/qover/"
"Sensifai","https://www.eu-startups.com/directory/sensifai-2/"
"ArtAssistant","https://www.eu-startups.com/directory/artassistant/"
"QuidProJobs, the Reference Club","https://www.eu-startups.com/directory/quidprojobs-the-reference-club/"
"Ulobby","https://www.eu-startups.com/directory/ulobby/"
"Itinari","https://www.eu-startups.com/directory/itinari/"
"Spencer","https://www.eu-startups.com/directory/spencer/"
"Beeple","https://www.eu-startups.com/directory/beeple/"
"ViViDoctor","https://www.eu-startups.com/directory/vividoctor/"
"StoryChief","https://www.eu-startups.com/directory/storychief/"
"Zoovu","https://www.eu-startups.com/directory/zoovu/"
"Sofitto","https://www.eu-startups.com/directory/sofitto/"
"Sweepatic","https://www.eu-startups.com/directory/sweepatic/"
"Sitemark","https://www.eu-startups.com/directory/sitemark/"
"NodalView","https://www.eu-startups.com/directory/nodalview/"
"Settlemint","https://www.eu-startups.com/directory/settlemint/"
"Loop Earplugs","https://www.eu-startups.com/directory/loop-earplugs/"
"Hackages","https://www.eu-startups.com/directory/hackages/"
"TakeAir","https://www.eu-startups.com/directory/takeair/"
"Eventigo","https://www.eu-startups.com/directory/eventigo/"
"Morrow Optics","https://www.eu-startups.com/directory/morrow-optics-2/"
"Morrow Optics","https://www.eu-startups.com/directory/morrow-optics/"
"Aerospacelab","https://www.eu-startups.com/directory/aerospacelab/"
"Air Belgium","https://www.eu-startups.com/directory/air-belgium/"
"Pick-it","https://www.eu-startups.com/directory/pick-it/"
"OCTIMET Oncology","https://www.eu-startups.com/directory/octimet-oncology/"
"LucidWeb","https://www.eu-startups.com/directory/lucidweb/"
"Indigo Diabetes","https://www.eu-startups.com/directory/indigo-diabetes/"
"Joyn Belgium","https://www.eu-startups.com/directory/joyn-belgium/"
"Daltix","https://www.eu-startups.com/directory/daltix/"
"Cohabs","https://www.eu-startups.com/directory/cohabs/"
"Rejuvenate Biomed","https://www.eu-startups.com/directory/rejuvenate-biomed/"
"Smovin","https://www.eu-startups.com/directory/smovin/"
"Tengu","https://www.eu-startups.com/directory/tengu/"
"Spott","https://www.eu-startups.com/directory/spott/"
"Manual.to","https://www.eu-startups.com/directory/manual-to/"
"WinWinner","https://www.eu-startups.com/directory/winwinner/"
"Musimap","https://www.eu-startups.com/directory/musimap/"
"Hedera-22","https://www.eu-startups.com/directory/hedera-22/"
"sepastop.eu","https://www.eu-startups.com/directory/sepastop-eu/"
"Hack League","https://www.eu-startups.com/directory/hack-league/"
"AcademicLabs","https://www.eu-startups.com/directory/academiclabs/"
"Utopix.io","https://www.eu-startups.com/directory/utopix-io/"
"MobieTrain","https://www.eu-startups.com/directory/mobietrain/"
"MatchOffice Belgium","https://www.eu-startups.com/directory/matchoffice-belgium/"
"Transmate","https://www.eu-startups.com/directory/transmate/"
"CitizenLab","https://www.eu-startups.com/directory/citizenlab/"
"Parcify","https://www.eu-startups.com/directory/parcify/"
"Unifly","https://www.eu-startups.com/directory/unifly/"
"IN4IT","https://www.eu-startups.com/directory/in4it/"
"CHEQROOM","https://www.eu-startups.com/directory/cheqroom/"
"Digiteal","https://www.eu-startups.com/directory/digiteal/"
"Explore-Share","https://www.eu-startups.com/directory/explore-share/"
"The Glue","https://www.eu-startups.com/directory/the-glue/"
"Cumul.io","https://www.eu-startups.com/directory/cumul-io/"
"Osimis","https://www.eu-startups.com/directory/osimis/"
"Potelet","https://www.eu-startups.com/directory/potelet/"
"Around Media","https://www.eu-startups.com/directory/around-media/"
"Parkd","https://www.eu-startups.com/directory/parkd/"
"Thingit","https://www.eu-startups.com/directory/thingit/"
"ZapFloor","https://www.eu-startups.com/directory/zapfloor/"
"ScriptBook","https://www.eu-startups.com/directory/scriptbook/"
"Sentiance","https://www.eu-startups.com/directory/sentiance/"
"LynxCare","https://www.eu-startups.com/directory/lynxcare/"
"ViroVet","https://www.eu-startups.com/directory/virovet/"
"Rein4ced","https://www.eu-startups.com/directory/rein4ced/"
"Alberts","https://www.eu-startups.com/directory/alberts/"
"Utopix Pictures","https://www.eu-startups.com/directory/utopix-pictures/"
"SHIFTMEAPP","https://www.eu-startups.com/directory/shiftmeapp/"
"Sunrise","https://www.eu-startups.com/directory/sunrise/"
"miDiagnostics","https://www.eu-startups.com/directory/midiagnostics/"
"Confo Therapeutics","https://www.eu-startups.com/directory/confo-therapeutics/"
"Magnax","https://www.eu-startups.com/directory/magnax/"
"SHIPNEXT","https://www.eu-startups.com/directory/shipnext/"
"Iristick","https://www.eu-startups.com/directory/iristick/"
"Byteflies","https://www.eu-startups.com/directory/byteflies/"
"Pozyx","https://www.eu-startups.com/directory/pozyx/"
"Bsit","https://www.eu-startups.com/directory/bsit/"
"Emolytics","https://www.eu-startups.com/directory/emolytics/"
"Realo","https://www.eu-startups.com/directory/realo/"
"Chestnote","https://www.eu-startups.com/directory/chestnote/"
"e-peas","https://www.eu-startups.com/directory/e-peas/"
"Pocketvault","https://www.eu-startups.com/directory/pocketvault/"
"FibriCheck","https://www.eu-startups.com/directory/fibricheck/"
"Atelier – Make it Studio","https://www.eu-startups.com/directory/atelier-make-it-studio/"
"Phasya","https://www.eu-startups.com/directory/phasya/"
"Orbit GT","https://www.eu-startups.com/directory/orbit-gt/"
"Sortlist","https://www.eu-startups.com/directory/sortlist/"
"DataCamp","https://www.eu-startups.com/directory/datacamp/"
"OncoDNA","https://www.eu-startups.com/directory/oncodna/"
"Happy Volcano","https://www.eu-startups.com/directory/happy-volcano/"
"Bringme","https://www.eu-startups.com/directory/bringme/"
"Guardsquare","https://www.eu-startups.com/directory/guardsquare/"
"Hoplr","https://www.eu-startups.com/directory/hoplr/"
"Calyos","https://www.eu-startups.com/directory/calyos/"
"Aldento","https://www.eu-startups.com/directory/aldento/"
"Opinum","https://www.eu-startups.com/directory/opinum/"
"Trince","https://www.eu-startups.com/directory/trince/"
"UgenTec","https://www.eu-startups.com/directory/ugentec/"
"Edgard & Cooper","https://www.eu-startups.com/directory/edgard-cooper/"
"Proceedix","https://www.eu-startups.com/directory/proceedix/"
"Precirix","https://www.eu-startups.com/directory/precirix/"
"Team Cyclis","https://www.eu-startups.com/directory/team-cyclis/"
"Hozint","https://www.eu-startups.com/directory/hozint/"
"Orbit GeoSpatial Technologies","https://www.eu-startups.com/directory/orbit-geospatial-technologies/"
"Wellevue","https://www.eu-startups.com/directory/wellevue/"
"AgroSavfe","https://www.eu-startups.com/directory/agrosavfe/"
"Sensolus","https://www.eu-startups.com/directory/sensolus/"
"BeatSwitch","https://www.eu-startups.com/directory/beatswitch/"
"nofuss","https://www.eu-startups.com/directory/nofuss/"
"N1GHT.com","https://www.eu-startups.com/directory/n1ght-com/"
"MyGet","https://www.eu-startups.com/directory/myget/"
"Smartflats","https://www.eu-startups.com/directory/smartflats/"
"iBanFirst","https://www.eu-startups.com/directory/ibanfirst/"
"Survey Anyplace","https://www.eu-startups.com/directory/survey-anyplace/"
"Pickit 3D","https://www.eu-startups.com/directory/pickit-3d/"
"Teamleader","https://www.eu-startups.com/directory/teamleader/"
"PieSync","https://www.eu-startups.com/directory/piesync/"
"Cashforce","https://www.eu-startups.com/directory/cashforce/"
"Nallian","https://www.eu-startups.com/directory/nallian/"
"Prism video","https://www.eu-startups.com/directory/prism-video/"
"Icometrix","https://www.eu-startups.com/directory/icometrix/"
"Invibes Advertising","https://www.eu-startups.com/directory/invibes-advertising/"
"DECOVRY","https://www.eu-startups.com/directory/decovry/"
"Proxistore","https://www.eu-startups.com/directory/proxistore/"
"Virtualtour.city | Nuvia","https://www.eu-startups.com/directory/virtualtour-city-nuvia/"
"Eastvantage","https://www.eu-startups.com/directory/eastvantage/"
"Qualifio","https://www.eu-startups.com/directory/qualifio/"
"PEPITe","https://www.eu-startups.com/directory/pepite/"
"Taxi2Share","https://www.eu-startups.com/directory/taxi2share/"