Name,Link
"dreamprint.art","https://www.eu-startups.com/directory/dreamprint.art"
"Propane","https://www.eu-startups.com/directory/propane/"
"Under Åben Himmel","https://www.eu-startups.com/directory/under-aben-himmel/"
"Yaay","https://www.eu-startups.com/directory/yaay/"
"HotelsHero","https://www.eu-startups.com/directory/hotelshero/"
"Prezio","https://www.eu-startups.com/directory/prezio/"
"Syncable.dev","https://www.eu-startups.com/directory/syncable.dev"
"Promte","https://www.eu-startups.com/directory/promte/"
"Just Drive Car Rental","https://www.eu-startups.com/directory/just-drive-car-rental/"
"Yuaia Haircare","https://www.eu-startups.com/directory/yuaia-haircare/"
"AI Flow Chat","https://www.eu-startups.com/directory/ai-flow-chat/"
"Aisel Health","https://www.eu-startups.com/directory/aisel-health/"
"Flowcore","https://www.eu-startups.com/directory/flowcore/"
"Skaparar","https://www.eu-startups.com/directory/skaparar/"
"Mello Systems","https://www.eu-startups.com/directory/mello-systems/"
"oceanzhub","https://www.eu-startups.com/directory/oceanzhub/"
"MMW","https://www.eu-startups.com/directory/mmw/"
"Smart Role","https://www.eu-startups.com/directory/smart-role/"
"Yinovise","https://www.eu-startups.com/directory/yinovise/"
"teks","https://www.eu-startups.com/directory/teks/"
"Linucare","https://www.eu-startups.com/directory/linucare/"
"SPIROMANN","https://www.eu-startups.com/directory/spiromann/"
"tiny","https://www.eu-startups.com/directory/tiny/"
"AI Energy","https://www.eu-startups.com/directory/ai-energy/"
"DeafTawk","https://www.eu-startups.com/directory/deaftawk/"
"Feedball Media","https://www.eu-startups.com/directory/feedball-media/"
"StockAlert.pro","https://www.eu-startups.com/directory/stockalert.pro"
"DevOps Agent","https://www.eu-startups.com/directory/devops-agent/"
"Zento – Business accounts for entrepreneurs","https://www.eu-startups.com/directory/zento-business-accounts-for-entrepreneurs/"
"Onlime","https://www.eu-startups.com/directory/onlime/"
"Sugarcoat","https://www.eu-startups.com/directory/sugarcoat/"
"Esatos Travel","https://www.eu-startups.com/directory/esatos-travel/"
"Virtuall","https://www.eu-startups.com/directory/virtuall/"
"A1","https://www.eu-startups.com/directory/a1/"
"Kartago Capital","https://www.eu-startups.com/directory/kartago-capital/"
"Connie ApS","https://www.eu-startups.com/directory/connie-aps/"
"Audiorista","https://www.eu-startups.com/directory/audiorista/"
"Repeet","https://www.eu-startups.com/directory/repeet/"
"Chyo ApS","https://www.eu-startups.com/directory/chyo-aps/"
"Velatir","https://www.eu-startups.com/directory/velatir/"
"Lovecast.dk","https://www.eu-startups.com/directory/lovecastdk/"
"Silvi","https://www.eu-startups.com/directory/silvi/"
"Monax","https://www.eu-startups.com/directory/monax/"
"SimplyReview","https://www.eu-startups.com/directory/simplyreview/"
"The Tribe","https://www.eu-startups.com/directory/the-tribe/"
"TrustPlay","https://www.eu-startups.com/directory/trustplay/"
"The Tribe","https://www.eu-startups.com/directory/the-tribe/"
"PineRiver","https://www.eu-startups.com/directory/pineriver/"
"Smart CSRD","https://www.eu-startups.com/directory/smart-csrd/"
"Bucket","https://www.eu-startups.com/directory/bucket/"
"The Next Race","https://www.eu-startups.com/directory/the-next-race/"
"Ocean.io","https://www.eu-startups.com/directory/oceanio/"
"Fluentos","https://www.eu-startups.com/directory/fluentos/"
"EagleHunt AI","https://www.eu-startups.com/directory/eaglehunt-ai/"
"Machina Sports","https://www.eu-startups.com/directory/machina-sports/"
"Wallpapery","https://www.eu-startups.com/directory/wallpapery/"
"Strongsize","https://www.eu-startups.com/directory/strongsize/"
"Minibook","https://www.eu-startups.com/directory/minibook/"
"Zeta Diagnostic","https://www.eu-startups.com/directory/zeta-diagnostic/"
"Wenemea","https://www.eu-startups.com/directory/wenemea/"
"Umamamia","https://www.eu-startups.com/directory/umamamia/"
"Themison","https://www.eu-startups.com/directory/themison/"
"The 0-Mission","https://www.eu-startups.com/directory/the-0-mission/"
"Suplient","https://www.eu-startups.com/directory/suplient/"
"SoundWheel","https://www.eu-startups.com/directory/soundwheel/"
"Skypuzzler","https://www.eu-startups.com/directory/skypuzzler/"
"Sens-vue","https://www.eu-startups.com/directory/sens-vue/"
"ROICO","https://www.eu-startups.com/directory/roico/"
"QASE Tech","https://www.eu-startups.com/directory/qase-tech/"
"Phlit","https://www.eu-startups.com/directory/phlit/"
"Økoskabet","https://www.eu-startups.com/directory/okoskabet/"
"Oceanswell Energy","https://www.eu-startups.com/directory/oceanswell-energy/"
"NordInvent","https://www.eu-startups.com/directory/nordinvent/"
"HubBroker ApS","https://www.eu-startups.com/directory/hubbroker-aps/"
"NeoCare Nordic","https://www.eu-startups.com/directory/neocare-nordic/"
"næctar","https://www.eu-startups.com/directory/naectar/"
"Mixtery","https://www.eu-startups.com/directory/mixtery/"
"Leaf Insurance","https://www.eu-startups.com/directory/leaf-insurance/"
"Insutex","https://www.eu-startups.com/directory/insutex/"
"GET LIT DK","https://www.eu-startups.com/directory/get-lit-dk/"
"EXO360","https://www.eu-startups.com/directory/exo360/"
"Exitplanner","https://www.eu-startups.com/directory/exitplanner/"
"Ergasta","https://www.eu-startups.com/directory/ergasta/"
"Eduflow","https://www.eu-startups.com/directory/eduflow/"
"Pattrnz","https://www.eu-startups.com/directory/pattrnz/"
"Clair Scientific","https://www.eu-startups.com/directory/clair-scientific/"
"Bygaard","https://www.eu-startups.com/directory/bygaard/"
"Bikekey","https://www.eu-startups.com/directory/bikekey/"
"BeWo","https://www.eu-startups.com/directory/bewo/"
"Wecycle Furniture","https://www.eu-startups.com/directory/wecycle-furniture/"
"Vocaire","https://www.eu-startups.com/directory/vocaire/"
"Unmute Greetings","https://www.eu-startups.com/directory/unmute-greetings/"
"TuneButler","https://www.eu-startups.com/directory/tunebutler/"
"Tinyfarms","https://www.eu-startups.com/directory/tinyfarms/"
"SyncDesk","https://www.eu-startups.com/directory/syncdesk/"
"SWÖM","https://www.eu-startups.com/directory/swom/"
"Sustainly","https://www.eu-startups.com/directory/sustainly/"
"SPEDA","https://www.eu-startups.com/directory/speda/"
"Social Tech Projects","https://www.eu-startups.com/directory/social-tech-projects/"
"Sens Vue","https://www.eu-startups.com/directory/sens-vue/"
"SearchMaster","https://www.eu-startups.com/directory/searchmaster/"
"Phanofi","https://www.eu-startups.com/directory/phanofi/"
"Paint’R","https://www.eu-startups.com/directory/paintr/"
"Pacific North","https://www.eu-startups.com/directory/pacific-north/"
"MyKin.ai","https://www.eu-startups.com/directory/mykinai/"
"Molecular Quantum Solutions","https://www.eu-startups.com/directory/molecular-quantum-solutions/"
"Jabbr","https://www.eu-startups.com/directory/jabbr/"
"Inspectral","https://www.eu-startups.com/directory/inspectral/"
"InnoPilot","https://www.eu-startups.com/directory/innopilot/"
"grounded","https://www.eu-startups.com/directory/grounded/"
"Enyday","https://www.eu-startups.com/directory/enyday/"
"Dynelectro","https://www.eu-startups.com/directory/dynelectro/"
"CatchScan","https://www.eu-startups.com/directory/catchscan/"
"BuildCode","https://www.eu-startups.com/directory/buildcode/"
"BetterChoice","https://www.eu-startups.com/directory/betterchoice/"
"ATTO 3D","https://www.eu-startups.com/directory/atto-3d/"
"Alcolase","https://www.eu-startups.com/directory/alcolase/"
"Aerial Tools","https://www.eu-startups.com/directory/aerial-tools/"
"danBots","https://www.eu-startups.com/directory/danbots/"
"EchoVice","https://www.eu-startups.com/directory/echovice/"
"ClientForge","https://www.eu-startups.com/directory/clientforge/"
"Pluto.markets","https://www.eu-startups.com/directory/plutomarkets/"
"Aegir Insights","https://www.eu-startups.com/directory/aegir-insights/"
"Artelize","https://www.eu-startups.com/directory/artelize/"
"proemial","https://www.eu-startups.com/directory/proemial/"
"Performativ","https://www.eu-startups.com/directory/performativ/"
"VISO","https://www.eu-startups.com/directory/viso/"
"Spektr","https://www.eu-startups.com/directory/spektr/"
"Hakio","https://www.eu-startups.com/directory/hakio/"
"Dealflow","https://www.eu-startups.com/directory/dealflow/"
"Klimate","https://www.eu-startups.com/directory/klimate/"
"Meo","https://www.eu-startups.com/directory/meo/"
"Novo Nordisk","https://www.eu-startups.com/directory/novo-nordisk/"
"Woba","https://www.eu-startups.com/directory/woba/"
"Formalize","https://www.eu-startups.com/directory/formalize/"
"Rodinia Generation","https://www.eu-startups.com/directory/rodinia-generation/"
"1ID","https://www.eu-startups.com/directory/1id/"
"Herbico","https://www.eu-startups.com/directory/herbico/"
"Gain Momentum","https://www.eu-startups.com/directory/gain-momentum/"
"Anemo Robotics","https://www.eu-startups.com/directory/anemo-robotics/"
"LegalPass","https://www.eu-startups.com/directory/legalpass/"
"Workjoy","https://www.eu-startups.com/directory/workjoy/"
"Niimblr","https://www.eu-startups.com/directory/niimblr/"
"X Scooter","https://www.eu-startups.com/directory/x-scooter/"
"re:cinq","https://www.eu-startups.com/directory/recinq/"
"Rig.dev","https://www.eu-startups.com/directory/rig.dev"
"Cinematronic ApS","https://www.eu-startups.com/directory/cinematronic-aps/"
"Krater.ai","https://www.eu-startups.com/directory/kraterai/"
"Bedbible.com","https://www.eu-startups.com/directory/bedbible.com"
"PassionClass","https://www.eu-startups.com/directory/passionclass/"
"Sensae","https://www.eu-startups.com/directory/sensae/"
"Clean Matter Aps","https://www.eu-startups.com/directory/clean-matter-aps/"
"Fluentos","https://www.eu-startups.com/directory/fluentos/"
"RaskRask","https://www.eu-startups.com/directory/raskrask/"
"Holdbar","https://www.eu-startups.com/directory/holdbar/"
"Mw Regnskab ApS","https://www.eu-startups.com/directory/mw-regnskab-aps/"
"Star.Care","https://www.eu-startups.com/directory/star-care/"
"Virtuall","https://www.eu-startups.com/directory/virtuall/"
"Coana","https://www.eu-startups.com/directory/coana/"
"Clever Cost","https://www.eu-startups.com/directory/clever-cost/"
"Atrib","https://www.eu-startups.com/directory/atrib/"
"Agrobiomics","https://www.eu-startups.com/directory/agrobiomics/"
"BusySunday","https://www.eu-startups.com/directory/busysunday/"
"BlackCap","https://www.eu-startups.com/directory/blackcap/"
"BetterLabs","https://www.eu-startups.com/directory/betterlabs/"
"Raavare.com","https://www.eu-startups.com/directory/raavare-com/"
"Beoty","https://www.eu-startups.com/directory/beoty/"
"Sourcebirds","https://www.eu-startups.com/directory/sourcebirds/"
"Scentmore","https://www.eu-startups.com/directory/scentmore/"
"Sprout Dynamics","https://www.eu-startups.com/directory/sprout-dynamics/"
"SmallClaims","https://www.eu-startups.com/directory/smallclaims/"
"Contribe","https://www.eu-startups.com/directory/contribe/"
"StockHawk","https://www.eu-startups.com/directory/stockhawk/"
"Probmet","https://www.eu-startups.com/directory/probmet/"
"PerPlant","https://www.eu-startups.com/directory/perplant/"
"Ousia Pharma","https://www.eu-startups.com/directory/ousia-pharma/"
"SolarHR","https://www.eu-startups.com/directory/solarhr/"
"Myco4Food","https://www.eu-startups.com/directory/myco4food/"
"TriptoBIO","https://www.eu-startups.com/directory/triptobio/"
"Horizon3","https://www.eu-startups.com/directory/horizon3/"
"Heyhack","https://www.eu-startups.com/directory/heyhack/"
"Neurescue","https://www.eu-startups.com/directory/neurescue/"
"Growblocks","https://www.eu-startups.com/directory/growblocks/"
"Scaleup Finance","https://www.eu-startups.com/directory/scaleup-finance/"
"Fullview","https://www.eu-startups.com/directory/fullview/"
"Weld","https://www.eu-startups.com/directory/weld-2/"
"Weld","https://www.eu-startups.com/directory/weld/"
"bluekit","https://www.eu-startups.com/directory/bluekit/"
"BactiQuant","https://www.eu-startups.com/directory/bactiquant/"
"Aplica Denmark","https://www.eu-startups.com/directory/aplica-denmark/"
"ALGIECEL","https://www.eu-startups.com/directory/algiecel/"
"Zoios","https://www.eu-startups.com/directory/zoios/"
"MoveNation","https://www.eu-startups.com/directory/movenation/"
"Penshift","https://www.eu-startups.com/directory/penshift/"
"Go Autonomous","https://www.eu-startups.com/directory/go-autonomous-2/"
"INCUBATOR","https://www.eu-startups.com/directory/incubator/"
"LEAP – The Business Model Game","https://www.eu-startups.com/directory/leap-the-business-model-game/"
"Tryp.com","https://www.eu-startups.com/directory/tryp-com/"
"Femilog Holding","https://www.eu-startups.com/directory/femilog-holding/"
"Weply","https://www.eu-startups.com/directory/weply/"
"ARTXP","https://www.eu-startups.com/directory/artxp/"
"Baseline","https://www.eu-startups.com/directory/baseline/"
"kompasbank","https://www.eu-startups.com/directory/kompasbank/"
"JOYN","https://www.eu-startups.com/directory/joyn/"
"Responsibly","https://www.eu-startups.com/directory/responsibly/"
"Bioomix","https://www.eu-startups.com/directory/bioomix/"
"Nordic Sales Force","https://www.eu-startups.com/directory/nordic-sales-force/"
"ARENSBAK","https://www.eu-startups.com/directory/arensbak/"
"Dynasty Studios","https://www.eu-startups.com/directory/dynasty-studios/"
"EvodiaBio","https://www.eu-startups.com/directory/evodiabio/"
"PathoPulse","https://www.eu-startups.com/directory/pathopulse/"
"PEATZ","https://www.eu-startups.com/directory/peatz/"
"Secure Spectrum","https://www.eu-startups.com/directory/secure-spectrum/"
"BettaSensing","https://www.eu-startups.com/directory/bettasensing/"
"LEAP","https://www.eu-startups.com/directory/leap-3/"
"DanishCarRental","https://www.eu-startups.com/directory/danishcarrental/"
"Home.Earth","https://www.eu-startups.com/directory/home-earth/"
"Moonjelly","https://www.eu-startups.com/directory/moonjelly/"
"Omni Blonde","https://www.eu-startups.com/directory/omni-blonde/"
"WP Dynamic","https://www.eu-startups.com/directory/wp-dynamic/"
"MyD2App","https://www.eu-startups.com/directory/myd2app/"
"Kople","https://www.eu-startups.com/directory/kople/"
"Mammut Hoffmann","https://www.eu-startups.com/directory/mammut-hoffmann/"
"Appstract","https://www.eu-startups.com/directory/appstract/"
"Karva","https://www.eu-startups.com/directory/karva/"
"Frankly Insure","https://www.eu-startups.com/directory/frankly-insure/"
"Northstake","https://www.eu-startups.com/directory/northstake/"
"Tellero","https://www.eu-startups.com/directory/tellero/"
"Medusa","https://www.eu-startups.com/directory/medusa/"
"Frame aps","https://www.eu-startups.com/directory/frame-aps/"
"Kassio","https://www.eu-startups.com/directory/kassio/"
"Whistleblower Software","https://www.eu-startups.com/directory/whistleblower-software/"
"Frame","https://www.eu-startups.com/directory/frame/"
"dive.fm","https://www.eu-startups.com/directory/dive-fm/"
"Januar","https://www.eu-startups.com/directory/januar/"
"LENEO","https://www.eu-startups.com/directory/leneo/"
"Landfolk","https://www.eu-startups.com/directory/landfolk/"
"Capsule","https://www.eu-startups.com/directory/capsule/"
"Epilog ApS","https://www.eu-startups.com/directory/epilog-aps/"
"ejendom.com","https://www.eu-startups.com/directory/ejendom-com/"
"Teststudiet","https://www.eu-startups.com/directory/teststudiet/"
"Selldone","https://www.eu-startups.com/directory/selldone/"
"Proceedy","https://www.eu-startups.com/directory/proceedy/"
"(mont.agency)","https://www.eu-startups.com/directory/mont-agency/"
"PRECURE","https://www.eu-startups.com/directory/precure/"
"Orderly","https://www.eu-startups.com/directory/orderly/"
"HATO Medical Technologies","https://www.eu-startups.com/directory/hato-medical-technologies-2/"
"Growblocks","https://www.eu-startups.com/directory/growblocks-2/"
"Global Equestrian Group","https://www.eu-startups.com/directory/global-equestrian-group/"
"Fullview","https://www.eu-startups.com/directory/fullview-2/"
"El Doler","https://www.eu-startups.com/directory/el-doler/"
"Clutch","https://www.eu-startups.com/directory/clutch/"
"Our Only Home","https://www.eu-startups.com/directory/our-only-home/"
"Picadon","https://www.eu-startups.com/directory/picadon/"
"Klimate","https://www.eu-startups.com/directory/klimate/"
"Astro.io","https://www.eu-startups.com/directory/astro-io/"
"Fairhomes","https://www.eu-startups.com/directory/fairhomes-2/"
"Cognifirm","https://www.eu-startups.com/directory/cognifirm/"
"Monta","https://www.eu-startups.com/directory/monta/"
"NGeneR","https://www.eu-startups.com/directory/ngener/"
"Velsmag","https://www.eu-startups.com/directory/velsmag/"
"Vibrant.io","https://www.eu-startups.com/directory/vibrant-io/"
"Reel","https://www.eu-startups.com/directory/reel/"
"TraceHat","https://www.eu-startups.com/directory/tracehat/"
"Butter","https://www.eu-startups.com/directory/butter/"
"Arkyn.io","https://www.eu-startups.com/directory/arkyn-io/"
"1nfluencersmarketing","https://www.eu-startups.com/directory/1nfluencersmarketing/"
"Syfter.io","https://www.eu-startups.com/directory/syfter-io/"
"Vicruit","https://www.eu-startups.com/directory/vicruit/"
"Klutch Agency","https://www.eu-startups.com/directory/klutch-agency/"
"LeadFamly","https://www.eu-startups.com/directory/leadfamly/"
"Reduced","https://www.eu-startups.com/directory/reduced/"
"Fluento Academy","https://www.eu-startups.com/directory/fluento-academy/"
"HelloFlow","https://www.eu-startups.com/directory/helloflow/"
"Wult","https://www.eu-startups.com/directory/wult/"
"Goroom","https://www.eu-startups.com/directory/goroom/"
"Evermento","https://www.eu-startups.com/directory/evermento/"
"Buump Maternity","https://www.eu-startups.com/directory/buump-maternity/"
"DreamHack Sports Games","https://www.eu-startups.com/directory/dreamhack-sports-games/"
"Helios Power Trading","https://www.eu-startups.com/directory/helios-power-trading/"
"Getleap.io","https://www.eu-startups.com/directory/getleap-io/"
"Finuprise","https://www.eu-startups.com/directory/finuprise/"
"Loomis Pay","https://www.eu-startups.com/directory/loomis-pay/"
"Mindpool","https://www.eu-startups.com/directory/mindpool/"
"Copenhagen Medical","https://www.eu-startups.com/directory/copenhagen-medical/"
"Omhu","https://www.eu-startups.com/directory/omhu/"
"Radius Elnet","https://www.eu-startups.com/directory/radius-elnet/"
"Resights","https://www.eu-startups.com/directory/resights/"
"Sensae","https://www.eu-startups.com/directory/sensae/"
"Jungle","https://www.eu-startups.com/directory/jungle-2/"
"CO2Hero","https://www.eu-startups.com/directory/co2hero/"
"EIVEE","https://www.eu-startups.com/directory/eivee/"
"Gather","https://www.eu-startups.com/directory/gather/"
"Lifeline Robotics","https://www.eu-startups.com/directory/lifeline-robotics/"
"Relewise","https://www.eu-startups.com/directory/relewise/"
"Red Cedar","https://www.eu-startups.com/directory/red-cedar/"
"Selvbyggerplus","https://www.eu-startups.com/directory/selvbyggerplus/"
"Thygesen Capital","https://www.eu-startups.com/directory/thygesen-capital/"
"VAEKST","https://www.eu-startups.com/directory/vaekst/"
"Kollektiv","https://www.eu-startups.com/directory/kollektiv/"
"Arkyn","https://www.eu-startups.com/directory/arkyn/"
"Levvel Health","https://www.eu-startups.com/directory/levvel-health/"
"Estaid","https://www.eu-startups.com/directory/estaid/"
"Healper","https://www.eu-startups.com/directory/healper/"
"CaseLab","https://www.eu-startups.com/directory/caselab/"
"Naetion","https://www.eu-startups.com/directory/naetion/"
"Food & Bio Cluster Denmark","https://www.eu-startups.com/directory/food-bio-cluster-denmark/"
"SiteHub","https://www.eu-startups.com/directory/sitehub/"
"NORNORM","https://www.eu-startups.com/directory/nornorm/"
"Really A Robot","https://www.eu-startups.com/directory/really-a-robot/"
"ProCollective","https://www.eu-startups.com/directory/procollective/"
"BetterMetrics","https://www.eu-startups.com/directory/bettermetrics/"
"Briefcase AI","https://www.eu-startups.com/directory/briefcase-ai/"
"Anyday","https://www.eu-startups.com/directory/anyday/"
"Lotus Microsystems","https://www.eu-startups.com/directory/lotus-microsystems/"
"GoSimplo","https://www.eu-startups.com/directory/gosimplo/"
"Go Autonomous","https://www.eu-startups.com/directory/go-autonomous/"
"Stedger","https://www.eu-startups.com/directory/stedger/"
"Mxney","https://www.eu-startups.com/directory/mxney/"
"Broad","https://www.eu-startups.com/directory/broad/"
"batata","https://www.eu-startups.com/directory/batata-2/"
"Cuttles","https://www.eu-startups.com/directory/cuttles/"
"Lagertha","https://www.eu-startups.com/directory/lagertha/"
"Niirly","https://www.eu-startups.com/directory/niirly/"
"Cogo","https://www.eu-startups.com/directory/cogo/"
"All Gravy","https://www.eu-startups.com/directory/all-gravy/"
"Teton","https://www.eu-startups.com/directory/teton/"
"Truegreens","https://www.eu-startups.com/directory/truegreens/"
"Kaspar","https://www.eu-startups.com/directory/kaspar/"
"Close the gap – blue sky (CTGBS)","https://www.eu-startups.com/directory/close-the-gap-blue-sky-ctgbs-2/"
"Astro.io","https://www.eu-startups.com/directory/astro-io-2/"
"MARDA","https://www.eu-startups.com/directory/marda/"
"Sharing-Market.com","https://www.eu-startups.com/directory/sharing-market-com/"
"Uniclub","https://www.eu-startups.com/directory/uniclub/"
"Advanced Social Innovation","https://www.eu-startups.com/directory/advanced-social-innovation-aps/"
"Custimy.io","https://www.eu-startups.com/directory/custimy-io/"
"Teamway","https://www.eu-startups.com/directory/teamway/"
"Worthmore","https://www.eu-startups.com/directory/worthmore/"
"ZeroNorth","https://www.eu-startups.com/directory/zeronorth/"
"By Nielsen","https://www.eu-startups.com/directory/by-nielsen/"
"Session ApS","https://www.eu-startups.com/directory/session-aps/"
"Tax Helper","https://www.eu-startups.com/directory/tax-helper/"
"SPY24 app","https://www.eu-startups.com/directory/spy24-app/"
"Snakker","https://www.eu-startups.com/directory/snakker/"
"Shouter","https://www.eu-startups.com/directory/shouter/"
"HATO Medical Technologies","https://www.eu-startups.com/directory/hato-medical-technologies/"
"PipeBio","https://www.eu-startups.com/directory/pipebio/"
"Oterra","https://www.eu-startups.com/directory/oterra/"
"Offset Motorcycles","https://www.eu-startups.com/directory/offset-motorcycles/"
"Lobyco","https://www.eu-startups.com/directory/lobyco/"
"Levitate","https://www.eu-startups.com/directory/levitate/"
"Legacy","https://www.eu-startups.com/directory/legacy-2/"
"Inch by Inch","https://www.eu-startups.com/directory/inch-by-inch/"
"SelfBack","https://www.eu-startups.com/directory/selfback/"
"Klint Marketing","https://www.eu-startups.com/directory/klint-marketing-3/"
"Video Jaguar","https://www.eu-startups.com/directory/video-jaguar/"
"Workee","https://www.eu-startups.com/directory/workee/"
"temply","https://www.eu-startups.com/directory/temply/"
"Stocko","https://www.eu-startups.com/directory/stocko/"
"CareerMentor","https://www.eu-startups.com/directory/careermentor/"
"Layerise","https://www.eu-startups.com/directory/layerise/"
"Bettingpartner","https://www.eu-startups.com/directory/bettingpartner/"
"Nøie","https://www.eu-startups.com/directory/noie/"
"fairkey","https://www.eu-startups.com/directory/fairkey/"
"Travel Kollekt","https://www.eu-startups.com/directory/travel-kollekt/"
"Busywork","https://www.eu-startups.com/directory/busywork/"
"Henlez","https://www.eu-startups.com/directory/henlez/"
"SynapIoT","https://www.eu-startups.com/directory/synapiot/"
"Platypus","https://www.eu-startups.com/directory/platypus/"
"Reetro","https://www.eu-startups.com/directory/reetro/"
"Rosotravel","https://www.eu-startups.com/directory/rosotravel/"
"Legacy App","https://www.eu-startups.com/directory/legacy/"
"Podimo","https://www.eu-startups.com/directory/podimo/"
"HeyLouise","https://www.eu-startups.com/directory/heylouise/"
"TripDoodler","https://www.eu-startups.com/directory/tripdoodler/"
"Zuuvi","https://www.eu-startups.com/directory/zuuvi/"
"Twelve Bio","https://www.eu-startups.com/directory/twelve-bio/"
"Relatel","https://www.eu-startups.com/directory/relatel/"
"P+","https://www.eu-startups.com/directory/p/"
"Meili Robots","https://www.eu-startups.com/directory/meili-robots/"
"Madlisten","https://www.eu-startups.com/directory/madlisten/"
"Incept Sustainability","https://www.eu-startups.com/directory/incept-sustainability/"
"Fenerum","https://www.eu-startups.com/directory/fenerum/"
"Eatie","https://www.eu-startups.com/directory/eatie/"
"Cytoki Pharma","https://www.eu-startups.com/directory/cytoki-pharma/"
"BlueKey","https://www.eu-startups.com/directory/bluekey/"
"The Tokenizer","https://www.eu-startups.com/directory/the-tokenizer/"
"The Plant Era","https://www.eu-startups.com/directory/the-plant-era/"
"Spin Robotics","https://www.eu-startups.com/directory/spin-robotics/"
"Softpay","https://www.eu-startups.com/directory/softpay/"
"Scandinavian Biolabsv","https://www.eu-startups.com/directory/scandinavian-biolabsv/"
"Plata","https://www.eu-startups.com/directory/plata/"
"PayProff","https://www.eu-startups.com/directory/payproff/"
"Kanpla","https://www.eu-startups.com/directory/kanpla/"
"IOspect","https://www.eu-startups.com/directory/iospect/"
"Institut for Cyber Risk","https://www.eu-startups.com/directory/institut-for-cyber-risk/"
"Faundit","https://www.eu-startups.com/directory/faundit/"
"Enduro Genetics","https://www.eu-startups.com/directory/enduro-genetics/"
"Biograil","https://www.eu-startups.com/directory/biograil/"
"BioLib","https://www.eu-startups.com/directory/biolib/"
"CogniTech","https://www.eu-startups.com/directory/cognitech/"
"Confect.io","https://www.eu-startups.com/directory/confect-io/"
"Zerion Pharma","https://www.eu-startups.com/directory/zerion-pharma-2/"
"2N Pharma","https://www.eu-startups.com/directory/2n-pharma/"
"Anzurra","https://www.eu-startups.com/directory/anzurra/"
"Everfuel","https://www.eu-startups.com/directory/everfuel/"
"Gomet","https://www.eu-startups.com/directory/gomet/"
"kaunt.com","https://www.eu-startups.com/directory/kaunt-com/"
"Boon","https://www.eu-startups.com/directory/boon/"
"Urbantech","https://www.eu-startups.com/directory/urbantech/"
"Lentii","https://www.eu-startups.com/directory/lentii/"
"Skipit","https://www.eu-startups.com/directory/skipit/"
"WordPay","https://www.eu-startups.com/directory/wordpay/"
"fooducer.com","https://www.eu-startups.com/directory/fooducer-com/"
"evolvT","https://www.eu-startups.com/directory/evolvt/"
"Uniify","https://www.eu-startups.com/directory/uniify/"
"OKTO GRID","https://www.eu-startups.com/directory/okto-grid/"
"Study Online School (Skolen Online)","https://www.eu-startups.com/directory/study-online-school-skolen-online/"
"HereWeBook","https://www.eu-startups.com/directory/herewebook/"
"Soundtracktor","https://www.eu-startups.com/directory/soundtracktor/"
"weeklystocktip","https://www.eu-startups.com/directory/weeklystocktip/"
"Weisio","https://www.eu-startups.com/directory/weisio-aps/"
"ATLANT 3D Nanosystems","https://www.eu-startups.com/directory/atlant-3d-nanosystems-2/"
"Lightnovo","https://www.eu-startups.com/directory/lightnovo-aps/"
"Grasshoppr","https://www.eu-startups.com/directory/grasshoppr/"
"Zymoscope","https://www.eu-startups.com/directory/zymoscope/"
"Fauna Smart Technologies","https://www.eu-startups.com/directory/fauna-smart-technologies/"
"Oveo","https://www.eu-startups.com/directory/oveo/"
"GamerzClass","https://www.eu-startups.com/directory/gamerzclass/"
"Undy","https://www.eu-startups.com/directory/undy/"
"Heroic Rhino","https://www.eu-startups.com/directory/heroic-rhino/"
"Next Rekruttering","https://www.eu-startups.com/directory/next-rekruttering/"
"2nd Persona I/S","https://www.eu-startups.com/directory/2nd-persona-is/"
"Capturi","https://www.eu-startups.com/directory/capturi/"
"CysBio","https://www.eu-startups.com/directory/cysbio/"
"Egoo.Health","https://www.eu-startups.com/directory/egoo-health/"
"Fairhomes","https://www.eu-startups.com/directory/fairhomes/"
"Vital Beats","https://www.eu-startups.com/directory/vital-beats/"
"Dreamdata","https://www.eu-startups.com/directory/dreamdata/"
"Mapscaping","https://www.eu-startups.com/directory/mapscaping/"
"Tandlæge Flemming Kock","https://www.eu-startups.com/directory/tandlaege-flemming-kock-aps/"
"Måltids Kasse","https://www.eu-startups.com/directory/maltids-kasse-dk/"
"Nordic Digital Lab","https://www.eu-startups.com/directory/nordic-digital-lab/"
"Salvatio","https://www.eu-startups.com/directory/salvatio/"
"modl.ai","https://www.eu-startups.com/directory/modl-ai/"
"Abzu","https://www.eu-startups.com/directory/abzu/"
"Likvido","https://www.eu-startups.com/directory/likvido/"
"DecorRaid","https://www.eu-startups.com/directory/decorraid/"
"Jumpstory","https://www.eu-startups.com/directory/jumpstory/"
"GRIM","https://www.eu-startups.com/directory/grim/"
"Good Monday","https://www.eu-startups.com/directory/good-monday/"
"We Care","https://www.eu-startups.com/directory/we-care/"
"Wedio","https://www.eu-startups.com/directory/wedio-2/"
"Seasony","https://www.eu-startups.com/directory/seasony/"
"BunkerMetric","https://www.eu-startups.com/directory/bunkermetric/"
"SHIELD","https://www.eu-startups.com/directory/shield/"
"Turis","https://www.eu-startups.com/directory/turis/"
"hococo","https://www.eu-startups.com/directory/hococo/"
"Slicki","https://www.eu-startups.com/directory/slicki/"
"Integrator","https://www.eu-startups.com/directory/integrator/"
"Willmach","https://www.eu-startups.com/directory/willmach/"
"GrowthBond","https://www.eu-startups.com/directory/growthbond/"
"Valified","https://www.eu-startups.com/directory/valified/"
"Sundew","https://www.eu-startups.com/directory/sundew/"
"Yorker","https://www.eu-startups.com/directory/yorker/"
"Smallbrooks","https://www.eu-startups.com/directory/smallbrooks/"
"Sonohaler","https://www.eu-startups.com/directory/sonohaler/"
"Skattestyrelsen","https://www.eu-startups.com/directory/skattestyrelsen/"
"ShopBetter ApS","https://www.eu-startups.com/directory/shopbetter-aps/"
"Original Interior","https://www.eu-startups.com/directory/original-interior/"
"Paragit Solutions","https://www.eu-startups.com/directory/paragit-solutions/"
"Omnihorse","https://www.eu-startups.com/directory/omnihorse/"
"Nature Preserve","https://www.eu-startups.com/directory/nature-preserve/"
"Monthio","https://www.eu-startups.com/directory/monthio/"
"Minter Markets","https://www.eu-startups.com/directory/minter-markets/"
"Lophora","https://www.eu-startups.com/directory/lophora/"
"Lab08","https://www.eu-startups.com/directory/lab08/"
"Legal Monster","https://www.eu-startups.com/directory/legal-monster/"
"Lendo","https://www.eu-startups.com/directory/lendo/"
"Esbjerg","https://www.eu-startups.com/directory/esbjerg/"
"Impact Extend","https://www.eu-startups.com/directory/impact-extend/"
"InProTher","https://www.eu-startups.com/directory/inprother/"
"Hoard","https://www.eu-startups.com/directory/hoard/"
"Fastspeed","https://www.eu-startups.com/directory/fastspeed/"
"Dataverz","https://www.eu-startups.com/directory/dataverz/"
"Brikk","https://www.eu-startups.com/directory/brikk/"
"Captego","https://www.eu-startups.com/directory/captego/"
"Coachr","https://www.eu-startups.com/directory/coachr/"
"Dansk Outlet","https://www.eu-startups.com/directory/dansk-outlet/"
"Arteana","https://www.eu-startups.com/directory/arteana/"
"The Socki Company","https://www.eu-startups.com/directory/the-socki-company/"
"SteamRex","https://www.eu-startups.com/directory/steamrex/"
"Syndicate","https://www.eu-startups.com/directory/syndicate/"
"Replay Institute","https://www.eu-startups.com/directory/replay-institute/"
"Reshape Biotech","https://www.eu-startups.com/directory/reshape-biotech/"
"River Stone Biotech","https://www.eu-startups.com/directory/river-stone-biotech/"
"Sanos Clinic","https://www.eu-startups.com/directory/sanos-clinic/"
"Pie Systems","https://www.eu-startups.com/directory/pie-systems/"
"Mindzeed","https://www.eu-startups.com/directory/mindzeed/"
"Mazepay","https://www.eu-startups.com/directory/mazepay/"
"Nautix Technologies","https://www.eu-startups.com/directory/nautix-technologies/"
"Go Dogo","https://www.eu-startups.com/directory/go-dogo/"
"MakeImpact","https://www.eu-startups.com/directory/makeimpact/"
"Liveshopper","https://www.eu-startups.com/directory/liveshopper/"
"Jamii.one","https://www.eu-startups.com/directory/jamii-one/"
"Kontolink","https://www.eu-startups.com/directory/kontolink/"
"Humanitrack","https://www.eu-startups.com/directory/humanitrack/"
"Hexastate","https://www.eu-startups.com/directory/hexastate/"
"Heylink","https://www.eu-startups.com/directory/heylink/"
"Hallex Technologies","https://www.eu-startups.com/directory/hallex-technologies/"
"FluoGuide","https://www.eu-startups.com/directory/fluoguide/"
"DreamInfluencers","https://www.eu-startups.com/directory/dreaminfluencers/"
"DCR Solutions","https://www.eu-startups.com/directory/dcr-solutions/"
"Codility Solutions","https://www.eu-startups.com/directory/codility-solutions/"
"Mindcap","https://www.eu-startups.com/directory/mindcap/"
"Climaider","https://www.eu-startups.com/directory/climaider/"
"Hafnium Labs","https://www.eu-startups.com/directory/hafnium-labs/"
"APX10","https://www.eu-startups.com/directory/apx10/"
"Ante","https://www.eu-startups.com/directory/ante/"
"Actee","https://www.eu-startups.com/directory/actee/"
"Lemon Marketing","https://www.eu-startups.com/directory/lemon-marketing/"
"Eachthing","https://www.eu-startups.com/directory/eachthing/"
"Scandic Pelagic","https://www.eu-startups.com/directory/scandic-pelagic/"
"LastSwab","https://www.eu-startups.com/directory/lastswab/"
"BeCause","https://www.eu-startups.com/directory/because/"
"Dancann Pharma","https://www.eu-startups.com/directory/dancann-pharma/"
"Unifinance","https://www.eu-startups.com/directory/unifinance/"
"Plantcarb Aps","https://www.eu-startups.com/directory/plantcarb-aps/"
"Debbie","https://www.eu-startups.com/directory/debbie/"
"Octarine Bio","https://www.eu-startups.com/directory/octarine-bio/"
"21RISK","https://www.eu-startups.com/directory/21risk/"
"Caliber","https://www.eu-startups.com/directory/caliber/"
"PAYTACK","https://www.eu-startups.com/directory/paytack/"
"Cavea","https://www.eu-startups.com/directory/cavea/"
"BlueBenu","https://www.eu-startups.com/directory/bluebenu/"
"HeyDesk","https://www.eu-startups.com/directory/heydesk-aps/"
"DIGURA","https://www.eu-startups.com/directory/digura-aps/"
"Airbnb Management Service","https://www.eu-startups.com/directory/airbnb-management-service/"
"Token Talk","https://www.eu-startups.com/directory/token-talk/"
"Cellugy","https://www.eu-startups.com/directory/cellugy/"
"Startak2","https://www.eu-startups.com/directory/startak2/"
"ATLA","https://www.eu-startups.com/directory/atla/"
"Reccoon","https://www.eu-startups.com/directory/reccoon/"
"Walletform","https://www.eu-startups.com/directory/walletform-ivs/"
"Morningscore","https://www.eu-startups.com/directory/morningscore-aps/"
"skiirr.com","https://www.eu-startups.com/directory/skiirr-com/"
"LastObject","https://www.eu-startups.com/directory/lastobject/"
"Defudger","https://www.eu-startups.com/directory/defudger/"
"Wedio","https://www.eu-startups.com/directory/wedio/"
"Cirqle Biomedical","https://www.eu-startups.com/directory/cirqle-biomedical/"
"Kreer","https://www.eu-startups.com/directory/kreer/"
"Userflow","https://www.eu-startups.com/directory/userflow/"
"Nordic API Gateway","https://www.eu-startups.com/directory/nordic-api-gateway/"
"Raffle.ai","https://www.eu-startups.com/directory/raffle-ai/"
"Cerebriu","https://www.eu-startups.com/directory/cerebriu/"
"Unicontrol","https://www.eu-startups.com/directory/unicontrol/"
"Blue World Technologies","https://www.eu-startups.com/directory/blue-world-technologies/"
"Bright Star Studios","https://www.eu-startups.com/directory/bright-star-studios/"
"Secure Privacy","https://www.eu-startups.com/directory/secure-privacy/"
"Moneyflow","https://www.eu-startups.com/directory/moneyflow/"
"Make Influence","https://www.eu-startups.com/directory/make-influence/"
"Optoceutics","https://www.eu-startups.com/directory/optoceutics/"
"Eat Grim","https://www.eu-startups.com/directory/eat-grim/"
"Doorhub","https://www.eu-startups.com/directory/doorhub/"
"DigiShares","https://www.eu-startups.com/directory/digishares/"
"Commoditrader","https://www.eu-startups.com/directory/commoditrader/"
"Agreena","https://www.eu-startups.com/directory/agreena/"
"Noie","https://www.eu-startups.com/directory/noie-2/"
"Pryma Digital","https://www.eu-startups.com/directory/pryma-digital/"
"Rizing Playlists","https://www.eu-startups.com/directory/rizing-playlists/"
"Træfolk","https://www.eu-startups.com/directory/traefolk/"
"Danish Startup Group","https://www.eu-startups.com/directory/danish-startup-group/"
"Keepit","https://www.eu-startups.com/directory/keepit/"
"QuadSAT","https://www.eu-startups.com/directory/quadsat/"
"Superb","https://www.eu-startups.com/directory/superb/"
"Horago","https://www.eu-startups.com/directory/horago/"
"2030 Builders","https://www.eu-startups.com/directory/2030-builders/"
"Nordgreen","https://www.eu-startups.com/directory/nordgreen/"
"Develop Diverse","https://www.eu-startups.com/directory/develop-diverse/"
"Sidely","https://www.eu-startups.com/directory/sidely/"
"Secher Communication","https://www.eu-startups.com/directory/secher-communication/"
"SoilSense","https://www.eu-startups.com/directory/soilsense/"
"Ooolio","https://www.eu-startups.com/directory/ooolio/"
"Reflectly","https://www.eu-startups.com/directory/reflectly/"
"Nordsense","https://www.eu-startups.com/directory/nordsense/"
"deepdivr","https://www.eu-startups.com/directory/deepdivr/"
"Fellow Pay","https://www.eu-startups.com/directory/fellow-pay/"
"Particle3D","https://www.eu-startups.com/directory/particle3d/"
"Valuer","https://www.eu-startups.com/directory/valuer/"
"Eatmore","https://www.eu-startups.com/directory/eatmore/"
"Simple","https://www.eu-startups.com/directory/simple/"
"Shield FC","https://www.eu-startups.com/directory/shield-fc/"
"Mailforge","https://www.eu-startups.com/directory/mailforge-2/"
"Nordisk Lån","https://www.eu-startups.com/directory/nordisk-lan/"
"Apollo Finans","https://www.eu-startups.com/directory/apollo-finans/"
"Jatana","https://www.eu-startups.com/directory/jatana/"
"Kaffe & Damp Kompagniet","https://www.eu-startups.com/directory/kaffe-damp-kompagniet/"
"PinkSquare","https://www.eu-startups.com/directory/pinksquare/"
"AppsConda","https://www.eu-startups.com/directory/appsconda-aps/"
"CodeSpaghetti","https://www.eu-startups.com/directory/codespaghetti/"
"Need Visa","https://www.eu-startups.com/directory/need-visa/"
"treetech","https://www.eu-startups.com/directory/treetech/"
"AdPlenty","https://www.eu-startups.com/directory/adplenty/"
"Qvest.io","https://www.eu-startups.com/directory/qvest-io/"
"Whispr","https://www.eu-startups.com/directory/whispr-2/"
"LifeX","https://www.eu-startups.com/directory/lifex-2/"
"Uizard Technologies","https://www.eu-startups.com/directory/uizard-technologies/"
"The Org","https://www.eu-startups.com/directory/the-org/"
"Finematter","https://www.eu-startups.com/directory/finematter/"
"Ocean.io","https://www.eu-startups.com/directory/ocean-io/"
"TrainAway","https://www.eu-startups.com/directory/trainaway/"
"Zoles ApS","https://www.eu-startups.com/directory/zoles-aps/"
"Accordium","https://www.eu-startups.com/directory/accordium/"
"Draupnir Bio","https://www.eu-startups.com/directory/draupnir-bio/"
"Nordbo Robotics","https://www.eu-startups.com/directory/nordbo-robotics/"
"SNIPR Biome","https://www.eu-startups.com/directory/snipr-biome/"
"Zliide","https://www.eu-startups.com/directory/zliide/"
"Passendo","https://www.eu-startups.com/directory/passendo/"
"Cardlay","https://www.eu-startups.com/directory/cardlay-as/"
"introDus","https://www.eu-startups.com/directory/introdus/"
"Duuoo.io","https://www.eu-startups.com/directory/duuoo-io/"
"Ghost Ship Games","https://www.eu-startups.com/directory/ghost-ship-games/"
"Playdead","https://www.eu-startups.com/directory/playdead/"
"Kaffe Bueno","https://www.eu-startups.com/directory/kaffe-bueno/"
"Muninn","https://www.eu-startups.com/directory/muninn/"
"MakesYouLocal","https://www.eu-startups.com/directory/makesyoulocal/"
"MATE.bike","https://www.eu-startups.com/directory/mate-bike/"
"Ønskebasen","https://www.eu-startups.com/directory/onskebasen-aps/"
"My4","https://www.eu-startups.com/directory/my4/"
"Cobiro","https://www.eu-startups.com/directory/cobiro/"
"KiteX","https://www.eu-startups.com/directory/kitex/"
"LegalHero","https://www.eu-startups.com/directory/legalhero/"
"Lenus eHealth","https://www.eu-startups.com/directory/lenus-ehealth/"
"Beyond Leather Materials","https://www.eu-startups.com/directory/beyond-leather-materials/"
"Manillo.dk","https://www.eu-startups.com/directory/manillo-dk/"
"Everimpact","https://www.eu-startups.com/directory/everimpact/"
"Subaio","https://www.eu-startups.com/directory/subaio/"
"Tomorrow","https://www.eu-startups.com/directory/tomorrow-2/"
"LENDME","https://www.eu-startups.com/directory/lendme/"
"Hedia","https://www.eu-startups.com/directory/hedia/"
"BotXO","https://www.eu-startups.com/directory/botxo/"
"Nordetect","https://www.eu-startups.com/directory/nordetect/"
"Tendo","https://www.eu-startups.com/directory/tendo/"
"Artland","https://www.eu-startups.com/directory/artland/"
"Astralis","https://www.eu-startups.com/directory/astralis/"
"Worksome","https://www.eu-startups.com/directory/worksome/"
"Brickshare","https://www.eu-startups.com/directory/brickshare/"
"Supplyr","https://www.eu-startups.com/directory/supplyr/"
"Hooves","https://www.eu-startups.com/directory/hooves/"
"Absolute Zero","https://www.eu-startups.com/directory/absolute-zero/"
"Penni.io","https://www.eu-startups.com/directory/penni-io/"
"Centeo Finance Group","https://www.eu-startups.com/directory/centeo-finance-group/"
"GoSpoort","https://www.eu-startups.com/directory/gospoort/"
"SquidHub","https://www.eu-startups.com/directory/squidhub/"
"Resilio","https://www.eu-startups.com/directory/resilio/"
"Corti","https://www.eu-startups.com/directory/corti/"
"Grandhood","https://www.eu-startups.com/directory/grandhood/"
"Tame","https://www.eu-startups.com/directory/tame/"
"Plant Jammer","https://www.eu-startups.com/directory/plant-jammer/"
"WARM (World Airplay Radio Monitor)","https://www.eu-startups.com/directory/warm-world-airplay-radio-monitor/"
"OSAA Innovation","https://www.eu-startups.com/directory/osaa-innovation/"
"PurCity","https://www.eu-startups.com/directory/purcity/"
"LuggageHero","https://www.eu-startups.com/directory/luggagehero/"
"Danamica","https://www.eu-startups.com/directory/danamica/"
"Forecast","https://www.eu-startups.com/directory/forecast/"
"BioPhero","https://www.eu-startups.com/directory/biophero/"
"Dawn Health","https://www.eu-startups.com/directory/dawn-health/"
"Grant Compass","https://www.eu-startups.com/directory/grant-compass/"
"Flow Robotics","https://www.eu-startups.com/directory/flow-robotics/"
"Certainly","https://www.eu-startups.com/directory/certainly/"
"BLAST Premier","https://www.eu-startups.com/directory/blast-premier/"
"The Many","https://www.eu-startups.com/directory/the-many/"
"Wedbox","https://www.eu-startups.com/directory/wedbox/"
"Wikifactory","https://www.eu-startups.com/directory/wikifactory/"
"2021.AI","https://www.eu-startups.com/directory/2021-ai/"
"Flashbulb Games","https://www.eu-startups.com/directory/flashbulb-games/"
"IndieFrame","https://www.eu-startups.com/directory/indieframe/"
"AquaGreen","https://www.eu-startups.com/directory/aquagreen/"
"Nordic Harvest","https://www.eu-startups.com/directory/nordic-harvest/"
"AeroGuest","https://www.eu-startups.com/directory/aeroguest/"
"Ulobby","https://www.eu-startups.com/directory/ulobby-2/"
"PackitUp","https://www.eu-startups.com/directory/packitup/"
"OTH","https://www.eu-startups.com/directory/oth/"
"Mutonic","https://www.eu-startups.com/directory/mutonic/"
"Practio","https://www.eu-startups.com/directory/practio/"
"Dryfta","https://www.eu-startups.com/directory/dryfta/"
"Pleo","https://www.eu-startups.com/directory/pleo/"
"Peakon","https://www.eu-startups.com/directory/peakon/"
"bobbl QUIZ","https://www.eu-startups.com/directory/bobbl-quiz/"
"Contractbook","https://www.eu-startups.com/directory/contractbook/"
"Lunar Way","https://www.eu-startups.com/directory/lunar-way/"
"KUBO Robot","https://www.eu-startups.com/directory/kubo-robot/"
"DJ Huset","https://www.eu-startups.com/directory/dj-huset/"
"Simple Feast","https://www.eu-startups.com/directory/simple-feast/"
"Too Good To Go","https://www.eu-startups.com/directory/too-good-to-go/"
"Sparrow Quantum","https://www.eu-startups.com/directory/sparrow-quantum/"
"Klipworks","https://www.eu-startups.com/directory/klipworks/"
"Reepay","https://www.eu-startups.com/directory/reepay-as/"
"ØkoNEMi","https://www.eu-startups.com/directory/okonemi/"
"Celina Kollektion","https://www.eu-startups.com/directory/celina-kollektion/"
"swipx","https://www.eu-startups.com/directory/swipx-2/"
"Happy Helper","https://www.eu-startups.com/directory/happy-helper/"
"SKIDOS","https://www.eu-startups.com/directory/skidos/"
"FieldSense","https://www.eu-startups.com/directory/fieldsense/"
"OnRobot","https://www.eu-startups.com/directory/onrobot/"
"Anyware Solutions","https://www.eu-startups.com/directory/anyware-solutions/"
"Lunar","https://www.eu-startups.com/directory/lunar/"
"Dixa","https://www.eu-startups.com/directory/dixa/"
"Imarit","https://www.eu-startups.com/directory/imarit/"
"Mearto","https://www.eu-startups.com/directory/mearto/"
"Widget Brain","https://www.eu-startups.com/directory/widget-brain/"
"MONEYBANKER","https://www.eu-startups.com/directory/moneybanker/"
"Lift Relations","https://www.eu-startups.com/directory/lift-relations/"
"SoundBoks","https://www.eu-startups.com/directory/soundboks/"
"Leapwork","https://www.eu-startups.com/directory/leapwork/"
"Veo","https://www.eu-startups.com/directory/veo/"
"Eloomi","https://www.eu-startups.com/directory/eloomi/"
"CluedIn","https://www.eu-startups.com/directory/cluedin/"
"Skidos Labs","https://www.eu-startups.com/directory/skidos-labs/"
"OpenTeleHealth","https://www.eu-startups.com/directory/opentelehealth/"
"Organic Basics","https://www.eu-startups.com/directory/organic-basics/"
"Learningbank","https://www.eu-startups.com/directory/learningbank/"
"Shape Robotics","https://www.eu-startups.com/directory/shape-robotics/"
"Paperflow","https://www.eu-startups.com/directory/paperflow/"
"Paralenz","https://www.eu-startups.com/directory/paralenz/"
"First Agenda","https://www.eu-startups.com/directory/first-agenda/"
"Katoni ApS","https://www.eu-startups.com/directory/katoni-aps/"
"OpenLedger ApS","https://www.eu-startups.com/directory/openledger-aps/"
"BookBuses","https://www.eu-startups.com/directory/bookbuses/"
"Blue City A/S","https://www.eu-startups.com/directory/blue-city-as/"
"Printix.net","https://www.eu-startups.com/directory/printix-net/"
"Boatflex","https://www.eu-startups.com/directory/boatflex/"
"RFRSH Entertainment","https://www.eu-startups.com/directory/rfrsh-entertainment-2/"
"Dyrhøj Marketing","https://www.eu-startups.com/directory/dyrhoj-marketing/"
"Startup Guide","https://www.eu-startups.com/directory/startup-guide/"
"Tonsser","https://www.eu-startups.com/directory/tonsser/"
"Templafy","https://www.eu-startups.com/directory/templafy/"
"Linkfire","https://www.eu-startups.com/directory/linkfire/"
"Sensohive","https://www.eu-startups.com/directory/sensohive/"
"Legaldesk.dk","https://www.eu-startups.com/directory/legaldesk-dk/"
"WakeupData","https://www.eu-startups.com/directory/wakeupdata/"
"Coinzone","https://www.eu-startups.com/directory/coinzone/"
"Liva Healthcare","https://www.eu-startups.com/directory/liva-healthcare/"
"Norlase","https://www.eu-startups.com/directory/norlase/"
"ClearView Trade","https://www.eu-startups.com/directory/clearview-trade/"
"Gobox","https://www.eu-startups.com/directory/gobox/"
"Donkey Republic","https://www.eu-startups.com/directory/donkey-republic/"
"Plytix","https://www.eu-startups.com/directory/plytix/"
"Specshell","https://www.eu-startups.com/directory/specshell/"
"Famly","https://www.eu-startups.com/directory/famly/"
"EasySize","https://www.eu-startups.com/directory/easysize/"
"Neurons","https://www.eu-startups.com/directory/neurons/"
"CodersTrust","https://www.eu-startups.com/directory/coderstrust/"
"Monsenso","https://www.eu-startups.com/directory/monsenso/"
"Comparo","https://www.eu-startups.com/directory/comparo/"
"Tattoodo","https://www.eu-startups.com/directory/tattoodo/"
"upstate.dk","https://www.eu-startups.com/directory/upstate-dk/"
"Vibla","https://www.eu-startups.com/directory/vibla-aps/"
"UserTribe","https://www.eu-startups.com/directory/usertribe/"
"Yourpay","https://www.eu-startups.com/directory/yourpay/"
"Ernit","https://www.eu-startups.com/directory/ernit/"
"Airtame","https://www.eu-startups.com/directory/airtame/"
"Roccamore","https://www.eu-startups.com/directory/roccamore/"
"Dogsuniverse","https://www.eu-startups.com/directory/dogsuniverse/"
"Onomondo","https://www.eu-startups.com/directory/onomondo/"
"AllMatters","https://www.eu-startups.com/directory/allmatters/"
"Purple Robotics","https://www.eu-startups.com/directory/purple-robotics/"
"WriteReader","https://www.eu-startups.com/directory/writereader/"
"GOODIEBOX","https://www.eu-startups.com/directory/goodiebox-2/"
"Be My Eyes","https://www.eu-startups.com/directory/be-my-eyes/"
"Rebel Penguin","https://www.eu-startups.com/directory/rebel-penguin-aps/"
"Labster","https://www.eu-startups.com/directory/labster/"
"haisler.dk","https://www.eu-startups.com/directory/haisler-dk/"
"Bownty","https://www.eu-startups.com/directory/bownty/"
"Babyandi.dk","https://www.eu-startups.com/directory/babyandi-dk/"
"Sneuniverset","https://www.eu-startups.com/directory/sneuniverset/"
"Falcon.io","https://www.eu-startups.com/directory/falcon-io/"
"InfluAds","https://www.eu-startups.com/directory/influads/"
"Ge.tt","https://www.eu-startups.com/directory/ge-tt/"
"Sugardating.dk","https://www.eu-startups.com/directory/sugardating-dk-the-best-dating-site-in-denmark/"
"Online Supplies","https://www.eu-startups.com/directory/online-supplies-aps/"
"Digizuite","https://www.eu-startups.com/directory/digizuite/"
"Globe Tracker","https://www.eu-startups.com/directory/globe-tracker/"
"Belitsoft","https://www.eu-startups.com/directory/belitsoft/"