Name,Link
"Overchat AI","https://www.eu-startups.com/directory/overchat-ai/"
"GiBSeS OÜ","https://www.eu-startups.com/directory/gibses-ou/"
"KnowUp","https://www.eu-startups.com/directory/knowup/"
"Coffset","https://www.eu-startups.com/directory/coffset/"
"AI/ML API","https://www.eu-startups.com/directory/aiml-api/"
"Fintech Market","https://www.eu-startups.com/directory/fintech-market/"
"Lith Games","https://www.eu-startups.com/directory/lith-games/"
"Great Software Company","https://www.eu-startups.com/directory/great-software-company/"
"Mirto AI","https://www.eu-startups.com/directory/mirto-ai/"
"Toritark","https://www.eu-startups.com/directory/toritark/"
"Mealpreper Guide OÜ","https://www.eu-startups.com/directory/mealpreper-guide-ou/"
"Great Software Company","https://www.eu-startups.com/directory/great-software-company/"
"ElGrupito.com","https://www.eu-startups.com/directory/elgrupito.com"
"AI Electronics","https://www.eu-startups.com/directory/ai-electronics/"
"Ookulli","https://www.eu-startups.com/directory/ookulli/"
"Guardian","https://www.eu-startups.com/directory/guardian/"
"FMA Estonia","https://www.eu-startups.com/directory/fma-estonia/"
"Rentarround","https://www.eu-startups.com/directory/rentarround/"
"Help Me Now","https://www.eu-startups.com/directory/help-me-now/"
"INFOMYCITY","https://www.eu-startups.com/directory/infomycity/"
"GreenGalaxy","https://www.eu-startups.com/directory/greengalaxy/"
"ASVEL","https://www.eu-startups.com/directory/asvel/"
"Go4Loyal","https://www.eu-startups.com/directory/go4loyal/"
"Others’ Eyes","https://www.eu-startups.com/directory/others-eyes/"
"Coursy.io","https://www.eu-startups.com/directory/coursyio/"
"VoxThera","https://www.eu-startups.com/directory/voxthera/"
"Mirto AI","https://www.eu-startups.com/directory/mirto-ai/"
"Honeysub By","https://www.eu-startups.com/directory/honeysub-by-99tries-ou/"
"Tragal","https://www.eu-startups.com/directory/tragal/"
"Kyros AML Suite","https://www.eu-startups.com/directory/kyros-aml-suite/"
"RotaHog","https://www.eu-startups.com/directory/rotahog/"
"BetterStudio","https://www.eu-startups.com/directory/betterstudio/"
"Intelswift","https://www.eu-startups.com/directory/intelswift/"
"AI Render","https://www.eu-startups.com/directory/ai-render/"
"Petme","https://www.eu-startups.com/directory/petme/"
"BoostFluence","https://www.eu-startups.com/directory/boostfluence/"
"Sliptree","https://www.eu-startups.com/directory/sliptree/"
"CreativePixel","https://www.eu-startups.com/directory/creativepixel/"
"WILD.CODES","https://www.eu-startups.com/directory/wildcodes/"
"DIGIMABBLE IT SOLUTIONS OÜ","https://www.eu-startups.com/directory/digimabble-it-solutions-ou/"
"Directonaut","https://www.eu-startups.com/directory/directonaut/"
"Cuploop","https://www.eu-startups.com/directory/cuploop/"
"Automaticall","https://www.eu-startups.com/directory/automaticall/"
"ContentBy","https://www.eu-startups.com/directory/contentby/"
"Online Nikto scanner","https://www.eu-startups.com/directory/online-nikto-scanner/"
"Artificial Tracking","https://www.eu-startups.com/directory/artificial-tracking/"
"Agenti Immobiliari","https://www.eu-startups.com/directory/agenti-immobiliari/"
"OpenTools","https://www.eu-startups.com/directory/opentools/"
"DetectorTools.ai","https://www.eu-startups.com/directory/detectortoolsai/"
"LeadShark","https://www.eu-startups.com/directory/leadshark/"
"Wellpin","https://www.eu-startups.com/directory/wellpin/"
"Serphead","https://www.eu-startups.com/directory/serphead/"
"Calensync.live","https://www.eu-startups.com/directory/calensync.live"
"VidToBlogs","https://www.eu-startups.com/directory/vidtoblogs/"
"Capgo","https://www.eu-startups.com/directory/capgo/"
"Earth.fm app","https://www.eu-startups.com/directory/earthfm-app/"
"Turbopush","https://www.eu-startups.com/directory/turbopush/"
"TurboPush","https://www.eu-startups.com/directory/turbopush/"
"NoteVocal","https://www.eu-startups.com/directory/notevocal/"
"MinutesLink","https://www.eu-startups.com/directory/minuteslink/"
"Potio","https://www.eu-startups.com/directory/potio/"
"Matter-ID","https://www.eu-startups.com/directory/matter-id/"
"Atomic Mail","https://www.eu-startups.com/directory/atomic-mail/"
"Pet Freendly","https://www.eu-startups.com/directory/pet-freendly/"
"Votemo","https://www.eu-startups.com/directory/votemo/"
"Trashify Tech","https://www.eu-startups.com/directory/trashify-tech/"
"Skycorp","https://www.eu-startups.com/directory/skycorp/"
"Cino","https://www.eu-startups.com/directory/cino/"
"GaltTec","https://www.eu-startups.com/directory/galttec/"
"Fintellect","https://www.eu-startups.com/directory/fintellect/"
"Enzum","https://www.eu-startups.com/directory/enzum/"
"Complok","https://www.eu-startups.com/directory/complok/"
"Waste not, Want not","https://www.eu-startups.com/directory/waste-not-want-not/"
"Waterson","https://www.eu-startups.com/directory/waterson/"
"TrustLynx","https://www.eu-startups.com/directory/trustlynx/"
"Scanbro","https://www.eu-startups.com/directory/scanbro/"
"Ringo Eco","https://www.eu-startups.com/directory/ringo-eco/"
"Wember","https://www.eu-startups.com/directory/wember/"
"Golbriak Space","https://www.eu-startups.com/directory/golbriak-space/"
"Carbontribe","https://www.eu-startups.com/directory/carbontribe/"
"Bannerse","https://www.eu-startups.com/directory/bannerse/"
"Productized Directory","https://www.eu-startups.com/directory/productized-directory/"
"New Internet Media","https://www.eu-startups.com/directory/new-internet-media/"
"laxi.ai","https://www.eu-startups.com/directory/laxiai/"
"CARA Health","https://www.eu-startups.com/directory/cara-health/"
"Supersimple","https://www.eu-startups.com/directory/supersimple/"
"VOOL","https://www.eu-startups.com/directory/vool/"
"Nanordica Medical","https://www.eu-startups.com/directory/nanordica-medical/"
"Shaku","https://www.eu-startups.com/directory/shaku/"
"Food Filter","https://www.eu-startups.com/directory/food-filter/"
"Freelife","https://www.eu-startups.com/directory/freelife/"
"Raw Edge","https://www.eu-startups.com/directory/raw-edge/"
"PinMy","https://www.eu-startups.com/directory/pinmy/"
"X11 Smart Contracts","https://www.eu-startups.com/directory/x11-smart-contracts/"
"MohrWolfe","https://www.eu-startups.com/directory/mohrwolfe/"
"Forecastio","https://www.eu-startups.com/directory/forecastio/"
"J3D.AI Labs","https://www.eu-startups.com/directory/j3dai-labs/"
"KoThinker","https://www.eu-startups.com/directory/kothinker/"
"ZeroEarth OÜ","https://www.eu-startups.com/directory/zeroearth-ou/"
"Legal Art","https://www.eu-startups.com/directory/legal-art/"
"IdeaBuddy","https://www.eu-startups.com/directory/ideabuddy/"
"Tyleia","https://www.eu-startups.com/directory/tyleia/"
"Implica Global Corporation","https://www.eu-startups.com/directory/implica-global-corporation/"
"Quema OÜ","https://www.eu-startups.com/directory/quema-ou/"
"Sukuad Technology OÜ","https://www.eu-startups.com/directory/sukuad-technology-ou/"
"Pristine Agency OÜ","https://www.eu-startups.com/directory/pristine-agency-ou/"
"Attraxia OÜ","https://www.eu-startups.com/directory/attraxia-ou/"
"EBITATOR","https://www.eu-startups.com/directory/ebitator/"
"Cryptogeek","https://www.eu-startups.com/directory/cryptogeek/"
"TrackDeep","https://www.eu-startups.com/directory/trackdeep/"
"MarkeDroid","https://www.eu-startups.com/directory/markedroid/"
"Maksetingimused.ee","https://www.eu-startups.com/directory/maksetingimusedee/"
"Hoovi","https://www.eu-startups.com/directory/hoovi/"
"Sicknote.com","https://www.eu-startups.com/directory/sicknoteeu/"
"Gravitysoft OÜ","https://www.eu-startups.com/directory/gravitysoft-ou/"
"BlueHat","https://www.eu-startups.com/directory/bluehat/"
"Make AI World","https://www.eu-startups.com/directory/make-ai-world/"
"Whitespots","https://www.eu-startups.com/directory/whitespots/"
"https://www.unicis.tech","https://www.eu-startups.com/directory/httpswwwunicis.tech"
"Woola","https://www.eu-startups.com/directory/woola/"
"PortraitPhoto.ai","https://www.eu-startups.com/directory/portraitphotoai/"
"topRik","https://www.eu-startups.com/directory/toprik/"
"Investing in the web","https://www.eu-startups.com/directory/investing-in-the-web/"
"Cargoson","https://www.eu-startups.com/wpbdp_listing/cargoson/"
"OpenHalt","https://www.eu-startups.com/directory/openhalt/"
"Opali Analytics","https://www.eu-startups.com/directory/opali-analytics/"
"Backify","https://www.eu-startups.com/directory/backify/"
"Efenco","https://www.eu-startups.com/directory/efenco/"
"Bidrento","https://www.eu-startups.com/directory/bidrento/"
"e-residence.com","https://www.eu-startups.com/directory/e-residence-com/"
"Roadmape","https://www.eu-startups.com/directory/roadmape/"
"Optima Games","https://www.eu-startups.com/directory/optima-games/"
"Shegby","https://www.eu-startups.com/directory/shegby-web3-concierge-service/"
"Skyrex","https://www.eu-startups.com/directory/skyrex/"
"Loore","https://www.eu-startups.com/directory/loore/"
"ImagoSpace","https://www.eu-startups.com/directory/imagospace/"
"Salesforge","https://www.eu-startups.com/directory/salesforge-2/"
"Hom Platform","https://www.eu-startups.com/directory/hom-platform/"
"Salesforge","https://www.eu-startups.com/directory/salesforge/"
"HELO.io","https://www.eu-startups.com/directory/helo-io/"
"Hellojobz","https://www.eu-startups.com/directory/hellojobz/"
"Gamevato","https://www.eu-startups.com/directory/gamevato/"
"Dotmoovs","https://www.eu-startups.com/directory/dotmoovs/"
"Bob Makler","https://www.eu-startups.com/directory/bob-makler/"
"Illustroke","https://www.eu-startups.com/directory/illustroke/"
"Lingobo","https://www.eu-startups.com/directory/lingobo/"
"Vatabout","https://www.eu-startups.com/directory/vatabout/"
"EachHire","https://www.eu-startups.com/directory/eachhire/"
"Wiply","https://www.eu-startups.com/directory/wiply/"
"Designwich","https://www.eu-startups.com/directory/designwich/"
"Daisen","https://www.eu-startups.com/directory/daisen/"
"Zero-Code","https://www.eu-startups.com/directory/zero-code/"
"Choise.com","https://www.eu-startups.com/directory/choise-com/"
"ChillStock","https://www.eu-startups.com/directory/chillstock/"
"Biteful","https://www.eu-startups.com/directory/biteful/"
"Beltsys","https://www.eu-startups.com/directory/beltsys/"
"Arbonics","https://www.eu-startups.com/directory/arbonics-2/"
"Amploo","https://www.eu-startups.com/directory/amploo/"
"admarket.co","https://www.eu-startups.com/directory/admarket-co/"
"Randompile","https://www.eu-startups.com/directory/randompile/"
"Catalyst Labs OÜ","https://www.eu-startups.com/directory/catalyst-labs-ou/"
"Uniborn","https://www.eu-startups.com/directory/uniborn/"
"Transcodix","https://www.eu-startups.com/directory/transcodix/"
"Ehoppler","https://www.eu-startups.com/directory/ehoppler/"
"Pinghome","https://www.eu-startups.com/directory/pinghome/"
"Pirsik","https://www.eu-startups.com/directory/pirsik/"
"Crespect","https://www.eu-startups.com/directory/crespect-ou/"
"Zerofy","https://www.eu-startups.com/directory/zerofy/"
"Anyflexo OÜ","https://www.eu-startups.com/directory/anyflexo-ou/"
"Briefmapp","https://www.eu-startups.com/directory/briefmapp/"
"Guildx","https://www.eu-startups.com/directory/guildx/"
"Pinpaya","https://www.eu-startups.com/directory/pinpaya-2/"
"Pocket IP","https://www.eu-startups.com/directory/pocket-ip/"
"MobiTalents","https://www.eu-startups.com/directory/mobitalents/"
"Guul","https://www.eu-startups.com/directory/guul/"
"Rentity","https://www.eu-startups.com/directory/rentity/"
"Cexland","https://www.eu-startups.com/directory/cexland/"
"Hertzian","https://www.eu-startups.com/directory/hertzian/"
"easyref","https://www.eu-startups.com/directory/easyref/"
"Essence App","https://www.eu-startups.com/directory/essence-app/"
"ÄIO","https://www.eu-startups.com/directory/aio/"
"Leadfellow","https://www.eu-startups.com/directory/leadfellow-2/"
"Rapidworks","https://www.eu-startups.com/directory/rapidworks/"
"Clevon","https://www.eu-startups.com/directory/clevon/"
"Rentamon","https://www.eu-startups.com/directory/rentamon/"
"Quema","https://www.eu-startups.com/directory/quema/"
"Salu","https://www.eu-startups.com/directory/salu/"
"PIXtab","https://www.eu-startups.com/directory/pixtab/"
"Ovoro","https://www.eu-startups.com/directory/ovoro/"
"Sweephy","https://www.eu-startups.com/directory/sweephy/"
"MEHRHOFF DIGITAL","https://www.eu-startups.com/directory/mehrhoff-digital/"
"Leadfellow","https://www.eu-startups.com/directory/leadfellow/"
"Pinpaya","https://www.eu-startups.com/directory/pinpaya/"
"SAGE HQ","https://www.eu-startups.com/directory/sage-hq/"
"TwoRentals","https://www.eu-startups.com/directory/tworentals/"
"Urbanpinion","https://www.eu-startups.com/directory/urbanpinion/"
"Betconix","https://www.eu-startups.com/directory/betconix/"
"Wirecash","https://www.eu-startups.com/directory/wirecash/"
"Xuach","https://www.eu-startups.com/directory/xuach/"
"AgencyPin","https://www.eu-startups.com/directory/agencypin/"
"Acounto","https://www.eu-startups.com/directory/acounto/"
"Security for Everyone","https://www.eu-startups.com/directory/security-for-everyone/"
"Orbiter One","https://www.eu-startups.com/directory/orbiter-one/"
"Symbiosis Finance","https://www.eu-startups.com/directory/symbiosis-finance/"
"RiftQ","https://www.eu-startups.com/directory/riftq/"
"Bitskout","https://www.eu-startups.com/directory/bitskout-2/"
"FlyFeed","https://www.eu-startups.com/directory/flyfeed/"
"KOOS","https://www.eu-startups.com/directory/koos/"
"Arbonics","https://www.eu-startups.com/directory/arbonics/"
"LandEx","https://www.eu-startups.com/directory/landex/"
"makeitneutral","https://www.eu-startups.com/directory/makeitneutral/"
"Liigu","https://www.eu-startups.com/directory/liigu-ou/"
"CognitiweAI","https://www.eu-startups.com/directory/cognitiweai/"
"Salto X","https://www.eu-startups.com/directory/salto-x/"
"OTA Sync","https://www.eu-startups.com/directory/ota-sync/"
"ZOOP","https://www.eu-startups.com/directory/zoop/"
"geopois","https://www.eu-startups.com/directory/geopois/"
"The Solomon Brokerage","https://www.eu-startups.com/directory/the-solomon-brokerage/"
"Evoblox","https://www.eu-startups.com/directory/evoblox/"
"Hubber","https://www.eu-startups.com/directory/hubber/"
"Affpool","https://www.eu-startups.com/directory/affpool/"
"admarket","https://www.eu-startups.com/directory/admarket/"
"Cyber Hermes","https://www.eu-startups.com/directory/cyber-hermes-ou/"
"EQUALIGHT NETWORK","https://www.eu-startups.com/directory/equalight-network-ou/"
"PayQin","https://www.eu-startups.com/directory/payqin/"
"Vocal Image","https://www.eu-startups.com/directory/vocal-image/"
"Yoptimise","https://www.eu-startups.com/directory/yoptimise/"
"Swipelux","https://www.eu-startups.com/directory/swipelux/"
"Founders’ Book","https://www.eu-startups.com/directory/founders-book/"
"Datastake","https://www.eu-startups.com/directory/datastake/"
"Alium Finance","https://www.eu-startups.com/directory/alium-finance/"
"Everyrun","https://www.eu-startups.com/directory/everyrun-2/"
"MOST TECHNOLOGY","https://www.eu-startups.com/directory/most-technology/"
"Patchstack","https://www.eu-startups.com/directory/patchstack/"
"Ranchpal","https://www.eu-startups.com/directory/ranchpal/"
"Coortex","https://www.eu-startups.com/directory/coortex/"
"Alter","https://www.eu-startups.com/directory/alter/"
"Digital Fortress","https://www.eu-startups.com/directory/digital-fortress/"
"HEYSO","https://www.eu-startups.com/directory/heyso/"
"IQ Labs","https://www.eu-startups.com/directory/iq-labs/"
"Kalao.io","https://www.eu-startups.com/directory/kalao-io/"
"Paywerk","https://www.eu-startups.com/directory/paywerk/"
"Prfct network","https://www.eu-startups.com/directory/prfct-network/"
"Quantum Brain Research Institute","https://www.eu-startups.com/directory/quantum-brain-research-institute/"
"StampsDaq","https://www.eu-startups.com/directory/stampsdaq/"
"Talis","https://www.eu-startups.com/directory/talis/"
"Bloomcoding","https://www.eu-startups.com/directory/bloomcoding/"
"Crypto Fight Club","https://www.eu-startups.com/directory/crypto-fight-club/"
"Kwota","https://www.eu-startups.com/directory/kwota/"
"Solid World DAO","https://www.eu-startups.com/directory/solid-world-dao/"
"Cookie3","https://www.eu-startups.com/directory/cookie3/"
"Coorest","https://www.eu-startups.com/directory/coorest/"
"ReKrypto","https://www.eu-startups.com/directory/rekrypto/"
"Uplift","https://www.eu-startups.com/directory/uplift/"
"Postoplan","https://www.eu-startups.com/directory/postoplan-2/"
"Anatomy Standard","https://www.eu-startups.com/directory/anatomy-standard/"
"Future Dialog","https://www.eu-startups.com/directory/future-dialog/"
"Unschooler","https://www.eu-startups.com/directory/unschooler/"
"PocketPro","https://www.eu-startups.com/directory/pocketpro/"
"CyberDock","https://www.eu-startups.com/directory/cyberdock/"
"TrustRecruit","https://www.eu-startups.com/directory/trustrecruit/"
"Alpha Omega Coin","https://www.eu-startups.com/directory/alpha-omega-coin/"
"Tutorium","https://www.eu-startups.com/directory/tutorium/"
"Beast","https://www.eu-startups.com/directory/beast/"
"forYou","https://www.eu-startups.com/directory/foryou/"
"EIMIO","https://www.eu-startups.com/directory/eimio/"
"Legends of Elysium","https://www.eu-startups.com/directory/legends-of-elysium/"
"Snacka!","https://www.eu-startups.com/directory/snacka/"
"The Solomon Brokerage Firm","https://www.eu-startups.com/directory/the-solomon-brokerage-firm/"
"Moonable","https://www.eu-startups.com/directory/moonable-2/"
"Depowise","https://www.eu-startups.com/directory/depowise/"
"Shop-E One","https://www.eu-startups.com/directory/shop-e-one/"
"Specroot","https://www.eu-startups.com/directory/specroot/"
"Eremenko & Polomani","https://www.eu-startups.com/directory/eremenko-polomani/"
"Cardalonia","https://www.eu-startups.com/directory/cardalonia/"
"Ari Care","https://www.eu-startups.com/directory/ari-care/"
"Bithashex","https://www.eu-startups.com/directory/bithashex/"
"Work27","https://www.eu-startups.com/directory/work27/"
"Wild Browser","https://www.eu-startups.com/directory/wild-browser/"
"Heavnn","https://www.eu-startups.com/directory/heavnn/"
"Artano","https://www.eu-startups.com/directory/artano/"
"Vocal Image","https://www.eu-startups.com/directory/vocal-image-2/"
"kanvas.ai","https://www.eu-startups.com/directory/kanvas-ai/"
"Life","https://www.eu-startups.com/directory/life/"
"Wisby","https://www.eu-startups.com/directory/wisby/"
"AlphaChat","https://www.eu-startups.com/directory/alphachat/"
"Producter","https://www.eu-startups.com/directory/producter/"
"attained.ai","https://www.eu-startups.com/directory/attained-ai/"
"Lawato","https://www.eu-startups.com/directory/lawato/"
"Lesstress","https://www.eu-startups.com/directory/lesstress/"
"uScore","https://www.eu-startups.com/directory/uscore/"
"Beanvest","https://www.eu-startups.com/directory/beanvest/"
"Coinradar","https://www.eu-startups.com/directory/coinradar/"
"Cashero","https://www.eu-startups.com/directory/cashero/"
"Glitter Finance","https://www.eu-startups.com/directory/glitter-finance/"
"FUDY","https://www.eu-startups.com/directory/fudy/"
"Forstod","https://www.eu-startups.com/directory/forstod/"
"Everyrun","https://www.eu-startups.com/directory/everyrun/"
"Deepensive","https://www.eu-startups.com/directory/deepensive/"
"Debond protocol","https://www.eu-startups.com/directory/debond-protocol/"
"Moonly","https://www.eu-startups.com/directory/moonly/"
"Chimeras","https://www.eu-startups.com/directory/chimeras/"
"Idealex","https://www.eu-startups.com/directory/idealex/"
"LarnU","https://www.eu-startups.com/directory/larnu/"
"MIATLANTIC","https://www.eu-startups.com/directory/miatlantic/"
"Minterest","https://www.eu-startups.com/directory/minterest/"
"Parsio.io","https://www.eu-startups.com/directory/parsio-io/"
"PopSpot","https://www.eu-startups.com/directory/popspot/"
"Radiation.to","https://www.eu-startups.com/directory/radiation-to/"
"Prostarter","https://www.eu-startups.com/directory/prostarter/"
"Prospect Role","https://www.eu-startups.com/directory/prospect-role/"
"Quantum Brain","https://www.eu-startups.com/directory/quantum-brain/"
"EcardForest","https://www.eu-startups.com/directory/ecardforest/"
"Mentornaut","https://www.eu-startups.com/directory/mentornaut/"
"Bondly","https://www.eu-startups.com/directory/bondly/"
"biletwise","https://www.eu-startups.com/directory/biletwise/"
"App Supports","https://www.eu-startups.com/directory/app-supports/"
"Formaloo","https://www.eu-startups.com/directory/formaloo/"
"Tuto.ai","https://www.eu-startups.com/directory/tuto-ai/"
"Fastboss","https://www.eu-startups.com/directory/fastboss/"
"Keepsyapp","https://www.eu-startups.com/directory/keepsyapp/"
"Pollymetrix","https://www.eu-startups.com/directory/pollymetrix/"
"Exponaut","https://www.eu-startups.com/directory/exponaut/"
"Vespia","https://www.eu-startups.com/directory/vespia/"
"Kelp.Digital","https://www.eu-startups.com/directory/kelp-digital/"
"IOTIZED","https://www.eu-startups.com/directory/iotized-solutions-consultancy-ou/"
"Taut","https://www.eu-startups.com/directory/taut/"
"BitCourier","https://www.eu-startups.com/directory/bitcourier/"
"Analyzify","https://www.eu-startups.com/directory/analyzify/"
"Sharewell","https://www.eu-startups.com/directory/sharewell/"
"Income Marketplace","https://www.eu-startups.com/directory/income-marketplace/"
"Xpass","https://www.eu-startups.com/directory/xpass/"
"PitchBob.io","https://www.eu-startups.com/directory/pitchbob-io/"
"Fanki","https://www.eu-startups.com/directory/fanki/"
"Expert Republic (Formerly Serw)","https://www.eu-startups.com/directory/expert-republic-formerly-serw/"
"QPage.one","https://www.eu-startups.com/directory/qpage-one/"
"Nine Dots Digital","https://www.eu-startups.com/directory/nine-dots-digital/"
"Idyllum Labs","https://www.eu-startups.com/directory/idyllum-labs/"
"Recoshelf","https://www.eu-startups.com/directory/recoshelf/"
"Stakin","https://www.eu-startups.com/directory/stakin/"
"GreenWise","https://www.eu-startups.com/directory/greenwise/"
"LeanyLabs","https://www.eu-startups.com/directory/leanylabs/"
"Runners tv","https://www.eu-startups.com/directory/runners-tv/"
"Innovat","https://www.eu-startups.com/directory/innovat/"
"Ganttic","https://www.eu-startups.com/directory/ganttic/"
"GoDiet","https://www.eu-startups.com/directory/godiet/"
"BankApply","https://www.eu-startups.com/directory/bankapply/"
"Factory.Sale OÜ","https://www.eu-startups.com/directory/factory-sale-ou/"
"Tendbe","https://www.eu-startups.com/directory/tendbe/"
"Velmio","https://www.eu-startups.com/directory/velmio/"
"Liquidintel.io","https://www.eu-startups.com/directory/liquidintel-io/"
"LyncMe","https://www.eu-startups.com/directory/lyncme/"
"Intelligent-Advisor.com","https://www.eu-startups.com/directory/intelligent-advisor-com/"
"immersive","https://www.eu-startups.com/directory/immersive/"
"Nobohost","https://www.eu-startups.com/directory/nobohost/"
"Nobosoft","https://www.eu-startups.com/directory/nobosoft/"
"FleetGuru","https://www.eu-startups.com/directory/fleetguru/"
"Respiray","https://www.eu-startups.com/directory/respiray/"
"Ringy","https://www.eu-startups.com/directory/ringy/"
"SCALEINK","https://www.eu-startups.com/directory/scaleink/"
"Bitskout","https://www.eu-startups.com/directory/bitskout/"
"Senseily","https://www.eu-startups.com/directory/senseily/"
"LIT VIBE","https://www.eu-startups.com/directory/lit-vibe/"
"Radiolize","https://www.eu-startups.com/directory/radiolize/"
"Eclipcoin","https://www.eu-startups.com/directory/eclipcoin/"
"Eventocracia","https://www.eu-startups.com/directory/eventocracia/"
"Income","https://www.eu-startups.com/directory/income/"
"Grunfin","https://www.eu-startups.com/directory/grunfin-2/"
"LGR Global","https://www.eu-startups.com/directory/lgr-global/"
"Recrooit","https://www.eu-startups.com/directory/recrooit/"
"Score Network","https://www.eu-startups.com/directory/score-network/"
"Swan Finance","https://www.eu-startups.com/directory/swan-finance/"
"TWOROCKS","https://www.eu-startups.com/directory/tworocks/"
"ChangeMastr","https://www.eu-startups.com/directory/changemastr/"
"Clean Kitchen","https://www.eu-startups.com/directory/clean-kitchen/"
"Greenergy Data Centers","https://www.eu-startups.com/directory/greenergy-data-centers/"
"Oditly","https://www.eu-startups.com/directory/oditly/"
"Pointship","https://www.eu-startups.com/directory/pointship/"
"Volee","https://www.eu-startups.com/directory/volee/"
"LedgerScore","https://www.eu-startups.com/directory/ledgerscore/"
"Ender Turing","https://www.eu-startups.com/directory/ender-turing/"
"Cyphergram","https://www.eu-startups.com/directory/cyphergram/"
"Hurmaweb","https://www.eu-startups.com/directory/hurmaweb/"
"Skyrocket Your Team","https://www.eu-startups.com/directory/skyrocket-your-team/"
"Cyttraction","https://www.eu-startups.com/directory/cyttraction/"
"BlogTec","https://www.eu-startups.com/directory/blogtec/"
"Intelligent-Advisor.com","https://www.eu-startups.com/directory/intelligent-advisor-com-2/"
"Utorg","https://www.eu-startups.com/directory/utorg/"
"Azondo","https://www.eu-startups.com/directory/azondo/"
"SensusQ","https://www.eu-startups.com/directory/sensusq/"
"KonnectzIT","https://www.eu-startups.com/directory/konnectzit/"
"EyeVi Technologies","https://www.eu-startups.com/directory/eyevi-technologies/"
"Bloom","https://www.eu-startups.com/directory/bloom-2/"
"Nobe","https://www.eu-startups.com/directory/nobe/"
"Connectter","https://www.eu-startups.com/directory/connectter/"
"Enty","https://www.eu-startups.com/directory/enty-2/"
"Norby.io","https://www.eu-startups.com/directory/norby-io/"
"EmailEngine","https://www.eu-startups.com/directory/emailengine/"
"Babr","https://www.eu-startups.com/directory/babr/"
"CogniSpot","https://www.eu-startups.com/directory/cognispot/"
"Applysis","https://www.eu-startups.com/directory/applysis/"
"Tribe Funding","https://www.eu-startups.com/directory/tribe-funding/"
"LightCode Photonics","https://www.eu-startups.com/directory/lightcode-photonics/"
"RecruitLab","https://www.eu-startups.com/directory/recruitlab/"
"OBORTECH","https://www.eu-startups.com/directory/obortech/"
"4Bulls","https://www.eu-startups.com/directory/4bulls/"
"Krock.io","https://www.eu-startups.com/directory/krock-io/"
"Polkadex","https://www.eu-startups.com/directory/polkadex/"
"Fullsepp","https://www.eu-startups.com/directory/fullsepp/"
"VCC.Network","https://www.eu-startups.com/directory/vcc-network/"
"bitPerk","https://www.eu-startups.com/directory/bitperk/"
"TradeLink","https://www.eu-startups.com/directory/tradelink/"
"Homestudy","https://www.eu-startups.com/directory/homestudy/"
"BannerBoo","https://www.eu-startups.com/directory/bannerboo/"
"TribeOne","https://www.eu-startups.com/directory/tribeone/"
"Tyron","https://www.eu-startups.com/directory/tyron/"
"XGo","https://www.eu-startups.com/directory/xgo/"
"Werk","https://www.eu-startups.com/directory/werk/"
"Moocco","https://www.eu-startups.com/directory/moocco/"
"xappfactory","https://www.eu-startups.com/directory/xappfactory/"
"Fixpark","https://www.eu-startups.com/directory/fixpark/"
"BuildrLink","https://www.eu-startups.com/directory/buildrlink/"
"Tiramisu","https://www.eu-startups.com/directory/tiramisu/"
"Neurosalience","https://www.eu-startups.com/directory/neurosalience/"
"KYB Platform","https://www.eu-startups.com/directory/kyb-platform/"
"LEGID App","https://www.eu-startups.com/directory/legid-app-2/"
"Sast Online","https://www.eu-startups.com/directory/sast-online/"
"Gigimot","https://www.eu-startups.com/directory/gigimot/"
"dillali","https://www.eu-startups.com/directory/dillali/"
"Single.Earth","https://www.eu-startups.com/directory/single-earth-2/"
"Kodatek","https://www.eu-startups.com/directory/kodatek/"
"Taut","https://www.eu-startups.com/directory/taut-2/"
"IMERS Land","https://www.eu-startups.com/directory/imers-land/"
"Machineric","https://www.eu-startups.com/directory/machineric/"
"Fairmus","https://www.eu-startups.com/directory/fairmus/"
"Envelope","https://www.eu-startups.com/directory/envelope/"
"Seaborne Settlement Solution","https://www.eu-startups.com/directory/seaborne-settlement-solution/"
"Norby AI","https://www.eu-startups.com/directory/norby-ai/"
"GPO Technologies","https://www.eu-startups.com/directory/gpo-technologies/"
"EvoEstate","https://www.eu-startups.com/directory/evoestate/"
"PRODCAMP","https://www.eu-startups.com/directory/prodcamp/"
"Autom8","https://www.eu-startups.com/directory/autom8-3/"
"CompAct","https://www.eu-startups.com/directory/compact/"
"Xolo","https://www.eu-startups.com/directory/xolo/"
"excellent-jobs","https://www.eu-startups.com/directory/excellent-jobs/"
"Nat.ly","https://www.eu-startups.com/directory/nat-ly/"
"GoPlant.me","https://www.eu-startups.com/directory/goplant-me/"
"Liquidintel","https://www.eu-startups.com/directory/liquidintel/"
"LEGID.app","https://www.eu-startups.com/directory/legid-app/"
"BizHive","https://www.eu-startups.com/directory/bizhive-ou/"
"Fisemarco Research","https://www.eu-startups.com/directory/fisemarco-research/"
"Room.tv#","https://www.eu-startups.com/directory/room-tv/"
"Fambase","https://www.eu-startups.com/directory/fambase/"
"Eventornado","https://www.eu-startups.com/directory/eventornado/"
"Single.Earth","https://www.eu-startups.com/directory/single-earth/"
"Enty","https://www.eu-startups.com/directory/enty/"
"Contester","https://www.eu-startups.com/directory/contester/"
"Co-one","https://www.eu-startups.com/directory/co-one/"
"TalentMondo","https://www.eu-startups.com/directory/talentmondo/"
"Verilogy","https://www.eu-startups.com/directory/verilogy/"
"Wert","https://www.eu-startups.com/directory/wert/"
"Hotsnow","https://www.eu-startups.com/directory/hotsnow/"
"MX Labs","https://www.eu-startups.com/directory/mx-labs-ou/"
"Mentornaut","https://www.eu-startups.com/directory/mentornaut-3/"
"MX Labs","https://www.eu-startups.com/directory/mx-labs/"
"So.fa.dog","https://www.eu-startups.com/directory/so-fa-dog/"
"Migrevention","https://www.eu-startups.com/directory/migrevention/"
"Skillus","https://www.eu-startups.com/directory/skillus/"
"WIRE SALAD","https://www.eu-startups.com/directory/wire-salad/"
"Shopalythics","https://www.eu-startups.com/directory/shopalythics/"
"Medicalab","https://www.eu-startups.com/directory/medicalab/"
"Mentornaut","https://www.eu-startups.com/directory/mentornaut-2/"
"Membo","https://www.eu-startups.com/directory/membo/"
"Grunfin","https://www.eu-startups.com/directory/grunfin/"
"Focsec","https://www.eu-startups.com/directory/focsec/"
"Vok Bikes","https://www.eu-startups.com/directory/vok-bikes/"
"OktoMaxAI","https://www.eu-startups.com/directory/oktomaxai-ou/"
"Team Analytics","https://www.eu-startups.com/directory/team-analytics/"
"Binaryx Exchange","https://www.eu-startups.com/directory/binaryx-exchange/"
"Shield My IP","https://www.eu-startups.com/directory/shield-my-ip/"
"Binaryx","https://www.eu-startups.com/directory/binaryx/"
"sepehr engineering services","https://www.eu-startups.com/directory/sepehr-engineering-services/"
"Nmap Online","https://www.eu-startups.com/directory/nmap-online/"
"GDPR Register","https://www.eu-startups.com/directory/gdpr-register/"
"Streamster","https://www.eu-startups.com/directory/streamster/"
"eSupplier","https://www.eu-startups.com/directory/esupplier/"
"PaySic","https://www.eu-startups.com/directory/paysic/"
"WPsetup","https://www.eu-startups.com/directory/wpsetup/"
"Hive","https://www.eu-startups.com/directory/hive/"
"MY PIGGYCARD","https://www.eu-startups.com/directory/my-piggycard/"
"BotGuard","https://www.eu-startups.com/directory/botguard/"
"Sparq","https://www.eu-startups.com/directory/sparq/"
"NFTPort","https://www.eu-startups.com/directory/nftport/"
"Vanongo","https://www.eu-startups.com/directory/vanongo-3/"
"WE2VIDEO","https://www.eu-startups.com/directory/we2video/"
"BlogTec Solutions OÜ","https://www.eu-startups.com/directory/blogtec-solutions-ou/"
"Switchere","https://www.eu-startups.com/directory/switchere/"
"Actnow Ventures","https://www.eu-startups.com/directory/actnow-ventures/"
"Media Scope Group","https://www.eu-startups.com/directory/media-scope-group/"
"Immortal Games","https://www.eu-startups.com/directory/immortal-games/"
"Moontower","https://www.eu-startups.com/directory/moontower/"
"Hastli","https://www.eu-startups.com/directory/hastli/"
"todZ","https://www.eu-startups.com/directory/todz/"
"Lootmart","https://www.eu-startups.com/directory/lootmart/"
"Cyberlands.io","https://www.eu-startups.com/directory/cyberlands-io/"
"Rapid Bio-Labs","https://www.eu-startups.com/directory/rapid-bio-labs-ou/"
"JETPAXS","https://www.eu-startups.com/directory/jetpaxs/"
"10Lines","https://www.eu-startups.com/directory/10lines/"
"Introwise","https://www.eu-startups.com/directory/introwise/"
"Speakerguru","https://www.eu-startups.com/directory/speakerguru/"
"EcoPetBox","https://www.eu-startups.com/directory/ecopetbox/"
"Iffent","https://www.eu-startups.com/directory/iffent/"
"Greenful Group","https://www.eu-startups.com/directory/greenful-group/"
"BLE Locking","https://www.eu-startups.com/directory/ble-locking/"
"WiseDrive","https://www.eu-startups.com/directory/wisedrive/"
"GIGY","https://www.eu-startups.com/directory/gigy/"
"Data Calculus","https://www.eu-startups.com/directory/data-calculus/"
"Aufort","https://www.eu-startups.com/directory/aufort/"
"VanOnGo","https://www.eu-startups.com/directory/vanongo-2/"
"DUCKT","https://www.eu-startups.com/directory/duckt/"
"Paypolitan","https://www.eu-startups.com/directory/paypolitan/"
"Linkdelta","https://www.eu-startups.com/directory/linkdelta/"
"GrandTime","https://www.eu-startups.com/directory/grandtime/"
"FiFi Finance","https://www.eu-startups.com/directory/fifi-finance/"
"Nutiturg.ee","https://www.eu-startups.com/directory/nutiturg-ee/"
"a-Qube","https://www.eu-startups.com/directory/a-qube/"
"Civic Space","https://www.eu-startups.com/directory/civic-space/"
"Bewezit","https://www.eu-startups.com/directory/bewezit/"
"Persius","https://www.eu-startups.com/directory/persius/"
"Wisefund","https://www.eu-startups.com/directory/wisefund/"
"VITS","https://www.eu-startups.com/directory/vits/"
"MyGames","https://www.eu-startups.com/directory/mygames/"
"devpad.io","https://www.eu-startups.com/directory/devpad-io/"
"POSTOPLAN","https://www.eu-startups.com/directory/postoplan/"
"The Happy Beavers","https://www.eu-startups.com/directory/the-happy-beavers-2/"
"Helpmytask","https://www.eu-startups.com/directory/helpmytask/"
"Single.Earth","https://www.eu-startups.com/directory/single-earth-3/"
"Rendin","https://www.eu-startups.com/directory/rendin/"
"GetID","https://www.eu-startups.com/directory/getid/"
"UP Catalyst","https://www.eu-startups.com/directory/up-catalyst/"
"Bugbounter","https://www.eu-startups.com/directory/bugbounter/"
"tod-Z","https://www.eu-startups.com/directory/tod-z/"
"ultimodl","https://www.eu-startups.com/directory/ultimodl/"
"Brick","https://www.eu-startups.com/directory/brick/"
"Usetiful","https://www.eu-startups.com/directory/usetiful/"
"QANplatform","https://www.eu-startups.com/directory/qanplatform/"
"Tuum","https://www.eu-startups.com/directory/tuum/"
"Astrogrowth","https://www.eu-startups.com/directory/astrogrowth/"
".work corporation","https://www.eu-startups.com/directory/work-corporation-ou/"
"Wunderbit Exchange","https://www.eu-startups.com/directory/wunderbit-exchange/"
"Hooli Healthcare","https://www.eu-startups.com/directory/hooli-healthcare-ou/"
"CureAssist","https://www.eu-startups.com/directory/cureassist-hooli-healthcare-ou/"
"Antegenes","https://www.eu-startups.com/directory/antegenes/"
"Fairown","https://www.eu-startups.com/directory/fairown/"
"GDPR Register","https://www.eu-startups.com/directory/gdpr-register-2/"
"ChangeHero","https://www.eu-startups.com/directory/changehero/"
"Modularbank","https://www.eu-startups.com/directory/modularbank/"
"DEIP","https://www.eu-startups.com/directory/deip/"
"Zelos Team Management","https://www.eu-startups.com/directory/zelos-team-management/"
"NumHub","https://www.eu-startups.com/directory/numhub/"
"Orvium","https://www.eu-startups.com/directory/orvium/"
"PUBLICAFFAIRS.WORK","https://www.eu-startups.com/directory/publicaffairs-work/"
"Remato","https://www.eu-startups.com/directory/remato/"
"Klaus","https://www.eu-startups.com/directory/klaus/"
"Unit.chat","https://www.eu-startups.com/directory/unit-chat/"
"Yourcryptocompany.ai","https://www.eu-startups.com/directory/yourcryptocompany-ai/"
"Mediamodifier","https://www.eu-startups.com/directory/mediamodifier/"
"Eurora","https://www.eu-startups.com/directory/eurora/"
"Auve Tech","https://www.eu-startups.com/directory/auve-tech/"
"Mercuryo","https://www.eu-startups.com/directory/mercuryo/"
"PowerCrowd.eu","https://www.eu-startups.com/directory/powercrowd-eu/"
"Montonio","https://www.eu-startups.com/directory/montonio/"
"Outvio","https://www.eu-startups.com/directory/outvio/"
"MySpotit","https://www.eu-startups.com/directory/myspotit-2/"
"Bioful","https://www.eu-startups.com/directory/bioful-ou/"
"Bisly","https://www.eu-startups.com/directory/bisly/"
"exelence","https://www.eu-startups.com/directory/exelence/"
"AliNull / Eternet","https://www.eu-startups.com/directory/alinull-eternet/"
"Alpha AR","https://www.eu-startups.com/directory/alpha-ar/"
"NutriLoop","https://www.eu-startups.com/directory/nutriloop/"
"biztribution","https://www.eu-startups.com/directory/biztribution/"
"RaDoTech Technologies","https://www.eu-startups.com/directory/radotech-technologies-ou/"
"PowerCrowd.org","https://www.eu-startups.com/directory/powercrowd-org/"
"Suumbox","https://www.eu-startups.com/directory/suumbox/"
"Oyko","https://www.eu-startups.com/directory/oyko/"
"Companio","https://www.eu-startups.com/directory/companio/"
"Hotelizy","https://www.eu-startups.com/directory/hotelizy/"
"HautAI","https://www.eu-startups.com/directory/hautai/"
"Niko Technologies","https://www.eu-startups.com/directory/niko-technologies/"
"Tallinn","https://www.eu-startups.com/directory/tallinn/"
"Haut.AI","https://www.eu-startups.com/directory/haut-ai/"
"OnLife","https://www.eu-startups.com/directory/onlife/"
"Neuromatic","https://www.eu-startups.com/directory/neuromatic-2/"
"PRNEWS","https://www.eu-startups.com/directory/prnews-ou/"
"CyberArch","https://www.eu-startups.com/directory/cyberarch-consulting/"
"PayTipTop","https://www.eu-startups.com/directory/paytiptop/"
"Kriptomat","https://www.eu-startups.com/directory/kriptomat/"
"GlobeTrip","https://www.eu-startups.com/directory/globetrip/"
"Mifundo","https://www.eu-startups.com/directory/mifundo/"
"BlockSecSys","https://www.eu-startups.com/directory/blocksecsys/"
"HealthCode AI","https://www.eu-startups.com/directory/healthcode-ai/"
"Modash","https://www.eu-startups.com/directory/modash/"
"Finest Fashion Site","https://www.eu-startups.com/directory/finest-fashion-site/"
"Cryptee","https://www.eu-startups.com/directory/cryptee/"
"Consorto","https://www.eu-startups.com/directory/consorto/"
"Viveo Health","https://www.eu-startups.com/directory/viveo-health/"
"Kipwise","https://www.eu-startups.com/directory/kipwise/"
"Taskeo","https://www.eu-startups.com/directory/taskeo/"
"Salv","https://www.eu-startups.com/directory/salv/"
"99math","https://www.eu-startups.com/directory/99math/"
"Moduulo","https://www.eu-startups.com/directory/moduulo/"
"Edumus","https://www.eu-startups.com/directory/edumus/"
"YuMuuv","https://www.eu-startups.com/directory/yumuuv/"
"Nursebeam","https://www.eu-startups.com/directory/nursebeam/"
"MySpotit","https://www.eu-startups.com/directory/myspotit/"
"Nettlebit","https://www.eu-startups.com/directory/nettlebit/"
"Precision Navigation Systems","https://www.eu-startups.com/directory/precision-navigation-systems-ou/"
"The KMR Brands","https://www.eu-startups.com/directory/the-kmr-brands/"
"Vumonic Datalabs","https://www.eu-startups.com/directory/vumonic-datalabs/"
"B2BX Exchange","https://www.eu-startups.com/directory/b2bx-exchange/"
"Cachet","https://www.eu-startups.com/directory/cachet/"
"PointPay","https://www.eu-startups.com/directory/pointpay/"
"OWNR WALLET","https://www.eu-startups.com/directory/ownr-wallet/"
"CoinField","https://www.eu-startups.com/directory/coinfield/"
"Envoy Group","https://www.eu-startups.com/directory/envoy-group/"
"Ironx","https://www.eu-startups.com/directory/ironx/"
"guavaHR","https://www.eu-startups.com/directory/guavahr/"
"GScan","https://www.eu-startups.com/directory/gscan/"
"Montonio Finance","https://www.eu-startups.com/directory/montonio-finance/"
"MyCointainer","https://www.eu-startups.com/directory/mycointainer/"
"EUROPESHUTTLE","https://www.eu-startups.com/directory/europeshuttle/"
"BitTube","https://www.eu-startups.com/directory/bittube/"
"Binalyze","https://www.eu-startups.com/directory/binalyze/"
"Betmatch","https://www.eu-startups.com/directory/betmatch/"
"Stex","https://www.eu-startups.com/directory/stex/"
"The Happy Beavers","https://www.eu-startups.com/directory/the-happy-beavers/"
"AwayTake","https://www.eu-startups.com/directory/awaytake/"
"FXFX Studios","https://www.eu-startups.com/directory/fxfx-studios/"
"Warren.io","https://www.eu-startups.com/directory/warren-io/"
"Landelity","https://www.eu-startups.com/directory/landelity/"
"Global Vehicle Payment System","https://www.eu-startups.com/directory/global-vehicle-payment-system/"
"Coursy","https://www.eu-startups.com/directory/coursy/"
"Promoty","https://www.eu-startups.com/directory/promoty-2/"
"Zamphyr","https://www.eu-startups.com/directory/zamphyr/"
"Changeagain.me","https://www.eu-startups.com/directory/changeagain-me/"
"Collaborator","https://www.eu-startups.com/directory/collaborator-collaborator-pro/"
"Gettranslation","https://www.eu-startups.com/directory/gettranslation/"
"Relocate.me","https://www.eu-startups.com/directory/relocate-me-2/"
"Planet42","https://www.eu-startups.com/directory/planet42/"
"Ordly","https://www.eu-startups.com/directory/ordly/"
"Waybiller","https://www.eu-startups.com/directory/waybiller/"
"VideoCV","https://www.eu-startups.com/directory/videocv/"
"AIDA Service","https://www.eu-startups.com/directory/aida-service/"
"Zeew","https://www.eu-startups.com/directory/zeew-2/"
"PlasmaPay","https://www.eu-startups.com/directory/plasmapay/"
"Fyma","https://www.eu-startups.com/directory/fyma/"
"MeetFrank","https://www.eu-startups.com/directory/meetfrank/"
"QuikNode","https://www.eu-startups.com/directory/quiknode/"
"Polisensio","https://www.eu-startups.com/directory/polisensio/"
"AskRobin","https://www.eu-startups.com/directory/askrobin/"
"Bankish","https://www.eu-startups.com/directory/bankish/"
"Geme.io","https://www.eu-startups.com/directory/geme-io/"
"Bettium","https://www.eu-startups.com/directory/bettium/"
"Dashbird","https://www.eu-startups.com/directory/dashbird/"
"FoodDocs","https://www.eu-startups.com/directory/fooddocs/"
"FoodDocs","https://www.eu-startups.com/directory/fooddocs-2/"
"appmediation","https://www.eu-startups.com/directory/appmediation/"
"Fanvestory","https://www.eu-startups.com/directory/fanvestory/"
"SmartSender.io","https://www.eu-startups.com/directory/smartsender-io/"
"BitOfProperty","https://www.eu-startups.com/directory/bitofproperty/"
"Raison","https://www.eu-startups.com/directory/raison/"
"Katana","https://www.eu-startups.com/directory/katana/"
"Solve.Care","https://www.eu-startups.com/directory/solve-care/"
"Crypterium","https://www.eu-startups.com/directory/crypterium/"
"UpSteam","https://www.eu-startups.com/directory/upsteam/"
"R8tech","https://www.eu-startups.com/directory/r8tech/"
"Cloud Factory","https://www.eu-startups.com/directory/cloud-factory/"
"Promoty","https://www.eu-startups.com/directory/promoty/"
"Rimuut","https://www.eu-startups.com/directory/rimuut/"
"WeGoTrip","https://www.eu-startups.com/directory/wegotrip/"
"Pareto CRM","https://www.eu-startups.com/directory/pareto-crm/"
"CoinMetro","https://www.eu-startups.com/directory/coinmetro/"
"U24 Solutions","https://www.eu-startups.com/directory/u24-solutions/"
"Hepta Airborne","https://www.eu-startups.com/directory/hepta-airborne/"
"KICK ECOSYSTEM","https://www.eu-startups.com/directory/kick-ecosystem/"
"Neuromation.io","https://www.eu-startups.com/directory/neuromation-io/"
"Quppy","https://www.eu-startups.com/directory/quppy/"
"Stockpoint","https://www.eu-startups.com/directory/stockpoint/"
"Cindx","https://www.eu-startups.com/directory/cindx/"
"Yanu","https://www.eu-startups.com/directory/yanu/"
"Gelatex","https://www.eu-startups.com/directory/gelatex/"
"Lurento","https://www.eu-startups.com/directory/lurento/"
"Punch Club","https://www.eu-startups.com/directory/punch-club/"
"Eziil","https://www.eu-startups.com/directory/eziil/"
"Roofit Solar Energy","https://www.eu-startups.com/directory/roofit-solar-energy/"
"Official IQ Test","https://www.eu-startups.com/directory/official-iq-test/"
"Qubit Labs","https://www.eu-startups.com/directory/qubit-labs/"
"Docsify","https://www.eu-startups.com/directory/docsify/"
"Yorso","https://www.eu-startups.com/directory/yorso-2/"
"PowerUp Fuel Cells","https://www.eu-startups.com/directory/powerup-fuel-cells/"
"iuvo","https://www.eu-startups.com/directory/iuvo/"
"Clanbeat","https://www.eu-startups.com/directory/clanbeat/"
"Shipitwise","https://www.eu-startups.com/directory/shipitwise/"
"LEXIT","https://www.eu-startups.com/directory/lexit/"
"PowerUp Fuel Cell","https://www.eu-startups.com/directory/powerup-fuel-cells-ou/"
"Xendiz","https://www.eu-startups.com/directory/xendiz/"
"CostPocket","https://www.eu-startups.com/directory/costpocket/"
"eAgronom","https://www.eu-startups.com/directory/eagronom/"
"Peeke","https://www.eu-startups.com/directory/peeke/"
"Cora","https://www.eu-startups.com/directory/cora/"
"Nowescape","https://www.eu-startups.com/directory/nowescape/"
"Avokaado","https://www.eu-startups.com/directory/avokaado/"
"Occo","https://www.eu-startups.com/directory/occo/"
"Salon Booking System","https://www.eu-startups.com/directory/salon-booking-system/"
"LIFT99","https://www.eu-startups.com/directory/lift99/"
"Exscudo","https://www.eu-startups.com/directory/exscudo/"
"CapOne Research","https://www.eu-startups.com/directory/capone-research/"
"Gameloch","https://www.eu-startups.com/directory/gameloch/"
"Gridio","https://www.eu-startups.com/directory/gridio/"
"Solarstone","https://www.eu-startups.com/directory/solarstone-2/"
"Goalse","https://www.eu-startups.com/directory/goalse/"
"Solarstone","https://www.eu-startups.com/directory/solarstone/"
"Barking","https://www.eu-startups.com/directory/barking/"
"TransferFast","https://www.eu-startups.com/directory/transferfast/"
"LeapIN","https://www.eu-startups.com/directory/leapin/"
"Weps","https://www.eu-startups.com/directory/weps/"
"Metatask","https://www.eu-startups.com/directory/metatask/"
"Eternet","https://www.eu-startups.com/directory/eternet/"
"Veriff","https://www.eu-startups.com/directory/veriff/"
"Drops","https://www.eu-startups.com/directory/drops/"
"Robot Muralist","https://www.eu-startups.com/directory/robot-muralist/"
"NEXD","https://www.eu-startups.com/directory/nexd/"
"HUGO.legal","https://www.eu-startups.com/directory/hugo-legal/"
"Hosting Facts","https://www.eu-startups.com/directory/hosting-facts/"
"Apifonica","https://www.eu-startups.com/directory/apifonica/"
"Terratra OÜ","https://www.eu-startups.com/directory/terratra-ou/"
"Facelet","https://www.eu-startups.com/directory/facelet/"
"Brainbean Apps","https://www.eu-startups.com/directory/brainbean-apps-2/"
"TravelUnion","https://www.eu-startups.com/directory/travelunion/"
"Insolvo","https://www.eu-startups.com/directory/insolvo/"
"Teamscope","https://www.eu-startups.com/directory/teamscope/"
"Wolf3D","https://www.eu-startups.com/directory/wolf3d/"
"Nordic Automation Systems","https://www.eu-startups.com/directory/nordic-automation-systems/"
"Jobbatical","https://www.eu-startups.com/directory/jobbatical/"
"Peppertix","https://www.eu-startups.com/directory/peppertix/"
"Tebo","https://www.eu-startups.com/directory/tebo/"
"Ampler Bikes","https://www.eu-startups.com/directory/ampler-bikes/"
"Guaana","https://www.eu-startups.com/directory/guaana/"
"MRPEasy","https://www.eu-startups.com/directory/mrpeasy/"
"Sorry As A Service","https://www.eu-startups.com/directory/sorry-as-a-service/"
"AddGoals","https://www.eu-startups.com/directory/addgoals/"
"Fundwise","https://www.eu-startups.com/directory/fundwise/"
"Pocopay","https://www.eu-startups.com/directory/pocopay/"
"Folderit","https://www.eu-startups.com/directory/folderit/"
"Turnit","https://www.eu-startups.com/directory/turnit/"
"CoinsPaid","https://www.eu-startups.com/directory/coinspaid/"
"TravelLine","https://www.eu-startups.com/directory/travelline/"
"Funderbeam","https://www.eu-startups.com/directory/funderbeam/"
"EstateGuru","https://www.eu-startups.com/directory/estateguru/"
"Chaga Health","https://www.eu-startups.com/directory/chaga-health/"
"SpectroCoin","https://www.eu-startups.com/directory/spectrocoin/"
"Lingvist","https://www.eu-startups.com/directory/lingvist/"
"Timbeter","https://www.eu-startups.com/directory/timbeter/"
"Bolt","https://www.eu-startups.com/directory/bolt/"
"GoGoNano","https://www.eu-startups.com/directory/gogonano/"
"FLEEP","https://www.eu-startups.com/directory/fleep/"
"AirPatrol","https://www.eu-startups.com/directory/airpatrol/"
"Greenhouse","https://www.eu-startups.com/directory/greenhouse/"
"Sprayprinter","https://www.eu-startups.com/directory/sprayprinter/"
"Ashram Research","https://www.eu-startups.com/directory/ashram-research/"
"Skeleton Technologies","https://www.eu-startups.com/directory/skeleton-technologies/"
"Click and Grow","https://www.eu-startups.com/directory/click-and-grow/"
"Redwerk","https://www.eu-startups.com/directory/redwerk/"
"Voog","https://www.eu-startups.com/directory/voog/"