name,link
"Dandelier AI","https://www.eu-startups.com/directory/dandelier-ai/"
"Clarvo","https://www.eu-startups.com/directory/clarvo/"
"NicheRadar","https://www.eu-startups.com/directory/nicheradar/"
"Halide Energy","https://www.eu-startups.com/directory/halide-energy/"
"The Creative Corner","https://www.eu-startups.com/directory/the-creative-corner/"
"Nomain","https://www.eu-startups.com/directory/nomain/"
"Clinexus","https://www.eu-startups.com/directory/clinexus/"
"Vesko","https://www.eu-startups.com/directory/vesko/"
"CatwalkCraft AI","https://www.eu-startups.com/directory/catwalkcraft-ai/"
"a better monday","https://www.eu-startups.com/directory/a-better-monday/"
"Dundee ID","https://www.eu-startups.com/directory/dundee-id/"
"Bondsio","https://www.eu-startups.com/directory/bondsio/"
"Epic Scape","https://www.eu-startups.com/directory/epic-scape/"
"thinnan","https://www.eu-startups.com/directory/thinnan/"
"GreenFi","https://www.eu-startups.com/directory/greenfi/"
"Lejit","https://www.eu-startups.com/directory/lejit/"
"Preloved Coffee","https://www.eu-startups.com/directory/preloved-coffee/"
"Coubonga","https://www.eu-startups.com/directory/coubonga/"
"The Warming Surfaces Company Ltd","https://www.eu-startups.com/directory/the-warming-surfaces-company-ltd/"
"eWatt Smart Power Systems","https://www.eu-startups.com/directory/ewatt-smart-power-systems/"
"dentcense","https://www.eu-startups.com/directory/dentcense/"
"Bout","https://www.eu-startups.com/directory/bout/"
"Executive Functioning","https://www.eu-startups.com/directory/executive-functioning/"
"Produktly","https://www.eu-startups.com/directory/produktly/"
"Starstuff","https://www.eu-startups.com/directory/starstuff/"
"octofy","https://www.eu-startups.com/directory/octofy/"
"ikkio","https://www.eu-startups.com/directory/ikkio/"
"Ray Browser","https://www.eu-startups.com/directory/ray-browser/"
"Matrix Destiny Chart","https://www.eu-startups.com/directory/matrix-destiny-chart/"
"Medbiolab Europe","https://www.eu-startups.com/directory/medbiolab-europe/"
"OliOil.iO","https://www.eu-startups.com/directory/olioilio/"
"In Parallel","https://www.eu-startups.com/directory/in-parallel/"
"Finala Oy","https://www.eu-startups.com/directory/finala-oy/"
"IOVuo Oy","https://www.eu-startups.com/directory/iovuo-oy/"
"Sketch To Image","https://www.eu-startups.com/directory/sketch-to-image/"
"Latin Flavors","https://www.eu-startups.com/directory/latin-flavors/"
"Aksu","https://www.eu-startups.com/directory/aksu/"
"Wudpecker","https://www.eu-startups.com/directory/wudpecker/"
"Odown","https://www.eu-startups.com/directory/odown/"
"Hubrank","https://www.eu-startups.com/directory/hubrank/"
"Todopedia","https://www.eu-startups.com/directory/todopedia/"
"Sunny Kind Journey","https://www.eu-startups.com/directory/sunny-kind-journey/"
"Skyfora","https://www.eu-startups.com/directory/skyfora/"
"CeLLife","https://www.eu-startups.com/directory/cellife/"
"Löytö App","https://www.eu-startups.com/directory/loyto-app/"
"Arctic Farming","https://www.eu-startups.com/directory/arctic-farming/"
"1080 Coaching","https://www.eu-startups.com/directory/1080-coaching/"
"Winse Power","https://www.eu-startups.com/directory/winse-power/"
"Robosharing","https://www.eu-startups.com/directory/robosharing/"
"NinjaLABO","https://www.eu-startups.com/directory/ninjalabo/"
"Ioncell","https://www.eu-startups.com/directory/ioncell/"
"iLu Space","https://www.eu-startups.com/directory/ilu-space/"
"iconicchain","https://www.eu-startups.com/directory/iconicchain/"
"Exercio","https://www.eu-startups.com/directory/exercio/"
"Neuwo","https://www.eu-startups.com/directory/neuwo/"
"RELEX Solutions","https://www.eu-startups.com/directory/relex-solutions/"
"Linio Biotech","https://www.eu-startups.com/directory/linio-biotech/"
"SpinDrive","https://www.eu-startups.com/directory/spindrive/"
"Kausal","https://www.eu-startups.com/directory/kausal/"
"Klu","https://www.eu-startups.com/directory/klu/"
"Capalo AI","https://www.eu-startups.com/directory/capalo-ai/"
"Saidot","https://www.eu-startups.com/directory/saidot/"
"Sooma Medical","https://www.eu-startups.com/directory/sooma-medical/"
"Spectarium Games","https://www.eu-startups.com/directory/spectarium-games/"
"Mjuk","https://www.eu-startups.com/directory/mjuk/"
"NPHarvest","https://www.eu-startups.com/directory/npharvest/"
"Paptic","https://www.eu-startups.com/directory/paptic/"
"Helsinki","https://www.eu-startups.com/directory/helsinki/"
"Albimarketing","https://www.eu-startups.com/directory/albimarketing/"
"Aimiten","https://www.eu-startups.com/directory/aimiten/"
"Aila.Earth","https://www.eu-startups.com/directory/ailaearth/"
"StuDisco","https://www.eu-startups.com/directory/studisco/"
"KLiin","https://www.eu-startups.com/directory/kliin/"
"NKINDLE","https://www.eu-startups.com/directory/nkindle/"
"Kniteco","https://www.eu-startups.com/directory/kniteco/"
"Lincoln School","https://www.eu-startups.com/directory/lincoln-school/"
"Klu Technologies","https://www.eu-startups.com/directory/klu-technologies/"
"Foxie.ai","https://www.eu-startups.com/directory/foxieai/"
"ProApp","https://www.eu-startups.com/directory/proapp/"
"Workify","https://www.eu-startups.com/directory/workify/"
"Aveksana","https://www.eu-startups.com/directory/aveksana/"
"SELLAI","https://www.eu-startups.com/directory/sellai/"
"Camping Kiviniemi","https://www.eu-startups.com/directory/camping-kiviniemi/"
"ReFaMo","https://www.eu-startups.com/directory/refamo/"
"Bargn","https://www.eu-startups.com/directory/bargn/"
"Daze","https://www.eu-startups.com/directory/daze/"
"MediVerse Technologies OY","https://www.eu-startups.com/directory/mediverse-technologies-oy/"
"Groundhawk","https://www.eu-startups.com/directory/groundhawk/"
"Best Freelancer Script","https://www.eu-startups.com/directory/best-freelancer-script/"
"Feedback Rivers","https://www.eu-startups.com/directory/feedback-rivers/"
"SALATEQ Ltd.","https://www.eu-startups.com/directory/salateq-ltd/"
"Apukuski","https://www.eu-startups.com/directory/apukuski/"
"Data Taps","https://www.eu-startups.com/directory/data-taps/"
"GameLayer","https://www.eu-startups.com/directory/gamelayer/"
"Measurlabs","https://www.eu-startups.com/directory/measurlabs/"
"Draivi","https://www.eu-startups.com/directory/draivi/"
"DM words","https://www.eu-startups.com/directory/dm-words/"
"CloEE","https://www.eu-startups.com/directory/cloee/"
"Stayify Ltd","https://www.eu-startups.com/directory/stayify-ltd/"
"Kwizie","https://www.eu-startups.com/directory/kwizie/"
"scope.money","https://www.eu-startups.com/directory/scope-money/"
"SemiQon","https://www.eu-startups.com/directory/semiqon/"
"Clickfeed","https://www.eu-startups.com/directory/clickfeed/"
"Hiil Ltd.","https://www.eu-startups.com/directory/hiil-ltd/"
"Heartnet","https://www.eu-startups.com/directory/heartnet/"
"Carbonaide","https://www.eu-startups.com/directory/carbonaide/"
"apiable.io","https://www.eu-startups.com/directory/apiable-io/"
"Five Letter Foods","https://www.eu-startups.com/directory/five-letter-foods/"
"Enreport","https://www.eu-startups.com/directory/enreport/"
"Chargerdata","https://www.eu-startups.com/directory/chargerdata/"
"AddNow","https://www.eu-startups.com/directory/addnow/"
"HeiTech Ltd (Hei.io)","https://www.eu-startups.com/directory/heitech-ltd-hei-io/"
"18Wheels","https://www.eu-startups.com/directory/18wheels/"
"BoxBox","https://www.eu-startups.com/directory/boxbox/"
"Codefox","https://www.eu-startups.com/directory/codefox/"
"InspectWise","https://www.eu-startups.com/directory/inspectwise-ltd/"
"Inven","https://www.eu-startups.com/directory/inven/"
"Dipsy","https://www.eu-startups.com/directory/dipsy/"
"Onego Bio","https://www.eu-startups.com/directory/onego-bio/"
"Oinride Oy","https://www.eu-startups.com/directory/oinride-oy/"
"Reveel","https://www.eu-startups.com/directory/reveel/"
"reconfigured","https://www.eu-startups.com/directory/reconfigured/"
"Sitobit","https://www.eu-startups.com/directory/sitobit/"
"NADMED","https://www.eu-startups.com/directory/nadmed/"
"Munchi","https://www.eu-startups.com/directory/munchi/"
"Sustainable Space Economy","https://www.eu-startups.com/directory/sustainable-space-economy/"
"Synergi","https://www.eu-startups.com/directory/synergi/"
"Tribo Games","https://www.eu-startups.com/directory/tribo-games/"
"Makea Games","https://www.eu-startups.com/directory/makea-games/"
"Leapto","https://www.eu-startups.com/directory/leapto/"
"Sauti Kitabu","https://www.eu-startups.com/directory/sauti-kitabu/"
"ShadowKitchen","https://www.eu-startups.com/directory/shadowkitchen/"
"Wonsta","https://www.eu-startups.com/directory/wonsta/"
"Kiisec","https://www.eu-startups.com/directory/kiisec/"
"AIVisionEye","https://www.eu-startups.com/directory/aivisioneye/"
"GoStartup Osakeyhtiö","https://www.eu-startups.com/directory/gostartup-osakeyhtio/"
"Neovolt","https://www.eu-startups.com/directory/neovolt/"
"kivi","https://www.eu-startups.com/directory/kivi/"
"Narvi Payments oy AB","https://www.eu-startups.com/directory/narvi-payments-oy-ab/"
"Tira","https://www.eu-startups.com/directory/tira-2/"
"Fudge Token","https://www.eu-startups.com/directory/fudge-token/"
"Narvi Pay","https://www.eu-startups.com/directory/narvi-pay/"
"Maildock.io","https://www.eu-startups.com/directory/maildock-io/"
"Hillava","https://www.eu-startups.com/directory/hillava/"
"Hireproof","https://www.eu-startups.com/directory/hireproof/"
"Nordic Nomads","https://www.eu-startups.com/directory/nordic-nomads/"
"Formup","https://www.eu-startups.com/directory/formup/"
"Pixieray","https://www.eu-startups.com/directory/pixieray/"
"Quantrol Ox","https://www.eu-startups.com/directory/quantrol-ox/"
"Raahe Guide","https://www.eu-startups.com/directory/raahe-guide/"
"DaySave","https://www.eu-startups.com/directory/daysave/"
"Social First","https://www.eu-startups.com/directory/social-first/"
"Cortex","https://www.eu-startups.com/directory/cortex/"
"Comparables.ai","https://www.eu-startups.com/directory/comparables-ai/"
"StemSight","https://www.eu-startups.com/directory/stemsight/"
"The Adjacent Possible","https://www.eu-startups.com/directory/the-adjacent-possible/"
"Brightlife","https://www.eu-startups.com/directory/brightlife/"
"Tira","https://www.eu-startups.com/directory/tira/"
"WasteTrade Finland","https://www.eu-startups.com/directory/wastetrade-finland/"
"AppSec Santa","https://www.eu-startups.com/directory/appsec-santa/"
"Ample","https://www.eu-startups.com/directory/ample-2/"
"Ambine","https://www.eu-startups.com/directory/ambine/"
"Binkiapp","https://www.eu-startups.com/directory/binkiapp/"
"Membrane Finance","https://www.eu-startups.com/directory/membrane-finance/"
"Cactos","https://www.eu-startups.com/directory/cactos/"
"GBLUESEA","https://www.eu-startups.com/directory/gbluesea/"
"Coiniverse","https://www.eu-startups.com/directory/coiniverse/"
"FinanceKey","https://www.eu-startups.com/directory/financekey/"
"Ninyes","https://www.eu-startups.com/directory/ninyes-inc/"
"Quanscient","https://www.eu-startups.com/directory/quanscient-2/"
"Upsy Company","https://www.eu-startups.com/directory/upsy-company/"
"Komu Homes","https://www.eu-startups.com/directory/komu-homes/"
"Hiven Energy","https://www.eu-startups.com/directory/hiven-energy/"
"Glostars","https://www.eu-startups.com/directory/glostars/"
"FlowGait","https://www.eu-startups.com/directory/flowgait/"
"Finnrunner","https://www.eu-startups.com/directory/finnrunner/"
"Dynava","https://www.eu-startups.com/directory/dynava/"
"Huuva","https://www.eu-startups.com/directory/huuva/"
"InvestPost.com","https://www.eu-startups.com/directory/investpost-com/"
"Lingoes.ai","https://www.eu-startups.com/directory/lingoes-ai/"
"Nordic Umami Company","https://www.eu-startups.com/directory/nordic-umami-company/"
"North Advisors","https://www.eu-startups.com/directory/north-advisors/"
"Quanscient","https://www.eu-startups.com/directory/quanscient/"
"Deep Sensing Algorithms","https://www.eu-startups.com/directory/deep-sensing-algorithms/"
"Port 6","https://www.eu-startups.com/directory/port-6/"
"TIME2WALL","https://www.eu-startups.com/directory/time2wall/"
"Boom Corp","https://www.eu-startups.com/directory/boom-corp/"
"Etene","https://www.eu-startups.com/directory/etene/"
"Flowrite","https://www.eu-startups.com/directory/flowrite/"
"Stealth Black","https://www.eu-startups.com/directory/stealth-black/"
"Firstbeat Analytics","https://www.eu-startups.com/directory/firstbeat-analytics/"
"REDi Ai","https://www.eu-startups.com/directory/redi-ai/"
"IQM Quantum Computers","https://www.eu-startups.com/directory/iqm-quantum-computers/"
"myPlane","https://www.eu-startups.com/directory/myplane/"
"Evergreen","https://www.eu-startups.com/directory/evergreen/"
"Binare","https://www.eu-startups.com/directory/binare/"
"Mattermore","https://www.eu-startups.com/directory/mattermore/"
"FlyMaas","https://www.eu-startups.com/directory/flymaas/"
"Redkik","https://www.eu-startups.com/directory/redkik/"
"Veri","https://www.eu-startups.com/directory/veri/"
"eBrands","https://www.eu-startups.com/directory/ebrands/"
"Lygg","https://www.eu-startups.com/directory/lygg/"
"Goto-Sportwear","https://www.eu-startups.com/directory/goto-sportwear/"
"GoByBike","https://www.eu-startups.com/directory/gobybike/"
"Order of Meta","https://www.eu-startups.com/directory/order-of-meta/"
"Exolyt","https://www.eu-startups.com/directory/exolyt/"
"Polssir","https://www.eu-startups.com/directory/polssir/"
"EasyWhistle","https://www.eu-startups.com/directory/easywhistle/"
"ReFaMo","https://www.eu-startups.com/directory/refamo/"
"DBR77 Robotics","https://www.eu-startups.com/directory/dbr77-robotics-sp-z-o-o/"
"Spark Creators","https://www.eu-startups.com/directory/spark-creators/"
"Commu App","https://www.eu-startups.com/directory/commu-app/"
"Coinlager","https://www.eu-startups.com/directory/coinlager/"
"Color The Minds","https://www.eu-startups.com/directory/color-the-minds-oy/"
"Brightly Works","https://www.eu-startups.com/directory/brightly-works/"
"WatchMyDC Analytics OY","https://www.eu-startups.com/directory/watchmydc-analytics-oy/"
"YSUB","https://www.eu-startups.com/directory/ysub/"
"Zeal Sourcing","https://www.eu-startups.com/directory/zeal-sourcing/"
"VALO Hotel & Work","https://www.eu-startups.com/directory/valo-hotel-work/"
"Renda Oy","https://www.eu-startups.com/directory/renda-oy/"
"GoGoCar.io","https://www.eu-startups.com/directory/gogocar-io/"
"Njebach Consulting","https://www.eu-startups.com/directory/njebach-consulting/"
"Aapiable.io","https://www.eu-startups.com/directory/aapiable-io/"
"Hystar","https://www.eu-startups.com/directory/hystar/"
"EAS Project oy","https://www.eu-startups.com/directory/eas-project-oy-2/"
"StichMe","https://www.eu-startups.com/directory/stichme/"
"Kapacity.io","https://www.eu-startups.com/directory/kapacity-io-2/"
"Adamant Health Oy","https://www.eu-startups.com/directory/adamant-health-oy/"
"Algorithmiq","https://www.eu-startups.com/directory/algorithmiq/"
"Anarky Labs","https://www.eu-startups.com/directory/anarky-labs/"
"MedicubeX","https://www.eu-startups.com/directory/medicubex-ltd/"
"Savage Game Studios","https://www.eu-startups.com/directory/savage-game-studios/"
"Safety4Traffic","https://www.eu-startups.com/directory/safety4traffic-oy/"
"Signals","https://www.eu-startups.com/directory/signals/"
"Droppe","https://www.eu-startups.com/directory/droppe/"
"Yahaha","https://www.eu-startups.com/directory/yahaha/"
"Virra","https://www.eu-startups.com/directory/virra/"
"VERSPEAK","https://www.eu-startups.com/directory/verspeak/"
"Taimi.love","https://www.eu-startups.com/directory/taimi-love/"
"Talentrator","https://www.eu-startups.com/directory/talentrator/"
"Snappmeal","https://www.eu-startups.com/directory/snappmeal/"
"Smappy","https://www.eu-startups.com/directory/smappy/"
"Rokote Laboratories","https://www.eu-startups.com/directory/rokote-laboratories/"
"ResultElf","https://www.eu-startups.com/directory/resultelf/"
"P2X Solutions","https://www.eu-startups.com/directory/p2x-solutions/"
"Oivan","https://www.eu-startups.com/directory/oivan/"
"Noice","https://www.eu-startups.com/directory/noice/"
"Mobal","https://www.eu-startups.com/directory/mobal/"
"Maculaser","https://www.eu-startups.com/directory/maculaser/"
"Kapacity.io","https://www.eu-startups.com/directory/kapacity-io/"
"Habito Health","https://www.eu-startups.com/directory/habito-health/"
"Return Entertainment","https://www.eu-startups.com/directory/return-entertainment/"
"InfoToggle","https://www.eu-startups.com/directory/infotoggle/"
"Mainframe Industries","https://www.eu-startups.com/directory/mainframe-industries/"
"CONTAI","https://www.eu-startups.com/directory/contai/"
"AlvarPet","https://www.eu-startups.com/directory/alvarpet/"
"Avial Bikes","https://www.eu-startups.com/directory/avial-bikes/"
"Linear","https://www.eu-startups.com/directory/linear/"
"Calqulate","https://www.eu-startups.com/directory/calqulate/"
"Silcube Software Oy","https://www.eu-startups.com/directory/silcube-software-oy/"
"Predicell","https://www.eu-startups.com/directory/predicell/"
"Workfellow.ai","https://www.eu-startups.com/directory/workfellow-ai/"
"Talbit","https://www.eu-startups.com/directory/talbit/"
"eMabler","https://www.eu-startups.com/directory/emabler/"
"Kymsote","https://www.eu-startups.com/directory/kymsote/"
"Kekkila-BVB","https://www.eu-startups.com/directory/kekkila-bvb/"
"Leisco","https://www.eu-startups.com/directory/leisco/"
"Lightheart Entertainment","https://www.eu-startups.com/directory/lightheart-entertainment/"
"Magmatao","https://www.eu-startups.com/directory/magmatao/"
"Metroc","https://www.eu-startups.com/directory/metroc/"
"Hukka AI","https://www.eu-startups.com/directory/hukka-ai/"
"Golden Malt","https://www.eu-startups.com/directory/golden-malt/"
"neuvo.ai","https://www.eu-startups.com/directory/neuvo-ai/"
"Geeklab","https://www.eu-startups.com/directory/geeklab/"
"Oddsvikings","https://www.eu-startups.com/directory/oddsvikings/"
"Open Badge Factory","https://www.eu-startups.com/directory/open-badge-factory/"
"Fiber-X","https://www.eu-startups.com/directory/fiber-x/"
"Pikadev","https://www.eu-startups.com/directory/pikadev/"
"Pitkospuu Productions","https://www.eu-startups.com/directory/pitkospuu-productions/"
"Evoir","https://www.eu-startups.com/directory/evoir/"
"eniferBio","https://www.eu-startups.com/directory/eniferbio/"
"Enable Banking","https://www.eu-startups.com/directory/enable-banking/"
"Ellie Technologies","https://www.eu-startups.com/directory/ellie-technologies/"
"Quantastica","https://www.eu-startups.com/directory/quantastica/"
"Renexe","https://www.eu-startups.com/directory/renexe/"
"ReOrbit","https://www.eu-startups.com/directory/reorbit/"
"Riverrecycle","https://www.eu-startups.com/directory/riverrecycle/"
"Digital Nature","https://www.eu-startups.com/directory/digital-nature/"
"Sees North","https://www.eu-startups.com/directory/sees-north/"
"Serge Energy","https://www.eu-startups.com/directory/serge-energy/"
"Siqni","https://www.eu-startups.com/directory/siqni/"
"CrediNord","https://www.eu-startups.com/directory/credinord/"
"Chipmetrics","https://www.eu-startups.com/directory/chipmetrics/"
"TeamSuccess","https://www.eu-startups.com/directory/teamsuccess/"
"The Human Touch Robotics","https://www.eu-startups.com/directory/the-human-touch-robotics/"
"Bonus Stage","https://www.eu-startups.com/directory/bonus-stage/"
"Axinoss","https://www.eu-startups.com/directory/axinoss/"
"Uute Scientific","https://www.eu-startups.com/directory/uute-scientific/"
"Vibemetrics","https://www.eu-startups.com/directory/vibemetrics/"
"Virtnumber","https://www.eu-startups.com/directory/virtnumber/"
"Wastebook","https://www.eu-startups.com/directory/wastebook/"
"Algonomi","https://www.eu-startups.com/directory/algonomi/"
"Acoustic Extra Freezing","https://www.eu-startups.com/directory/acoustic-extra-freezing/"
"Adaptio.io","https://www.eu-startups.com/directory/adaptio-io/"
"HiSlide.io","https://www.eu-startups.com/directory/hislide-io/"
"AISTI","https://www.eu-startups.com/directory/aisti/"
"WonderBee","https://www.eu-startups.com/directory/wonderbee/"
"Shareway","https://www.eu-startups.com/directory/shareway/"
"Aico","https://www.eu-startups.com/directory/aico/"
"DroppX","https://www.eu-startups.com/directory/droppx/"
"Attractive.ai","https://www.eu-startups.com/directory/attractive-ai/"
"Front AI","https://www.eu-startups.com/directory/front-ai-2/"
"Fiberwood","https://www.eu-startups.com/directory/fiberwood/"
"Language Clubhouse","https://www.eu-startups.com/directory/language-clubhouse/"
"NordicNinja VC","https://www.eu-startups.com/directory/nordicninja-vc/"
"Marple","https://www.eu-startups.com/directory/marple/"
"Promomatic","https://www.eu-startups.com/directory/promomatic/"
"Sähkösoppari","https://www.eu-startups.com/directory/sahkosoppari/"
"Sustain Online","https://www.eu-startups.com/directory/sustain-online/"
"Superflash","https://www.eu-startups.com/directory/superflash/"
"Sonant","https://www.eu-startups.com/directory/sonant/"
"Oyama","https://www.eu-startups.com/directory/oyama/"
"bloft design lab","https://www.eu-startups.com/directory/bloft-design-lab/"
"Cooler Future","https://www.eu-startups.com/directory/cooler-future/"
"KARAAT Jewelry Oy","https://www.eu-startups.com/directory/karaat-jewelry-oy/"
"uppsala university/finlandiabiosciences","https://www.eu-startups.com/directory/uppsala-university-finlandiabiosciences/"
"Aallto","https://www.eu-startups.com/directory/aallto/"
"Baia","https://www.eu-startups.com/directory/baia/"
"ReceiptHero","https://www.eu-startups.com/directory/receipthero/"
"SaaShop.fi","https://www.eu-startups.com/directory/saashop-fi/"
"Magic Automation Oy","https://www.eu-startups.com/directory/magic-automation-oy/"
"Surrogate.tv","https://www.eu-startups.com/directory/surrogate-tv/"
"IQM Finland","https://www.eu-startups.com/directory/iqm-finland/"
"SeeTrue Technologies","https://www.eu-startups.com/directory/seetrue-technologies/"
"aito.ai","https://www.eu-startups.com/directory/aito-ai/"
"GlucoModicum","https://www.eu-startups.com/directory/glucomodicum/"
"Reworks","https://www.eu-startups.com/directory/reworks/"
"Boksi","https://www.eu-startups.com/directory/boksi/"
"Spacent","https://www.eu-startups.com/directory/spacent/"
"IPRally","https://www.eu-startups.com/directory/iprally/"
"Neuroflux Oy","https://www.eu-startups.com/directory/neuroflux-oy/"
"Resistomap","https://www.eu-startups.com/directory/resistomap/"
"Redhill Games","https://www.eu-startups.com/directory/redhill-games/"
"Bob W","https://www.eu-startups.com/directory/bob-w/"
"Clewat Oy","https://www.eu-startups.com/directory/clewat-oy/"
"Addcomposites","https://www.eu-startups.com/directory/addcomposites-oy/"
"Yield Systems","https://www.eu-startups.com/directory/yield-systems/"
"Tesseract Group","https://www.eu-startups.com/directory/tesseract-group/"
"Lola&Lykke","https://www.eu-startups.com/directory/lolalykke/"
"Causalus","https://www.eu-startups.com/directory/causalus/"
"Block solutions","https://www.eu-startups.com/directory/block-solutions/"
"Rentle","https://www.eu-startups.com/directory/rentle/"
"OneTool.app","https://www.eu-startups.com/directory/onetool-app/"
"Tracy AI","https://www.eu-startups.com/directory/tracy-ai/"
"moonGO Ventures","https://www.eu-startups.com/directory/moongo-ventures/"
"Katana Technologies","https://www.eu-startups.com/directory/katana-technologies/"
"NOMI","https://www.eu-startups.com/directory/nomi/"
"AXN Data","https://www.eu-startups.com/directory/axn-data-oy/"
"Aatos.app","https://www.eu-startups.com/directory/aatos-app/"
"Sortter","https://www.eu-startups.com/directory/sortter/"
"SPEAKLY","https://www.eu-startups.com/directory/speakly/"
"ZealBots","https://www.eu-startups.com/directory/zealbots/"
"Finnadvance","https://www.eu-startups.com/directory/finnadvance/"
"Malls of Globe","https://www.eu-startups.com/directory/malls-of-globe/"
"Terramonitor","https://www.eu-startups.com/directory/terramonitor/"
"Kamupak","https://www.eu-startups.com/directory/kamupak/"
"KotiKyla.com","https://www.eu-startups.com/directory/kotikyla-com-2/"
"Aurora Propulsion Technologies","https://www.eu-startups.com/directory/aurora-propulsion-technologies/"
"Awake.ai","https://www.eu-startups.com/directory/awake-ai/"
"BE WTR","https://www.eu-startups.com/directory/be-wtr/"
"Revonte","https://www.eu-startups.com/directory/revonte/"
"Resimator Oy","https://www.eu-startups.com/directory/resimator-oy/"
"New Nordic School","https://www.eu-startups.com/directory/new-nordic-school/"
"Geyser Batteries","https://www.eu-startups.com/directory/geyser-batteries/"
"Gubbe","https://www.eu-startups.com/directory/gubbe/"
"Helppy","https://www.eu-startups.com/directory/helppy/"
"ilona.works","https://www.eu-startups.com/directory/ilona-works/"
"Glue Collaboration","https://www.eu-startups.com/directory/glue-collaboration/"
"Palofy Analytics","https://www.eu-startups.com/directory/palofy-analytics/"
"Speechly","https://www.eu-startups.com/directory/speechly/"
"Rundit","https://www.eu-startups.com/directory/rundit/"
"Polar Squad","https://www.eu-startups.com/directory/polar-squad/"
"Zyfra","https://www.eu-startups.com/directory/zyfra/"
"4d ultra","https://www.eu-startups.com/directory/4d-ultra/"
"Inventshift","https://www.eu-startups.com/directory/inventshift/"
"Blok","https://www.eu-startups.com/directory/blok/"
"Kide Science","https://www.eu-startups.com/directory/kide-science/"
"Entis","https://www.eu-startups.com/directory/entis/"
"Ruoka Boksi","https://www.eu-startups.com/directory/ruoka-boksi/"
"Freesi","https://www.eu-startups.com/directory/freesi/"
"Carrot Revolution","https://www.eu-startups.com/directory/carrot-revolution/"
"Voima Gold","https://www.eu-startups.com/directory/voima-gold/"
"Happeo","https://www.eu-startups.com/directory/happeo-2/"
"MVision AI","https://www.eu-startups.com/directory/mvision-ai/"
"The Upright Project","https://www.eu-startups.com/directory/the-upright-project/"
"Codescoop","https://www.eu-startups.com/directory/codescoop/"
"Meeshkan","https://www.eu-startups.com/directory/meeshkan/"
"Wowanders","https://www.eu-startups.com/directory/wowanders/"
"GraphoGame","https://www.eu-startups.com/directory/graphogame-3/"
"amplaffy","https://www.eu-startups.com/directory/amplaffy/"
"Elias Robot","https://www.eu-startups.com/directory/elias-robot/"
"Silo.AI","https://www.eu-startups.com/directory/silo-ai/"
"BitLaunch.io","https://www.eu-startups.com/directory/bitlaunch-io/"
"Sensible 4","https://www.eu-startups.com/directory/sensible-4-2/"
"Rens","https://www.eu-startups.com/directory/rens/"
"BCaster","https://www.eu-startups.com/directory/bcaster/"
"Sellforte","https://www.eu-startups.com/directory/sellforte/"
"Neverthink","https://www.eu-startups.com/directory/neverthink/"
"Trustmary","https://www.eu-startups.com/directory/trustmary/"
"WireInc","https://www.eu-startups.com/directory/wireinc/"
"Cardiolyse","https://www.eu-startups.com/directory/cardiolyse/"
"The Mealplanner","https://www.eu-startups.com/directory/the-mealplanner/"
"FundYou","https://www.eu-startups.com/directory/fundyou/"
"Enfuce","https://www.eu-startups.com/directory/enfuce/"
"Innomost","https://www.eu-startups.com/directory/innomost/"
"Swappie","https://www.eu-startups.com/directory/swappie/"
"Inscripta","https://www.eu-startups.com/directory/inscripta/"
"Smartvisio Group","https://www.eu-startups.com/directory/smartvisio-group-ltd/"
"ITfox Oy","https://www.eu-startups.com/directory/itfox-oy/"
"TreebuddyEarth","https://www.eu-startups.com/directory/treebuddyearth/"
"Psyon Games","https://www.eu-startups.com/directory/psyon-games/"
"OTSO Metsapalvelut","https://www.eu-startups.com/directory/otso-metsapalvelut/"
"Infinited Fiber Company","https://www.eu-startups.com/directory/infinited-fiber-company/"
"Aiven","https://www.eu-startups.com/directory/aiven/"
"Intelligence Retail","https://www.eu-startups.com/directory/intelligence-retail/"
"Selma Finance","https://www.eu-startups.com/directory/selma-finance/"
"Sulapac","https://www.eu-startups.com/directory/sulapac-2/"
"Imaqen","https://www.eu-startups.com/directory/imaqen/"
"Lumoa","https://www.eu-startups.com/directory/lumoa/"
"Valohai","https://www.eu-startups.com/directory/valohai/"
"EatAndTheCity","https://www.eu-startups.com/directory/eatandthecity/"
"Etsimo Healthcare","https://www.eu-startups.com/directory/etsimo-healthcare/"
"Hoxhunt","https://www.eu-startups.com/directory/hoxhunt/"
"Grib","https://www.eu-startups.com/directory/grib/"
"Sulapac","https://www.eu-startups.com/directory/sulapac/"
"Varjo","https://www.eu-startups.com/directory/varjo/"
"CollectiveCrunch","https://www.eu-startups.com/directory/collectivecrunch/"
"Accelingo","https://www.eu-startups.com/directory/accelingo/"
"Supermind","https://www.eu-startups.com/directory/supermind-ltd/"
"Doerz","https://www.eu-startups.com/directory/doerz/"
"Sharemyrisk.com","https://www.eu-startups.com/directory/sharemyrisk-com/"
"GetJenny","https://www.eu-startups.com/directory/getjenny-2/"
"CHAOS","https://www.eu-startups.com/directory/chaos/"
"Treon","https://www.eu-startups.com/directory/treon/"
"Infinited Fiber","https://www.eu-startups.com/directory/infinited-fiber/"
"Maria 01","https://www.eu-startups.com/directory/maria-01/"
"B2B Pay","https://www.eu-startups.com/directory/b2b-pay/"
"SmartFinance","https://www.eu-startups.com/directory/smartfinance/"
"Loupedeck","https://www.eu-startups.com/directory/loupedeck/"
"Pandatron","https://www.eu-startups.com/directory/pandatron/"
"Claned Group","https://www.eu-startups.com/directory/claned-group/"
"Bolt.Works","https://www.eu-startups.com/directory/bolt-works/"
"Minima Processor","https://www.eu-startups.com/directory/minima-processor/"
"Fiksuruoka.fi","https://www.eu-startups.com/directory/fiksuruoka-fi/"
"HMD","https://www.eu-startups.com/directory/hmd/"
"Lyfta","https://www.eu-startups.com/directory/lyfta/"
"Buddy Healthcare","https://www.eu-startups.com/directory/buddy-healthcare/"
"Bankify","https://www.eu-startups.com/directory/bankify/"
"Altum Technologies","https://www.eu-startups.com/directory/altum-technologies/"
"Simundia","https://www.eu-startups.com/directory/simundia/"
"Soletair Power","https://www.eu-startups.com/directory/soletair-power/"
"Valo Therapeutics","https://www.eu-startups.com/directory/valo-therapeutics/"
"Pockethunt","https://www.eu-startups.com/directory/pockethunt/"
"Fixably","https://www.eu-startups.com/directory/fixably/"
"ICEYE","https://www.eu-startups.com/directory/iceye/"
"Oupet","https://www.eu-startups.com/directory/oupet/"
"Rekki","https://www.eu-startups.com/directory/rekki/"
"Basemark","https://www.eu-startups.com/directory/basemark/"
"Playvation Ltd","https://www.eu-startups.com/directory/playvation-ltd/"
"Jobilla","https://www.eu-startups.com/directory/jobilla/"
"HEI Schools","https://www.eu-startups.com/directory/hei-schools/"
"FinlandWay® Schools","https://www.eu-startups.com/directory/finlandway-schools/"
"Grundium","https://www.eu-startups.com/directory/grundium/"
"Lightneer","https://www.eu-startups.com/directory/lightneer/"
"Yetitablet","https://www.eu-startups.com/directory/yetitablet/"
"FamilyWithKids.com","https://www.eu-startups.com/directory/familywithkids-com/"
"Music Video Hype","https://www.eu-startups.com/directory/music-video-hype/"
"Meru Health","https://www.eu-startups.com/directory/meru-health/"
"Neuro Event Labs","https://www.eu-startups.com/directory/neuro-event-labs/"
"MaaS Global","https://www.eu-startups.com/directory/maas-global/"
"Hostaway","https://www.eu-startups.com/directory/hostaway/"
"Vertical","https://www.eu-startups.com/directory/vertical/"
"Freska","https://www.eu-startups.com/directory/freska/"
"Goodio","https://www.eu-startups.com/directory/goodio/"
"Koukoi Games","https://www.eu-startups.com/directory/koukoi-games/"
"Valossa","https://www.eu-startups.com/directory/valossa/"
"Kopla Games","https://www.eu-startups.com/directory/kopla-games/"
"Reactored","https://www.eu-startups.com/directory/reactored/"
"QuietOn","https://www.eu-startups.com/directory/quieton/"
"Get Mezzanine Financing","https://www.eu-startups.com/directory/get-mezzanine-financing/"
"Unikie","https://www.eu-startups.com/directory/unikie/"
"N.Rich Inc.","https://www.eu-startups.com/directory/n-rich-inc/"
"Zadaa","https://www.eu-startups.com/directory/zadaa/"
"VisiLean","https://www.eu-startups.com/directory/visilean/"
"Tespack","https://www.eu-startups.com/directory/tespack/"
"Futureplay Games","https://www.eu-startups.com/directory/futureplay-games/"
"BioMensio","https://www.eu-startups.com/directory/biomensio/"
"Zapflow","https://www.eu-startups.com/directory/zapflow/"
"Forciot","https://www.eu-startups.com/directory/forciot/"
"Hubchat","https://www.eu-startups.com/directory/hubchat/"
"Nukute","https://www.eu-startups.com/directory/nukute/"
"Skand","https://www.eu-startups.com/directory/skand/"
"Skenario Labs","https://www.eu-startups.com/directory/skenario-labs/"
"Superplus Games","https://www.eu-startups.com/directory/superplus-games/"
"Nanoform","https://www.eu-startups.com/directory/nanoform/"
"Choicely","https://www.eu-startups.com/directory/choicely/"
"Videoly.co","https://www.eu-startups.com/directory/videoly-co/"
"Aeromon","https://www.eu-startups.com/directory/aeromon/"
"SalesCalls App","https://www.eu-startups.com/directory/salescalls-app/"
"Exhibia","https://www.eu-startups.com/directory/exhibia/"
"MeetingPackage","https://www.eu-startups.com/directory/meetingpackage/"
"Futrly","https://www.eu-startups.com/directory/futrly/"
"Abimate.ee","https://www.eu-startups.com/directory/abimate-ee/"
"AppFollow","https://www.eu-startups.com/directory/appfollow/"
"Liid","https://www.eu-startups.com/directory/liid/"
"Matchmade","https://www.eu-startups.com/directory/matchmade/"
"Kieku","https://www.eu-startups.com/directory/kieku/"
"Teraloop","https://www.eu-startups.com/directory/teraloop/"
"Funzi","https://www.eu-startups.com/directory/funzi/"
"Flashnode","https://www.eu-startups.com/directory/flashnode/"
"Wolt","https://www.eu-startups.com/directory/wolt/"
"Printmotor","https://www.eu-startups.com/directory/printmotor/"
"Aibidia","https://www.eu-startups.com/directory/aibidia/"
"Jamifind","https://www.eu-startups.com/directory/jamifind/"
"BOARDIO","https://www.eu-startups.com/directory/boardio/"
"Combinostics","https://www.eu-startups.com/directory/combinostics/"
"kuuhubb","https://www.eu-startups.com/directory/kuuhubb/"
"Linkker","https://www.eu-startups.com/directory/linkker/"
"Ministry of Games","https://www.eu-startups.com/directory/ministry-of-games/"
"Big Data Scoring","https://www.eu-startups.com/directory/big-data-scoring/"
"TalentAdore","https://www.eu-startups.com/directory/talentadore/"
"Ukkoverkot","https://www.eu-startups.com/directory/ukkoverkot/"
"PromoRepublic","https://www.eu-startups.com/directory/promorepublic/"
"HappySignals","https://www.eu-startups.com/directory/happysignals/"
"Quple","https://www.eu-startups.com/directory/quple/"
"Utopia Analytics","https://www.eu-startups.com/directory/utopia-analytics/"
"Hintsa","https://www.eu-startups.com/directory/hintsa/"
"Futurefly","https://www.eu-startups.com/directory/futurefly/"
"Keliber","https://www.eu-startups.com/directory/keliber/"
"Dazzle Rocks","https://www.eu-startups.com/directory/dazzle-rocks/"
"Parking Energy","https://www.eu-startups.com/directory/parking-energy/"
"ProFarm","https://www.eu-startups.com/directory/profarm/"
"Betolar","https://www.eu-startups.com/directory/betolar/"
"Supermetrics","https://www.eu-startups.com/directory/supermetrics-2/"
"Radai","https://www.eu-startups.com/directory/radai-oy/"
"Taimer","https://www.eu-startups.com/directory/taimer-ltd/"
"Small Giant Games","https://www.eu-startups.com/directory/small-giant-games/"
"Singa","https://www.eu-startups.com/directory/singa/"
"Screenful","https://www.eu-startups.com/directory/screenful/"
"OURA HEALTH","https://www.eu-startups.com/directory/oura-health/"
"Valpas","https://www.eu-startups.com/directory/valpas/"
"Nightingale Health","https://www.eu-startups.com/directory/nightingale-health/"
"Vainu","https://www.eu-startups.com/directory/vainu/"
"CosmEthics","https://www.eu-startups.com/directory/cosmethics/"
"Cozify Oy","https://www.eu-startups.com/directory/cozify-oy/"
"Soil Scout","https://www.eu-startups.com/directory/soil-scout/"
"Claned","https://www.eu-startups.com/directory/claned/"
"Zero Keyboard","https://www.eu-startups.com/directory/zero-keyboard/"
"Next Games","https://www.eu-startups.com/directory/next-games/"
"Verto Analytics","https://www.eu-startups.com/directory/verto-analytics/"
"Dispelix","https://www.eu-startups.com/directory/dispelix/"
"YDIN","https://www.eu-startups.com/directory/ydin/"
"Valotalive","https://www.eu-startups.com/directory/valotalive/"
"crowdtod","https://www.eu-startups.com/directory/crowdtod/"
"Tracegrow","https://www.eu-startups.com/directory/tracegrow/"
"Quuppa","https://www.eu-startups.com/directory/quuppa/"
"TrackDuck","https://www.eu-startups.com/directory/trackduck/"
"Blueprint Genetics","https://www.eu-startups.com/directory/blueprint-genetics/"
"Prasos","https://www.eu-startups.com/directory/prasos/"
"Norsepower","https://www.eu-startups.com/directory/norsepower-oy/"
"Critical Force","https://www.eu-startups.com/directory/critical-force/"
"LokalHouseFinland","https://www.eu-startups.com/directory/lokalhousefinland/"
"Leadfeeder","https://www.eu-startups.com/directory/leadfeeder/"
"Invesdor","https://www.eu-startups.com/directory/invesdor/"
"Feedbackly","https://www.eu-startups.com/directory/feedbackly/"
"Kaiku Health","https://www.eu-startups.com/directory/kaiku-health/"
"OGOship","https://www.eu-startups.com/directory/ogoship/"
"Siru Mobile","https://www.eu-startups.com/directory/siru-mobile/"
"Kanguro Communications","https://www.eu-startups.com/directory/kanguro-communications/"
"TactoTek","https://www.eu-startups.com/directory/tactotek/"
"Woodly","https://www.eu-startups.com/directory/woodly/"
"Ziliot","https://www.eu-startups.com/directory/ziliot/"
"KNL Networks","https://www.eu-startups.com/directory/knl-networks/"
"Bonusway","https://www.eu-startups.com/directory/bonusway/"
"UpCloud","https://www.eu-startups.com/directory/upcloud/"
"Jolla","https://www.eu-startups.com/directory/jolla/"
"Sharetribe","https://www.eu-startups.com/directory/sharetribe/"
"Founder2be","https://www.eu-startups.com/directory/founder2be/"
"MultiTaction","https://www.eu-startups.com/directory/multitaction/"
"Supermetrics","https://www.eu-startups.com/directory/supermetrics/"
"Zervant","https://www.eu-startups.com/directory/zervant/"
"Enevo","https://www.eu-startups.com/directory/enevo/"
"Wirepas","https://www.eu-startups.com/directory/wirepas/"
"Oppex","https://www.eu-startups.com/directory/oppex/"
"HappyOrNot","https://www.eu-startups.com/directory/happyornot/"
"ArcticStartup","https://www.eu-startups.com/directory/arcticstartup/"
"Ncrypted Technologies oy","https://www.eu-startups.com/directory/ncrypted-technologies-oy/"
"Sanako","https://www.eu-startups.com/directory/sanako/"