name,link
"Tracker – Manager for Bluesky","https://www.eu-startups.com/directory/tracker-manager-for-bluesky/"
"MaterDome","https://www.eu-startups.com/directory/materdome/"
"New Era Hotels","https://www.eu-startups.com/directory/new-era-hotels/"
"Cabins Sleeping","https://www.eu-startups.com/directory/cabins-sleeping/"
"Levart App","https://www.eu-startups.com/directory/levart-app/"
"Uplodio","https://www.eu-startups.com/directory/uplodio/"
"AfterSalesPro","https://www.eu-startups.com/directory/aftersalespro/"
"Tenkai Tech","https://www.eu-startups.com/directory/tenkai-tech/"
"AviSense.ai","https://www.eu-startups.com/directory/avisense-ai/"
"AlongRoute Data","https://www.eu-startups.com/directory/alongroute-data/"
"Boat4all.gr","https://www.eu-startups.com/directory/boat4allgr/"
"Olivea","https://www.eu-startups.com/directory/olivea/"
"Startup Founders Club","https://www.eu-startups.com/directory/startup-founders-club/"
"Unireview","https://www.eu-startups.com/directory/unireview/"
"Vendora","https://www.eu-startups.com/directory/vendora/"
"Meetie","https://www.eu-startups.com/directory/meetie/"
"Magicdoor.ai","https://www.eu-startups.com/directory/magicdoorai/"
"makdrone","https://www.eu-startups.com/directory/makdrone/"
"Verus+ Information Systems","https://www.eu-startups.com/directory/verus-information-systems/"
"Ferry Ports","https://www.eu-startups.com/directory/ferry-ports/"
"Keragon","https://www.eu-startups.com/directory/keragon/"
"SOTIRIA Technology","https://www.eu-startups.com/directory/sotiria-technology/"
"Nutrifolio","https://www.eu-startups.com/directory/nutrifolio/"
"DOBE.io","https://www.eu-startups.com/directory/dobeio/"
"No Scrubs","https://www.eu-startups.com/directory/no-scrubs/"
"LandTrust","https://www.eu-startups.com/directory/landtrust/"
"Harbor Lab","https://www.eu-startups.com/directory/harbor-lab/"
"SANDY TZATZOU","https://www.eu-startups.com/directory/sandy-tzatzou/"
"Inomofloating","https://www.eu-startups.com/directory/inomofloating/"
"Nereus Digital Bunkers","https://www.eu-startups.com/directory/nereus-digital-bunkers/"
"Mood: Music of our Desire","https://www.eu-startups.com/directory/mood-music-of-our-desire/"
"Metabio","https://www.eu-startups.com/directory/metabio/"
"eThesis","https://www.eu-startups.com/directory/ethesis/"
"Peace by Peas","https://www.eu-startups.com/directory/peace-by-peas/"
"Car Experts","https://www.eu-startups.com/directory/car-experts/"
"Whoopee","https://www.eu-startups.com/directory/whoopee/"
"Travelr","https://www.eu-startups.com/directory/travelr/"
"KRIXAIR","https://www.eu-startups.com/directory/krixair/"
"LUNAR CARGO (ΕΛΛΗΝΙΚΑ ΣΕΛΗΝΟΔΡΟΜΙΑ)","https://www.eu-startups.com/directory/lunar-cargo-%CE%95%CE%9B%CE%9B%CE%97%CE%9D%CE%99%CE%9A%CE%91-%CE%A3%CE%95%CE%9B%CE%97%CE%9D%CE%9F%CE%94%CE%A1%CE%9F%CE%9C%CE%99%CE%91/"
"Voice Logica AI","https://www.eu-startups.com/directory/voice-logica-ai/"
"Thessal360 Eco-tours","https://www.eu-startups.com/directory/thessal360-eco-tours/"
"Snapcar","https://www.eu-startups.com/directory/snapcar/"
"Takeback Studios","https://www.eu-startups.com/directory/takeback-studios/"
"mobiplus AI","https://www.eu-startups.com/directory/mobiplus-ai/"
"Keyfev","https://www.eu-startups.com/directory/keyfev/"
"Aeroscroll","https://www.eu-startups.com/directory/aeroscroll/"
"CityCrop Automated Indoor Farming","https://www.eu-startups.com/directory/citycrop-automated-indoor-farming/"
"LUNAR CARGO (ΕΛΛΗΝΙΚΑ ΣΕΛΗΝΟΔΡΟΜΙΑ)","https://www.eu-startups.com/directory/lunar-cargo-%CE%95%CE%9B%CE%9B%CE%97%CE%9D%CE%99%CE%9A%CE%91-%CE%A3%CE%95%CE%9B%CE%97%CE%9D%CE%9F%CE%94%CE%A1%CE%9F%CE%9C%CE%99%CE%91/"
"I.IEK CEARS","https://www.eu-startups.com/directory/iiek-cears/"
"viva.com","https://www.eu-startups.com/directory/viva.com"
"Cloudpharm Private Company","https://www.eu-startups.com/directory/cloudpharm-private-company/"
"Bitloops","https://www.eu-startups.com/directory/bitloops/"
"Home Rolling","https://www.eu-startups.com/directory/home-rolling/"
"maMEDS","https://www.eu-startups.com/directory/mameds/"
"AimaLabs","https://www.eu-startups.com/directory/aimalabs/"
"Navikos","https://www.eu-startups.com/directory/navikos/"
"Haulx","https://www.eu-startups.com/directory/haulx/"
"NetBy","https://www.eu-startups.com/directory/netby/"
"Turn It Green","https://www.eu-startups.com/directory/turn-it-green/"
"SeaGo App","https://www.eu-startups.com/directory/seago-app/"
"phoenix electronics","https://www.eu-startups.com/directory/phoenix-electronics/"
"MyRoomie","https://www.eu-startups.com/directory/myroomie/"
"Moverse","https://www.eu-startups.com/directory/moverse/"
"AdSocial","https://www.eu-startups.com/directory/adsocial/"
"Sportyfun","https://www.eu-startups.com/directory/sportyfun/"
"Billys","https://www.eu-startups.com/directory/billys/"
"Coffe-eco","https://www.eu-startups.com/directory/coffe-eco/"
"Prismart digital agency","https://www.eu-startups.com/directory/prismart-digital-agency/"
"Cellarhopping","https://www.eu-startups.com/directory/cellarhopping/"
"NTZNS","https://www.eu-startups.com/directory/ntzns/"
"Vivian Lab","https://www.eu-startups.com/directory/vivian-lab/"
"Apollo Green Solutions (Aenergi)","https://www.eu-startups.com/directory/apollo-green-solutions-aenergi/"
"Caius","https://www.eu-startups.com/directory/caius/"
"Opennous","https://www.eu-startups.com/directory/opennous/"
"jobnest.gr","https://www.eu-startups.com/directory/jobnest-gr/"
"orbito travel","https://www.eu-startups.com/directory/orbito-travel/"
"e-Aimodotes","https://www.eu-startups.com/directory/e-aimodotes/"
"Knoddo","https://www.eu-startups.com/directory/knoddo-2/"
"Primetown Development","https://www.eu-startups.com/directory/primetown-development/"
"yiufi sa","https://www.eu-startups.com/directory/yiufi-sa/"
"Shiplemon.com","https://www.eu-startups.com/directory/shiplemon-com/"
"Isotopic","https://www.eu-startups.com/directory/isotopic/"
"UPIRIA","https://www.eu-startups.com/directory/upiria/"
"Swaplanet","https://www.eu-startups.com/directory/swaplanet/"
"TransiTool","https://www.eu-startups.com/directory/transitool/"
"Throo Payments","https://www.eu-startups.com/directory/throo-payments/"
"Easylyzi.com","https://www.eu-startups.com/directory/easylyzi-com/"
"Warden Online","https://www.eu-startups.com/directory/warden-online/"
"Spacerok","https://www.eu-startups.com/directory/spacerok-3/"
"Spacerok","https://www.eu-startups.com/directory/spacerok/"
"Plantbox","https://www.eu-startups.com/directory/plantbox/"
"omgyno","https://www.eu-startups.com/directory/omgyno/"
"BEEhavior","https://www.eu-startups.com/directory/beehavior/"
"Poulaw.gr","https://www.eu-startups.com/directory/poulaw-gr/"
"IDP Creations","https://www.eu-startups.com/directory/idp-creations/"
"nup","https://www.eu-startups.com/directory/nup/"
"Ferto","https://www.eu-startups.com/directory/ferto/"
"Estate Brains","https://www.eu-startups.com/directory/estate-brains/"
"Data Bloo","https://www.eu-startups.com/directory/data-bloo/"
"Cellular Agriculture Greece","https://www.eu-startups.com/directory/cellular-agriculture-greece/"
"Valuelenz","https://www.eu-startups.com/directory/valuelenz/"
"Yolt Labs","https://www.eu-startups.com/directory/yolt-labs/"
"CaptainBook.io","https://www.eu-startups.com/directory/captainbook-io/"
"LookingAroundus","https://www.eu-startups.com/directory/lookingaroundus/"
"DeltechSLT PC","https://www.eu-startups.com/directory/deltechslt-pc/"
"e-Valuation","https://www.eu-startups.com/directory/e-valuation/"
"Trimsignal","https://www.eu-startups.com/directory/trimsignal/"
"Protio","https://www.eu-startups.com/directory/protio/"
"Dataphoria","https://www.eu-startups.com/directory/dataphoria/"
"FresCon Tehnologies","https://www.eu-startups.com/directory/frescon-tehnologies/"
"Spool","https://www.eu-startups.com/directory/spool-2/"
"Spool","https://www.eu-startups.com/directory/spool/"
"Greenbridge","https://www.eu-startups.com/directory/greenbridge/"
"STOmaker","https://www.eu-startups.com/directory/stomaker/"
"Intiva Therapeutics","https://www.eu-startups.com/directory/intiva-therapeutics/"
"DIB-IN","https://www.eu-startups.com/directory/dib-in/"
"Pop Market","https://www.eu-startups.com/directory/pop-market/"
"Green Panda","https://www.eu-startups.com/directory/green-panda/"
"XtremeGreece.Travel","https://www.eu-startups.com/directory/xtremegreece-travel/"
"Zas ferries","https://www.eu-startups.com/directory/zas-ferries/"
"Winkizzz","https://www.eu-startups.com/directory/winkizzz/"
"Prosperty","https://www.eu-startups.com/directory/prosperty/"
"Prosperty","https://www.eu-startups.com/directory/prosperty-2/"
"ecredit","https://www.eu-startups.com/directory/ecredit/"
"Unlimited Adrenaline","https://www.eu-startups.com/directory/unlimited-adrenaline/"
"O Luxury Villas","https://www.eu-startups.com/directory/o-luxury-villas/"
"InsuranceBeat","https://www.eu-startups.com/directory/insurancebeat/"
"Oliveex","https://www.eu-startups.com/directory/oliveex/"
"EplanetO","https://www.eu-startups.com/directory/eplaneto/"
"Pricefox.gr","https://www.eu-startups.com/directory/pricefox-gr/"
"Copyrightsworld","https://www.eu-startups.com/directory/copyrightsworld/"
"Auvril Audiobooks","https://www.eu-startups.com/directory/auvril-audiobooks/"
"Vivestia","https://www.eu-startups.com/directory/vivestia-2/"
"Butler Chat","https://www.eu-startups.com/directory/butler-chat/"
"Broombids","https://www.eu-startups.com/directory/broombids/"
"HeyPet EU","https://www.eu-startups.com/directory/heypet-eu/"
"Auvril Education","https://www.eu-startups.com/directory/auvril-education/"
"Agrofelis","https://www.eu-startups.com/directory/agrofelis/"
"grandmama","https://www.eu-startups.com/directory/grandmama-2/"
"Meta stevia farm","https://www.eu-startups.com/directory/meta-stevia-farm/"
"FEDRA.COM","https://www.eu-startups.com/directory/fedra-com/"
"VERTLINER","https://www.eu-startups.com/directory/vertliner/"
"Athletopia","https://www.eu-startups.com/directory/athletopia/"
"Woli","https://www.eu-startups.com/directory/woli/"
"Openichnos Yacht Tracker","https://www.eu-startups.com/directory/openichnos-yacht-tracker/"
"Finloup","https://www.eu-startups.com/directory/finloup/"
"WeAreTravelers","https://www.eu-startups.com/directory/wearetravelers/"
"kronometrics","https://www.eu-startups.com/directory/kronometrics/"
"SCiO","https://www.eu-startups.com/directory/scio/"
"Indiy","https://www.eu-startups.com/directory/indiy/"
"stinporta.gr","https://www.eu-startups.com/directory/stinporta-gr/"
"Carge","https://www.eu-startups.com/directory/carge/"
"knoddo","https://www.eu-startups.com/directory/knoddo/"
"Algomo","https://www.eu-startups.com/directory/algomo/"
"Travel2Fit","https://www.eu-startups.com/directory/travel2fit/"
"upward.","https://www.eu-startups.com/directory/upward/"
"ScienceTraining","https://www.eu-startups.com/directory/sciencetraining/"
"Hotelbop","https://www.eu-startups.com/directory/hotelbop/"
"Qurio","https://www.eu-startups.com/directory/qurio/"
"ibnb","https://www.eu-startups.com/directory/ibnb/"
"Loctio","https://www.eu-startups.com/directory/loctio/"
"Medinevo","https://www.eu-startups.com/directory/medinevo/"
"Involvnext","https://www.eu-startups.com/directory/involvnext/"
"instacar","https://www.eu-startups.com/directory/instacar-2/"
"Ideas Forward","https://www.eu-startups.com/directory/ideas-forward/"
"HotelCrux","https://www.eu-startups.com/directory/hotelcrux/"
"Guest Like Local","https://www.eu-startups.com/directory/guest-like-local/"
"Grivalia","https://www.eu-startups.com/directory/grivalia/"
"Greek Fintech Cluster","https://www.eu-startups.com/directory/greek-fintech-cluster/"
"GFN Advisors","https://www.eu-startups.com/directory/gfn-advisors/"
"PCNano Materials","https://www.eu-startups.com/directory/pcnano-materials/"
"Purisys","https://www.eu-startups.com/directory/purisys/"
"DoctorsHello","https://www.eu-startups.com/directory/doctorshello/"
"Do it for me","https://www.eu-startups.com/directory/do-it-for-me/"
"CYRUS","https://www.eu-startups.com/directory/cyrus/"
"Skytelecom Greece","https://www.eu-startups.com/directory/skytelecom-greece/"
"Collaborate Healthcare","https://www.eu-startups.com/directory/collaborate-healthcare/"
"CapsuleT Travel & Hospitality Accelerator","https://www.eu-startups.com/directory/capsulet-travel-hospitality-accelerator/"
"BlockPegnio","https://www.eu-startups.com/directory/blockpegnio/"
"Vesseljoin","https://www.eu-startups.com/directory/vesseljoin/"
"ATV Rental Mykonos","https://www.eu-startups.com/directory/atv-rental-mykonos/"
"Alumni Reach","https://www.eu-startups.com/directory/alumni-reach/"
"BibeCoffee","https://www.eu-startups.com/directory/bibecoffee-2/"
"Xenios Group","https://www.eu-startups.com/directory/xenios-group/"
"banner banner","https://www.eu-startups.com/directory/banner-banner/"
"erptopia","https://www.eu-startups.com/directory/erptopia/"
"Altosight IKE","https://www.eu-startups.com/directory/altosight-ike/"
"Les écArtés","https://www.eu-startups.com/directory/les-ecartes/"
"Solmeyea","https://www.eu-startups.com/directory/solmeyea/"
"momentor","https://www.eu-startups.com/directory/momentor/"
"Biopix DNA Technology","https://www.eu-startups.com/directory/biopix-dna-technology/"
"GX Blocks Energy","https://www.eu-startups.com/directory/gx-blocks-energy/"
"BIOPIX-T","https://www.eu-startups.com/directory/biopix-t/"
"Campsaround","https://www.eu-startups.com/directory/campsaround/"
"Reveffect","https://www.eu-startups.com/directory/reveffect/"
"Instacar","https://www.eu-startups.com/directory/instacar/"
"INBEVERAGES SA","https://www.eu-startups.com/directory/inbeverages-sa/"
"Liofyllo","https://www.eu-startups.com/directory/liofyllo/"
"Readnet Publications","https://www.eu-startups.com/directory/readnet-publications/"
"grandmama","https://www.eu-startups.com/directory/grandmama/"
"Readnet Publications","https://www.eu-startups.com/directory/readnet-publications-2/"
"Wikifarmer","https://www.eu-startups.com/directory/wikifarmer/"
"INTELIGG","https://www.eu-startups.com/directory/inteligg-p-c/"
"Arrowproject1.org","https://www.eu-startups.com/directory/www-arrowproject1-org/"
"Purposeful","https://www.eu-startups.com/directory/purposeful/"
"Useberry","https://www.eu-startups.com/directory/useberry/"
"Nummuspay.com","https://www.eu-startups.com/directory/nummuspay-com/"
"Smarterchains","https://www.eu-startups.com/directory/smarterchains/"
"TheList","https://www.eu-startups.com/directory/thelist/"
"Stoferno","https://www.eu-startups.com/directory/stoferno/"
"InAccel","https://www.eu-startups.com/directory/inaccel/"
"Welcome","https://www.eu-startups.com/directory/welcome/"
"Texnologia","https://www.eu-startups.com/directory/texnologia/"
"Bewise","https://www.eu-startups.com/directory/bewise/"
"Code4Thought","https://www.eu-startups.com/directory/code4thought/"
"Bespot.","https://www.eu-startups.com/directory/bespot/"
"Codefunnels","https://www.eu-startups.com/directory/codefunnels/"
"BibeCoffee","https://www.eu-startups.com/directory/bibecoffee/"
"MyJobNow","https://www.eu-startups.com/directory/myjobnow/"
"Inteligg","https://www.eu-startups.com/directory/inteligg/"
"Dog Bakery","https://www.eu-startups.com/directory/dog-bakery/"
"FlexCar","https://www.eu-startups.com/directory/flexcar/"
"Tryquestion","https://www.eu-startups.com/directory/tryquestion/"
"Let’s Speak Together","https://www.eu-startups.com/directory/lets-speak-together/"
"Gizelis Robotics","https://www.eu-startups.com/directory/gizelis-robotics/"
"Cloudevo","https://www.eu-startups.com/directory/cloudevo/"
"Wet Crow Internet","https://www.eu-startups.com/directory/wet-crow-internet-inc/"
"DEUS EX MACHINA","https://www.eu-startups.com/directory/deus-ex-machina/"
"Loceye","https://www.eu-startups.com/directory/loceye/"
"Cube RM","https://www.eu-startups.com/directory/cube-rm/"
"Syncbnb","https://www.eu-startups.com/directory/syncbnb/"
"Texnologia.Net","https://www.eu-startups.com/directory/texnologia-net/"
"Fundathlon","https://www.eu-startups.com/directory/fundathlon/"
"88 Homes P.C","https://www.eu-startups.com/directory/88-homes-p-c/"
"Nummuspay","https://www.eu-startups.com/directory/nummuspay/"
"Melapus","https://www.eu-startups.com/directory/melapus-2/"
"Workathlon","https://www.eu-startups.com/directory/workathlon/"
"Causaly","https://www.eu-startups.com/directory/causaly/"
"SpotRSS","https://www.eu-startups.com/directory/spotrss/"
"Thruwind","https://www.eu-startups.com/directory/thruwind/"
"DeepSea Technologies","https://www.eu-startups.com/directory/deepsea-technologies/"
"Roadcube","https://www.eu-startups.com/directory/roadcube/"
"Kard","https://www.eu-startups.com/directory/kard-2/"
"kleesto","https://www.eu-startups.com/directory/kleesto/"
"iYouth Lab","https://www.eu-startups.com/directory/iyouth-lab/"
"Woorise","https://www.eu-startups.com/directory/woorise/"
"Depia Automations","https://www.eu-startups.com/directory/depia-automations/"
"Augmenta","https://www.eu-startups.com/directory/augmenta/"
"Ingredio","https://www.eu-startups.com/directory/ingredio/"
"HireFlows HR","https://www.eu-startups.com/directory/hireflows-hr/"
"Pculiar","https://www.eu-startups.com/directory/pculiar/"
"Hippocampus.io","https://www.eu-startups.com/directory/hippocampus-io/"
"Plum","https://www.eu-startups.com/directory/plum/"
"Ferry Hopper","https://www.eu-startups.com/directory/ferry-hopper/"
"ORamaVR","https://www.eu-startups.com/directory/oramavr/"
"Ferryhopper","https://www.eu-startups.com/directory/ferryhopper/"
"Spotawheel","https://www.eu-startups.com/directory/spotawheel/"
"Fieldscale","https://www.eu-startups.com/directory/fieldscale/"
"Classter","https://www.eu-startups.com/directory/classter/"
"Welcome Pickups","https://www.eu-startups.com/directory/welcome-pickups/"
"Recycglobe","https://www.eu-startups.com/directory/recycglobe/"
"Kumpulo","https://www.eu-startups.com/directory/kumpulo/"
"tgndata","https://www.eu-startups.com/directory/tgndata/"
"SendAnnoyingStuff","https://www.eu-startups.com/directory/sendannoyingstuff/"
"Routee","https://www.eu-startups.com/directory/routee/"
"Douleutaras","https://www.eu-startups.com/directory/douleutaras/"
"Bryq","https://www.eu-startups.com/directory/bryq/"
"Elioplus","https://www.eu-startups.com/directory/elioplus/"
"Tipster11.com","https://www.eu-startups.com/directory/tipster11-com/"
"ContactPigeon","https://www.eu-startups.com/directory/contactpigeon/"
"Owiwi Private Company","https://www.eu-startups.com/directory/owiwi-private-company/"
"RTsafe","https://www.eu-startups.com/directory/rtsafe/"
"wappier","https://www.eu-startups.com/directory/wappier/"
"PLEGMA LABS","https://www.eu-startups.com/directory/plegma-labs/"
"Nannuka","https://www.eu-startups.com/directory/nannuka/"
"Pockee","https://www.eu-startups.com/directory/pockee/"
"Susurrus","https://www.eu-startups.com/directory/susurrus/"
"FTA Firm","https://www.eu-startups.com/directory/fta-firm/"
"Incelligent","https://www.eu-startups.com/directory/incelligent/"
"Hotelgenius","https://www.eu-startups.com/directory/hotelgenius/"
"Pollfish","https://www.eu-startups.com/directory/pollfish/"
"Tradenow","https://www.eu-startups.com/directory/tradenow/"
"Social Taste","https://www.eu-startups.com/directory/social-taste/"
"nutrINsider","https://www.eu-startups.com/directory/nutrinsider/"
"SponsorBoat","https://www.eu-startups.com/directory/sponsorboat/"
"Watchly","https://www.eu-startups.com/directory/watchly/"
"SimFWD P.C","https://www.eu-startups.com/directory/simfwd-p-c/"
"Swapond.com","https://www.eu-startups.com/directory/swapond-com/"
"tizU","https://www.eu-startups.com/directory/tizu/"
"Neuron Energy Solutions","https://www.eu-startups.com/directory/neuron-energy-solutions/"
"Devvox","https://www.eu-startups.com/directory/devvox/"
"QReca!","https://www.eu-startups.com/directory/qreca/"
"Starttech Ventures","https://www.eu-startups.com/directory/starttech-ventures/"
"plantobuy.com","https://www.eu-startups.com/directory/plantobuy-com/"
"Codebender","https://www.eu-startups.com/directory/codebender/"
"Doctoranytime.gr","https://www.eu-startups.com/directory/doctoranytime-gr/"
"Accovibe","https://www.eu-startups.com/directory/accovibe/"
"TheLMSapp","https://www.eu-startups.com/directory/thelmsapp/"
"Stonepromoter","https://www.eu-startups.com/directory/stonepromoter/"
"Instabuck","https://www.eu-startups.com/directory/instabuck/"
"Taxibeat","https://www.eu-startups.com/directory/taxibeat/"
"Fashinating","https://www.eu-startups.com/directory/fashinating/"
"Speakt","https://www.eu-startups.com/directory/speakt/"
"Scripts Complete","https://www.eu-startups.com/directory/scripts-complete/"
"LazyLand","https://www.eu-startups.com/directory/lazyland-2/"
"Net ‘n’ Design","https://www.eu-startups.com/directory/net-n-design/"
"LazyLand","https://www.eu-startups.com/directory/lazyland/"