name,link
"Zoidii","https://www.eu-startups.com/directory/zoidii/"
"Holedo","https://www.eu-startups.com/directory/holedo/"
"Roamr","https://www.eu-startups.com/directory/roamr/"
"linkjob.ai","https://www.eu-startups.com/directory/linkjobai/"
"Conjura","https://www.eu-startups.com/directory/conjura/"
"Tuarity","https://www.eu-startups.com/directory/tuarity/"
"Nexus Inclusion","https://www.eu-startups.com/directory/nexus-inclusion/"
"Venture8 AI","https://www.eu-startups.com/directory/venture8-ai/"
"Server Scheduler","https://www.eu-startups.com/directory/server-scheduler/"
"Coso.ai","https://www.eu-startups.com/directory/cosoai/"
"With Everly","https://www.eu-startups.com/directory/with-everly/"
"WHYZE Health","https://www.eu-startups.com/directory/whyze-health/"
"Samanta","https://www.eu-startups.com/directory/samanta/"
"Authentic Health","https://www.eu-startups.com/directory/authentic-health/"
"Bean Around","https://www.eu-startups.com/directory/bean-around/"
"Microdoc","https://www.eu-startups.com/directory/microdoc/"
"Mind Compass AI","https://www.eu-startups.com/directory/mind-compass-ai/"
"TNB Skin Care","https://www.eu-startups.com/directory/tnb-skin-care/"
"Nomad Hub","https://www.eu-startups.com/directory/nomad-hub/"
"Uoto","https://www.eu-startups.com/directory/uoto/"
"Kewve","https://www.eu-startups.com/directory/kewve/"
"Genotrial","https://www.eu-startups.com/directory/genotrial/"
"Brighter Days","https://www.eu-startups.com/directory/brighter-days/"
"Rocket Education Rewards","https://www.eu-startups.com/directory/rocket-education-rewards/"
"Spinlio","https://www.eu-startups.com/directory/spinlio/"
"Emitrix","https://www.eu-startups.com/directory/emitrix/"
"Ogma","https://www.eu-startups.com/directory/ogma/"
"Pleaze","https://www.eu-startups.com/directory/pleaze/"
"BitRewriter","https://www.eu-startups.com/directory/bitrewriter/"
"23 Tasks to Weight Loss","https://www.eu-startups.com/directory/23-tasks-to-weight-loss/"
"SalaryAfterTax.com","https://www.eu-startups.com/directory/salaryaftertax.com"
"Dublin Maths","https://www.eu-startups.com/directory/dublin-maths/"
"Lingoodle Learning","https://www.eu-startups.com/directory/lingoodle-learning/"
"Reactable AI","https://www.eu-startups.com/directory/reactable-ai/"
"Vikapic","https://www.eu-startups.com/directory/vikapic/"
"WASP Technologies","https://www.eu-startups.com/directory/wasp-technologies/"
"Sprunki","https://www.eu-startups.com/directory/sprunki/"
"SkillsTrust","https://www.eu-startups.com/directory/skillstrust/"
"Mind Compass AI","https://www.eu-startups.com/directory/mind-compass-ai/"
"Help.center","https://www.eu-startups.com/directory/helpcenter/"
"HonQr by Foldstone","https://www.eu-startups.com/directory/honqr-by-foldstone/"
"Hiring Zen","https://www.eu-startups.com/directory/hiring-zen/"
"Prospera","https://www.eu-startups.com/directory/prospera/"
"Writetone","https://www.eu-startups.com/directory/writetone/"
"Disrupt500","https://www.eu-startups.com/directory/disrupt500/"
"Foni","https://www.eu-startups.com/directory/foni/"
"Finotor","https://www.eu-startups.com/directory/finotor/"
"Scopey","https://www.eu-startups.com/directory/scopey/"
"Everabyte","https://www.eu-startups.com/directory/everabyte/"
"GreatLab","https://www.eu-startups.com/directory/greatlab/"
"Yourretrofit.ie","https://www.eu-startups.com/directory/prime19/"
"TY Future","https://www.eu-startups.com/directory/ty-future/"
"Sports Impact Technologies","https://www.eu-startups.com/directory/sports-impact-technologies/"
"Solidroad","https://www.eu-startups.com/directory/solidroad/"
"SIEST Sleep","https://www.eu-startups.com/directory/siest-sleep/"
"Proveye","https://www.eu-startups.com/directory/proveye/"
"WhiteSwell Limited","https://www.eu-startups.com/directory/whiteswell-limited/"
"Shuppa","https://www.eu-startups.com/directory/shuppa/"
"Mamba","https://www.eu-startups.com/directory/mamba/"
"Inspeq AI","https://www.eu-startups.com/directory/inspeq-ai/"
"MILJO","https://www.eu-startups.com/directory/miljo/"
"Habitus Health","https://www.eu-startups.com/directory/habitus-health/"
"Glitch Ads","https://www.eu-startups.com/directory/glitch-ads/"
"Cytidel","https://www.eu-startups.com/directory/cytidel/"
"Clubber TV","https://www.eu-startups.com/directory/clubber-tv/"
"Bold Donut Games","https://www.eu-startups.com/directory/bold-donut-games/"
"Zero Tax Jobs","https://www.eu-startups.com/directory/zero-tax-jobs/"
"CHAMP CLOUD","https://www.eu-startups.com/directory/champ-cloud/"
"Asothia","https://www.eu-startups.com/directory/asothia/"
"Assiduous","https://www.eu-startups.com/directory/assiduous/"
"Vesta Insights","https://www.eu-startups.com/directory/vesta-insights/"
"Teleatherapy","https://www.eu-startups.com/directory/teleatherapy/"
"Swapoffi","https://www.eu-startups.com/directory/swapoffi/"
"SkillsTrust","https://www.eu-startups.com/directory/skillstrust/"
"Shōden AI","https://www.eu-startups.com/directory/shoden-ai/"
"QLindex","https://www.eu-startups.com/directory/qlindex/"
"NameDown","https://www.eu-startups.com/directory/namedown/"
"Gemell","https://www.eu-startups.com/directory/gemell/"
"GamesGrid","https://www.eu-startups.com/directory/gamesgrid/"
"Farm Fayre","https://www.eu-startups.com/directory/farm-fayre/"
"E-Shared","https://www.eu-startups.com/directory/e-shared/"
"Carbon Harvesters","https://www.eu-startups.com/directory/carbon-harvesters/"
"BladeBridge","https://www.eu-startups.com/directory/bladebridge/"
"Affix API","https://www.eu-startups.com/directory/affix-api/"
"Galileo","https://www.eu-startups.com/directory/galileo/"
"AMPLY Discovery","https://www.eu-startups.com/directory/amply-discovery/"
"GreyScout","https://www.eu-startups.com/directory/greyscout/"
"Kota","https://www.eu-startups.com/directory/kota/"
"Openvolt","https://www.eu-startups.com/directory/openvolt/"
"GridBeyond","https://www.eu-startups.com/directory/gridbeyond/"
"Mail Metrics","https://www.eu-startups.com/directory/mail-metrics/"
"Ceartas DMCA","https://www.eu-startups.com/directory/ceartas-dmca/"
"Derehoboth Therapeutics","https://www.eu-startups.com/directory/derehoboth-therapeutics/"
"devsec.app","https://www.eu-startups.com/directory/devsec.app"
"Disiu Limited","https://www.eu-startups.com/directory/disiu-limited/"
"Tao Climate","https://www.eu-startups.com/directory/tao-climate/"
"Breakthrough Maths","https://www.eu-startups.com/directory/breakthrough-maths/"
"PAAQ","https://www.eu-startups.com/directory/paaq/"
"MarketSizer","https://www.eu-startups.com/directory/marketsizer/"
"CHAMP Virtual Campaigns","https://www.eu-startups.com/directory/champ-virtual-campaigns/"
"daily.dev","https://www.eu-startups.com/directory/daily.dev"
"fly-highs","https://www.eu-startups.com/directory/fly-highs/"
"WindCapture Technologies","https://www.eu-startups.com/directory/windcapture-technologies/"
"SlideFill","https://www.eu-startups.com/directory/slidefill/"
"JustTip Technologies Limited","https://www.eu-startups.com/directory/justtip-technologies-limited/"
"TAWKX","https://www.eu-startups.com/directory/resourceible/"
"Onpipeline","https://www.eu-startups.com/directory/onpipeline/"
"Lingoodle Learning","https://www.eu-startups.com/directory/lingoodle-learning/"
"Boxcore","https://www.eu-startups.com/directory/boxcore/"
"CoolPlanet","https://www.eu-startups.com/directory/coolplanet/"
"Grav8y","https://www.eu-startups.com/directory/grav8y/"
"DevHub","https://www.eu-startups.com/directory/devhub-2/"
"DevHub","https://www.eu-startups.com/directory/devhub/"
"Vespio.ai","https://www.eu-startups.com/directory/vespio-ai/"
"TamCalc","https://www.eu-startups.com/directory/tamcalc/"
"Solsign","https://www.eu-startups.com/directory/solsign/"
"Fada Medical","https://www.eu-startups.com/directory/fada-medical/"
"TalkAI","https://www.eu-startups.com/directory/talkai/"
"Capdelta","https://www.eu-startups.com/directory/capdelta/"
"reuzi","https://www.eu-startups.com/directory/reuzi/"
"probvision","https://www.eu-startups.com/directory/probvision/"
"HivenHub","https://www.eu-startups.com/directory/hivenhub/"
"La Ruche Health","https://www.eu-startups.com/directory/la-ruche-health/"
"Cardzware","https://www.eu-startups.com/directory/cardzware/"
"Yonder","https://www.eu-startups.com/directory/yonder/"
"Opa Mind","https://www.eu-startups.com/directory/opa-mind/"
"Pipelyne","https://www.eu-startups.com/directory/pipelyne/"
"BIGBin","https://www.eu-startups.com/directory/bigbin/"
"Contento","https://www.eu-startups.com/directory/contento/"
"agcontacts.com","https://www.eu-startups.com/directory/agcontacts-com/"
"OWL ME GPS Solutions","https://www.eu-startups.com/directory/owl-me-gps-solutions/"
"Xpensi","https://www.eu-startups.com/directory/xpensi/"
"Materials & Inventory Management App","https://www.eu-startups.com/directory/materials-inventory-management-app/"
"White Sands","https://www.eu-startups.com/directory/white-sands/"
"OZO Loyalty","https://www.eu-startups.com/directory/ozo-loyalty/"
"Eldercate","https://www.eu-startups.com/directory/eldercate/"
"ClusterStack","https://www.eu-startups.com/directory/clusterstack/"
"WCELLARS","https://www.eu-startups.com/directory/wcellars/"
"PicRam","https://www.eu-startups.com/directory/picram/"
"Ondway Delivery","https://www.eu-startups.com/directory/ondway-delivery/"
"Silicate","https://www.eu-startups.com/directory/silicate/"
"NRGI.ai","https://www.eu-startups.com/directory/nrgi-ai/"
"Snappie","https://www.eu-startups.com/directory/snappie/"
"Spiral Entertainment","https://www.eu-startups.com/directory/spiral-entertainment/"
"SteadyBricks","https://www.eu-startups.com/directory/steadybricks/"
"Talu","https://www.eu-startups.com/directory/talu/"
"Tipple","https://www.eu-startups.com/directory/tipple/"
"Tribes Studio","https://www.eu-startups.com/directory/tribes-studio/"
"La Casa Care","https://www.eu-startups.com/directory/la-casa-care/"
"Grabspace","https://www.eu-startups.com/directory/grabspace/"
"Kyzentree Technologies","https://www.eu-startups.com/directory/kyzentree-technologies-ltd/"
"ASX Sports","https://www.eu-startups.com/directory/asx-sports/"
"Syncd","https://www.eu-startups.com/directory/syncd/"
"BC Team Coaching Ltd","https://www.eu-startups.com/directory/bc-team-coaching-ltd/"
"chopcast.io","https://www.eu-startups.com/directory/chopcast-io/"
"Valid8Me","https://www.eu-startups.com/directory/valid8me/"
"Electricbike24.com","https://www.eu-startups.com/directory/electricbike24-com/"
"PitchedIt","https://www.eu-startups.com/directory/pitchedit/"
"Helgen Technologies","https://www.eu-startups.com/directory/helgen-technologies/"
"ReSocialize","https://www.eu-startups.com/directory/resocialize/"
"bloXmove","https://www.eu-startups.com/directory/bloxmove/"
"Nomu Pay","https://www.eu-startups.com/directory/nomu-pay/"
"Debtprofilers","https://www.eu-startups.com/directory/debtprofilers/"
"Payemoji","https://www.eu-startups.com/directory/payemoji/"
"InsTech.ie","https://www.eu-startups.com/directory/instech-ie/"
"Sota","https://www.eu-startups.com/directory/sota/"
"The Crypto Climate Exchange","https://www.eu-startups.com/directory/the-crypto-climate-exchange/"
"Envetec","https://www.eu-startups.com/directory/envetec/"
"Noloco","https://www.eu-startups.com/directory/noloco/"
"Streamodus","https://www.eu-startups.com/directory/streamodus/"
"Aer Soleir","https://www.eu-startups.com/directory/aer-soleir/"
"Upscaler","https://www.eu-startups.com/directory/upscaler/"
"Sorted Technology","https://www.eu-startups.com/directory/sorted-technology/"
"HR Omni Solutions","https://www.eu-startups.com/directory/hr-omni-solutions/"
"MTU","https://www.eu-startups.com/directory/mtu/"
"PlanDail","https://www.eu-startups.com/directory/plandail/"
"SalesTier","https://www.eu-startups.com/directory/salestier/"
"WingRiders","https://www.eu-startups.com/directory/wingriders/"
"The Work From Anywhere","https://www.eu-startups.com/directory/the-work-from-anywhere/"
"Wylde","https://www.eu-startups.com/directory/wylde/"
"Outcaster","https://www.eu-startups.com/directory/outcaster/"
"OXygean","https://www.eu-startups.com/directory/oxygean/"
"Precision Sports Technology","https://www.eu-startups.com/directory/precision-sports-technology/"
"Clique Edge","https://www.eu-startups.com/directory/clique-edge/"
"Bay Street Innovation","https://www.eu-startups.com/directory/bay-street-innovation/"
"SEOWizard","https://www.eu-startups.com/directory/seowizard/"
"Klokbox","https://www.eu-startups.com/directory/klokbox/"
"eAltra","https://www.eu-startups.com/directory/ealtra/"
"CyberPie","https://www.eu-startups.com/directory/cyberpie/"
"Beyondbmi","https://www.eu-startups.com/directory/beyondbmi/"
"Snapfix","https://www.eu-startups.com/directory/snapfix/"
"Wrky Limited","https://www.eu-startups.com/directory/wrky-limited/"
"RapidWage","https://www.eu-startups.com/directory/rapidwage/"
"HomeBidding","https://www.eu-startups.com/directory/homebidding/"
"Seasonal Tokens","https://www.eu-startups.com/directory/seasonal-tokens/"
"Printzware","https://www.eu-startups.com/directory/printzware/"
"Sanctifly","https://www.eu-startups.com/directory/sanctifly/"
"Socio Local","https://www.eu-startups.com/directory/socio-local/"
"Soundmix","https://www.eu-startups.com/directory/soundmix/"
"Syze","https://www.eu-startups.com/directory/syze/"
"The Muff Liquor Company","https://www.eu-startups.com/directory/the-muff-liquor-company/"
"Parene","https://www.eu-startups.com/directory/parene/"
"Zipp Mobility","https://www.eu-startups.com/directory/zipp-mobility/"
"Virtually Irish","https://www.eu-startups.com/directory/virtually-irish/"
"Fin Goulding","https://www.eu-startups.com/directory/fin-goulding/"
"Goota","https://www.eu-startups.com/directory/goota/"
"gloxy","https://www.eu-startups.com/directory/gloxy/"
"Imvizar","https://www.eu-startups.com/directory/imvizar/"
"Lahoma","https://www.eu-startups.com/directory/lahoma/"
"NetLync","https://www.eu-startups.com/directory/netlync/"
"Otals","https://www.eu-startups.com/directory/otals/"
"Otonomee","https://www.eu-startups.com/directory/otonomee/"
"TRUSTT","https://www.eu-startups.com/directory/trustt/"
"Epic Global","https://www.eu-startups.com/directory/epic-global/"
"Embrace Community Services","https://www.eu-startups.com/directory/embrace-community-services/"
"CarbonSpaceTech","https://www.eu-startups.com/directory/carbonspacetech/"
"Akeero","https://www.eu-startups.com/directory/akeero/"
"Expluria","https://www.eu-startups.com/directory/expluria/"
"recsyslabs","https://www.eu-startups.com/directory/recsyslabs/"
"ZARIOT","https://www.eu-startups.com/directory/zariot-2/"
"The Bank of No","https://www.eu-startups.com/directory/the-bank-of-no/"
"AppConvertly.com","https://www.eu-startups.com/directory/appconvertly-com/"
"Heartnate","https://www.eu-startups.com/directory/heartnate/"
"BrandPitch","https://www.eu-startups.com/directory/brandpitch/"
"Vanstack","https://www.eu-startups.com/directory/vanstack/"
"Bank of Memories","https://www.eu-startups.com/directory/bank-of-memories/"
"Unigamer","https://www.eu-startups.com/directory/unigamer/"
"Automotive Equity Management","https://www.eu-startups.com/directory/automotive-equity-management-limited/"
"Glanaer","https://www.eu-startups.com/directory/glanaer/"
"NoFrixion","https://www.eu-startups.com/directory/nofrixion-ltd/"
"MantraPM","https://www.eu-startups.com/directory/mantrapm-ltd/"
"Florence Technology","https://www.eu-startups.com/directory/florence-technology-ltd/"
"CloudSphere","https://www.eu-startups.com/directory/cloudsphere/"
"Mix.rent","https://www.eu-startups.com/directory/mix-rent/"
"SEEYOU","https://www.eu-startups.com/directory/seeyou-ltd/"
"Eagle INSIGHT","https://www.eu-startups.com/directory/eagle-insight-automation-analytics/"
"ActivHealth","https://www.eu-startups.com/directory/activhealth/"
"Konvi","https://www.eu-startups.com/directory/konvi/"
"Nory","https://www.eu-startups.com/directory/nory/"
"Defactor","https://www.eu-startups.com/directory/defactor/"
"Firesky","https://www.eu-startups.com/directory/firesky/"
"Luna Systems","https://www.eu-startups.com/directory/luna-systems/"
"Hosted Kitchens","https://www.eu-startups.com/directory/hosted-kitchens/"
"Mykademy","https://www.eu-startups.com/directory/mykademy/"
"The Corporate Governance Institute","https://www.eu-startups.com/directory/the-corporate-governance-institute/"
"Pulse Market","https://www.eu-startups.com/directory/pulse-market/"
"Outmin","https://www.eu-startups.com/directory/outmin/"
"Stormra","https://www.eu-startups.com/directory/stormra/"
"SynOx Therapeutics","https://www.eu-startups.com/directory/synox-therapeutics/"
"The Fortia","https://www.eu-startups.com/directory/the-fortia/"
"Riley","https://www.eu-startups.com/directory/riley/"
"All Set Workplace","https://www.eu-startups.com/directory/all-set-workplace/"
"ClarityCX1","https://www.eu-startups.com/directory/claritycx1/"
"Content Creators","https://www.eu-startups.com/directory/content-creators/"
"Earth First Food Ventures","https://www.eu-startups.com/directory/earth-first-food-ventures/"
"Manakau","https://www.eu-startups.com/directory/manakau/"
"Meta-Flux","https://www.eu-startups.com/directory/meta-flux/"
"Onate","https://www.eu-startups.com/directory/onate/"
"Self Makers","https://www.eu-startups.com/directory/self-makers/"
"Team Activities","https://www.eu-startups.com/directory/team-activities/"
"Simpli­ Business Finance","https://www.eu-startups.com/directory/simpli-business-finance/"
"Eventmix","https://www.eu-startups.com/directory/eventmix/"
"dimply","https://www.eu-startups.com/directory/dimply/"
"Oblivious","https://www.eu-startups.com/directory/oblivious/"
"JRC Components","https://www.eu-startups.com/directory/jrc-components/"
"SheUps","https://www.eu-startups.com/directory/sheups/"
"The DataWorks","https://www.eu-startups.com/directory/the-dataworks/"
"EVE","https://www.eu-startups.com/directory/eve-3/"
"Monte Carlo Gold","https://www.eu-startups.com/directory/monte-carlo-gold/"
"PSi","https://www.eu-startups.com/directory/psi/"
"Swollet","https://www.eu-startups.com/directory/swollet/"
"AraTok","https://www.eu-startups.com/directory/aratok/"
"Surejobz App","https://www.eu-startups.com/directory/surejobz-app/"
"Ecowatt Energy","https://www.eu-startups.com/directory/ecowatt-energy/"
"AER Temp","https://www.eu-startups.com/directory/aer-temp/"
"Positive Carbon","https://www.eu-startups.com/directory/positive-carbon/"
"Behind The Seams","https://www.eu-startups.com/directory/behind-the-seams-limited/"
"Tanglegence","https://www.eu-startups.com/directory/tanglegence/"
"Botaxion","https://www.eu-startups.com/directory/botaxion/"
"Core Corners","https://www.eu-startups.com/directory/core-corners/"
"Vaultree","https://www.eu-startups.com/directory/vaultree/"
"WireSmartly","https://www.eu-startups.com/directory/wiresmartly/"
"digi-v","https://www.eu-startups.com/directory/digi-v/"
"PsycReality","https://www.eu-startups.com/directory/psycreality/"
"ReFunk Upcycling","https://www.eu-startups.com/directory/refunk-upcycling/"
"Companjon","https://www.eu-startups.com/directory/companjon-2/"
"Pivot Cloud Solutions","https://www.eu-startups.com/directory/pivot-cloud-solutions-2/"
"Pivot Cloud Solutions","https://www.eu-startups.com/directory/pivot-cloud-solutions/"
"Companjon","https://www.eu-startups.com/directory/companjon/"
"Esca","https://www.eu-startups.com/directory/esca/"
"Graphite Note","https://www.eu-startups.com/directory/graphite-note/"
"AceApp","https://www.eu-startups.com/directory/aceapp/"
"TontineTrust","https://www.eu-startups.com/directory/tontinetrust/"
"KeepAppy","https://www.eu-startups.com/directory/keepappy-2/"
"Locker","https://www.eu-startups.com/directory/locker-is-a-startup-based-in-galway-ireland/"
"OpinionX","https://www.eu-startups.com/directory/opinionx/"
"Legitify","https://www.eu-startups.com/directory/legitify/"
"Intelligorithm","https://www.eu-startups.com/directory/intelligorithm/"
"Priothera","https://www.eu-startups.com/directory/priothera/"
"Frankie Health","https://www.eu-startups.com/directory/frankie-health-2/"
"SepTec","https://www.eu-startups.com/directory/septec/"
"Shareline","https://www.eu-startups.com/directory/shareline/"
"Square Spirit","https://www.eu-startups.com/directory/square-spirit/"
"Cyber Armed Security","https://www.eu-startups.com/directory/cyber-armed-security/"
"Battery Associates","https://www.eu-startups.com/directory/battery-associates/"
"Anallytica","https://www.eu-startups.com/directory/anallytica/"
"Afterefx","https://www.eu-startups.com/directory/afterefx/"
"Frankie Health","https://www.eu-startups.com/directory/frankie-health/"
"Natvisor","https://www.eu-startups.com/directory/natvisor-guest-post-marketplace/"
"Prime Estate Global Solutions","https://www.eu-startups.com/directory/prime-estate-global-solutions-limited/"
"Yard","https://www.eu-startups.com/directory/yard/"
"The Fintech Corridor","https://www.eu-startups.com/directory/the-fintech-corridor/"
"Strikepay","https://www.eu-startups.com/directory/strikepay/"
"StarHire 365","https://www.eu-startups.com/directory/starhire-365/"
"SafeScore","https://www.eu-startups.com/directory/safescore/"
"Petfix Care","https://www.eu-startups.com/directory/petfix-care/"
"nSurely","https://www.eu-startups.com/directory/nsurely/"
"Nory AI","https://www.eu-startups.com/directory/nory-ai/"
"Kwayga","https://www.eu-startups.com/directory/kwayga/"
"Kindora","https://www.eu-startups.com/directory/kindora/"
"HappyTeams","https://www.eu-startups.com/directory/happyteams/"
"Green Electric Scooters","https://www.eu-startups.com/directory/green-electric-scooters/"
"GenerationTech","https://www.eu-startups.com/directory/generationtech/"
"Fettle","https://www.eu-startups.com/directory/fettle/"
"Field of Vision","https://www.eu-startups.com/directory/field-of-vision/"
"EVE","https://www.eu-startups.com/directory/eve/"
"Material Llama","https://www.eu-startups.com/directory/material-llama/"
"DMC Consultancy","https://www.eu-startups.com/directory/dmc-consultancy-web-and-app-developers-ireland/"
"Growth Addicts","https://www.eu-startups.com/directory/growth-addicts/"
"Octovid","https://www.eu-startups.com/directory/octovid/"
"Podcast for Startups","https://www.eu-startups.com/directory/podcast-for-startups/"
"My Cyber Risks","https://www.eu-startups.com/directory/my-cyber-risks/"
"Gofreedly","https://www.eu-startups.com/directory/gofreedly/"
"Comh","https://www.eu-startups.com/directory/comh/"
"SUBSNINJA.COM","https://www.eu-startups.com/directory/subsninja-com/"
"Wellness Brands Europe Ltd","https://www.eu-startups.com/directory/wellness-brands-europe-ltd/"
"Rove","https://www.eu-startups.com/directory/rove/"
"Bowsy","https://www.eu-startups.com/directory/bowsy/"
"Zeus Scooters","https://www.eu-startups.com/directory/zeus-scooters/"
"Wayflyer","https://www.eu-startups.com/directory/wayflyer-2/"
"Technological University Dublin","https://www.eu-startups.com/directory/technological-university-dublin/"
"Sylon","https://www.eu-startups.com/directory/sylon/"
"Relevium Medical","https://www.eu-startups.com/directory/relevium-medical/"
"Plantruption","https://www.eu-startups.com/directory/plantruption/"
"Nitrexo","https://www.eu-startups.com/directory/nitrexo/"
"NadiFin","https://www.eu-startups.com/directory/nadifin/"
"Kephala","https://www.eu-startups.com/directory/kephala/"
"Grace Healthcare","https://www.eu-startups.com/directory/grace-healthcare/"
"Foxrock Quant Fund","https://www.eu-startups.com/directory/foxrock-quant-fund/"
"Fido Merchant Services","https://www.eu-startups.com/directory/fido-merchant-services/"
"Drive","https://www.eu-startups.com/directory/drive/"
"BioSimulytics","https://www.eu-startups.com/directory/biosimulytics/"
"HostEvent","https://www.eu-startups.com/directory/hostevent/"
"Be Our Guest","https://www.eu-startups.com/directory/be-our-guest/"
"SUBSNINJA","https://www.eu-startups.com/directory/subsninja/"
"Jalopy","https://www.eu-startups.com/directory/jalopy/"
"Bluedog","https://www.eu-startups.com/directory/bluedog-csl/"
"Crust Technology","https://www.eu-startups.com/directory/crust-technology-ltd/"
"OrganiGo","https://www.eu-startups.com/directory/organigo/"
"Perfometry","https://www.eu-startups.com/directory/perfometry/"
"r3charge","https://www.eu-startups.com/directory/r3charge/"
"Mindfule","https://www.eu-startups.com/directory/mindfule/"
"Modulz","https://www.eu-startups.com/directory/modulz/"
"LegitFit","https://www.eu-startups.com/directory/legitfit/"
"NaviFly","https://www.eu-startups.com/directory/navifly/"
"Loanitt","https://www.eu-startups.com/directory/loanitt/"
"lintil","https://www.eu-startups.com/directory/lintil/"
"Latch Medical","https://www.eu-startups.com/directory/latch-medical/"
"Zipp Mobility","https://www.eu-startups.com/directory/zipp-mobility-2/"
"My Items","https://www.eu-startups.com/directory/my-items/"
"XTREEMO","https://www.eu-startups.com/directory/xtreemo/"
"Performetry","https://www.eu-startups.com/directory/performetry/"
"Inboarding","https://www.eu-startups.com/directory/inboarding/"
"implement.io","https://www.eu-startups.com/directory/implement-io/"
"PlatformCore","https://www.eu-startups.com/directory/platformcore/"
"Howtodiscuss","https://www.eu-startups.com/directory/howtodiscuss/"
"Provizio","https://www.eu-startups.com/directory/provizio/"
"Gradguide","https://www.eu-startups.com/directory/gradguide/"
"GoParcel","https://www.eu-startups.com/directory/goparcel/"
"Senoptica","https://www.eu-startups.com/directory/senoptica/"
"Fleet","https://www.eu-startups.com/directory/fleet/"
"Fincovi","https://www.eu-startups.com/directory/fincovi/"
"FeelTect","https://www.eu-startups.com/directory/feeltect/"
"Excelsior","https://www.eu-startups.com/directory/excelsior/"
"Smart Maritime Network","https://www.eu-startups.com/directory/smart-maritime-network/"
"Pine Hub","https://www.eu-startups.com/directory/pine-hub/"
"UpPointe Creations","https://www.eu-startups.com/directory/uppointe-creations/"
"CropBiome","https://www.eu-startups.com/directory/cropbiome/"
"Manna Drone Delivery","https://www.eu-startups.com/directory/manna-drone-delivery-3/"
"Spectrum.Life","https://www.eu-startups.com/directory/spectrum-life/"
"ClubSpot","https://www.eu-startups.com/directory/clubspot/"
"Knogin","https://www.eu-startups.com/directory/knogin/"
"SmartRoutes","https://www.eu-startups.com/directory/smartroutes-2/"
"Peroptyx","https://www.eu-startups.com/directory/peroptyx/"
"Tarbh Tech Limited","https://www.eu-startups.com/directory/tarbh-tech-limited/"
"Tailr","https://www.eu-startups.com/directory/tailr/"
"Voncoin","https://www.eu-startups.com/directory/voncoin/"
"Empiric Logic","https://www.eu-startups.com/directory/empiric-logic/"
"ZARIOT","https://www.eu-startups.com/directory/zariot/"
"SmartRoutes","https://www.eu-startups.com/directory/smartroutes/"
"Tympany Medical","https://www.eu-startups.com/directory/tympany-medical/"
"Versono Medical","https://www.eu-startups.com/directory/versono-medical/"
"SymPhysis Medical","https://www.eu-startups.com/directory/symphysis-medical/"
"Shorla Pharma","https://www.eu-startups.com/directory/shorla-pharma/"
"Pineapple","https://www.eu-startups.com/directory/pineapple/"
"SafePorter","https://www.eu-startups.com/directory/safeporter/"
"MedoSync","https://www.eu-startups.com/directory/medosync/"
"Luminate Medical","https://www.eu-startups.com/directory/luminate-medical/"
"Homesavers","https://www.eu-startups.com/directory/homesavers/"
"Gasgon Medical","https://www.eu-startups.com/directory/gasgon-medical/"
"Eighty6","https://www.eu-startups.com/directory/eighty6/"
"ELIS Technologies","https://www.eu-startups.com/directory/elis-technologies/"
"Allwayswithyou","https://www.eu-startups.com/directory/allwayswithyou/"
"Tokonomics","https://www.eu-startups.com/directory/tokonomics/"
"Viztronics Smart Solutions","https://www.eu-startups.com/directory/viztronics-smart-solutions/"
"SuperNode","https://www.eu-startups.com/directory/supernode/"
"SeekLayer","https://www.eu-startups.com/directory/seeklayer/"
"SEO & Grow","https://www.eu-startups.com/directory/seo-grow/"
"OUI CHEF","https://www.eu-startups.com/directory/oui-chef/"
"PacSana","https://www.eu-startups.com/directory/pacsana/"
"Nebula Innovations","https://www.eu-startups.com/directory/nebula-innovations/"
"Offr","https://www.eu-startups.com/directory/offr/"
"Carbon Collect","https://www.eu-startups.com/directory/carbon-collect/"
"LIV Student","https://www.eu-startups.com/directory/liv-student/"
"Tervis Technology","https://www.eu-startups.com/directory/tervis-technology/"
"HT Materials Science","https://www.eu-startups.com/directory/ht-materials-science-2/"
"Hey Mylo","https://www.eu-startups.com/directory/hey-mylo/"
"GlasPort Bio","https://www.eu-startups.com/directory/glasport-bio/"
"FPD Recycling","https://www.eu-startups.com/directory/fpd-recycling/"
"DermView Technology","https://www.eu-startups.com/directory/dermview-technology/"
"Empeal","https://www.eu-startups.com/directory/empeal/"
"Binate Digital","https://www.eu-startups.com/directory/binate-digital/"
"AerAdvise","https://www.eu-startups.com/directory/aeradvise/"
"Klearcom","https://www.eu-startups.com/directory/klearcom/"
"Kids Speech Labs","https://www.eu-startups.com/directory/kids-speech-labs/"
"Cognition World","https://www.eu-startups.com/directory/cognition-world/"
"Kitchtech","https://www.eu-startups.com/directory/kitchtech/"
"EKSPERT","https://www.eu-startups.com/directory/ekspert/"
"Orb Media","https://www.eu-startups.com/directory/orb-media/"
"D8Indian","https://www.eu-startups.com/directory/d8indian/"
"Livecosts.com","https://www.eu-startups.com/directory/livecosts-com/"
"BOOKMEETINGROOM.COM","https://www.eu-startups.com/directory/bookmeetingroom-com/"
"Angeles Pictures","https://www.eu-startups.com/directory/angeles-pictures-limited/"
"P4ML","https://www.eu-startups.com/directory/p4ml-ltd/"
"SG Widget","https://www.eu-startups.com/directory/sg-widget/"
"verb.ly","https://www.eu-startups.com/directory/verb-ly/"
"NUA Surgical","https://www.eu-startups.com/directory/nua-surgical/"
"Motoklik","https://www.eu-startups.com/directory/motoklik/"
"Equine MediRecord","https://www.eu-startups.com/directory/equine-medirecord/"
"Kidzivity","https://www.eu-startups.com/directory/kidzivity/"
"SwiftComply","https://www.eu-startups.com/directory/swiftcomply/"
"Whichost","https://www.eu-startups.com/directory/whichost/"
"Atlantic Therapeutics","https://www.eu-startups.com/directory/atlantic-therapeutics/"
"Marker Content","https://www.eu-startups.com/directory/marker-content/"
"My Money Jar","https://www.eu-startups.com/directory/my-money-jar/"
"Gigable","https://www.eu-startups.com/directory/gigable/"
"Sweepr","https://www.eu-startups.com/directory/sweepr/"
"Tines","https://www.eu-startups.com/directory/tines/"
"Manna","https://www.eu-startups.com/directory/manna/"
"Educatly","https://www.eu-startups.com/directory/educatly-2/"
"MOBY","https://www.eu-startups.com/directory/moby/"
"Micron AgriTech","https://www.eu-startups.com/directory/micron-agritech/"
"Manna Drone Delivery","https://www.eu-startups.com/directory/manna-drone-delivery-2/"
"OceanSET","https://www.eu-startups.com/directory/oceanset/"
"OneAire","https://www.eu-startups.com/directory/oneaire/"
"LEGIT FIT","https://www.eu-startups.com/directory/legit-fit/"
"Manna Drone Delivery","https://www.eu-startups.com/directory/manna-drone-delivery/"
"Vela Games","https://www.eu-startups.com/directory/vela-games-2/"
"PanSift","https://www.eu-startups.com/directory/pansift/"
"Paradyn","https://www.eu-startups.com/directory/paradyn/"
"Paybyrd","https://www.eu-startups.com/directory/paybyrd/"
"Perfuze","https://www.eu-startups.com/directory/perfuze/"
"Iamus Technologies","https://www.eu-startups.com/directory/iamus-technologies/"
"Hygiene Audits","https://www.eu-startups.com/directory/hygiene-audits/"
"Project Central","https://www.eu-startups.com/directory/project-central/"
"Property Bridges","https://www.eu-startups.com/directory/property-bridges/"
"Q~Zero","https://www.eu-startups.com/directory/qzero/"
"Healing Hand Tech","https://www.eu-startups.com/directory/healing-hand-tech/"
"HazzCorp.","https://www.eu-startups.com/directory/hazzcorp/"
"Grandpal","https://www.eu-startups.com/directory/grandpal/"
"QPQ","https://www.eu-startups.com/directory/qpq/"
"Recroot","https://www.eu-startups.com/directory/recroot/"
"Fonoa","https://www.eu-startups.com/directory/fonoa/"
"Finclude","https://www.eu-startups.com/directory/finclude/"
"feedalpha","https://www.eu-startups.com/directory/feedalpha/"
"Evervault","https://www.eu-startups.com/directory/evervault/"
"SP SpareParts","https://www.eu-startups.com/directory/sp-spareparts-2/"
"SP SpareParts","https://www.eu-startups.com/directory/sp-spareparts/"
"Eat Feed","https://www.eu-startups.com/directory/eat-feed/"
"EasyCount.io","https://www.eu-startups.com/directory/easycount-io/"
"DX Compliance","https://www.eu-startups.com/directory/dx-compliance/"
"Sula Health","https://www.eu-startups.com/directory/sula-health/"
"CrannMed","https://www.eu-startups.com/directory/crannmed/"
"CreditLogic","https://www.eu-startups.com/directory/creditlogic/"
"Supply Finance","https://www.eu-startups.com/directory/supply-finance/"
"Change Donations","https://www.eu-startups.com/directory/change-donations/"
"Capbuster","https://www.eu-startups.com/directory/capbuster/"
"TripAdmit","https://www.eu-startups.com/directory/tripadmit/"
"Trustap","https://www.eu-startups.com/directory/trustap/"
"Trustfy","https://www.eu-startups.com/directory/trustfy/"
"Tympany Research Group","https://www.eu-startups.com/directory/tympany-research-group/"
"Utmost","https://www.eu-startups.com/directory/utmost/"
"Venari Medical","https://www.eu-startups.com/directory/venari-medical/"
"Volograms","https://www.eu-startups.com/directory/volograms/"
"W3BCLOUD","https://www.eu-startups.com/directory/w3bcloud/"
"Apex Privacy","https://www.eu-startups.com/directory/apex-privacy/"
"Alldus International","https://www.eu-startups.com/directory/alldus-international-2/"
"Alldus International","https://www.eu-startups.com/directory/alldus-international/"
"Yuro Foundation","https://www.eu-startups.com/directory/yuro-foundation/"
"Animis Labs","https://www.eu-startups.com/directory/animis-labs/"
"ZiggyTec","https://www.eu-startups.com/directory/ziggytec/"
"Agri360","https://www.eu-startups.com/directory/agri360/"
"Advisable","https://www.eu-startups.com/directory/advisable/"
"Ad World Masters","https://www.eu-startups.com/directory/ad-world-masters/"
"ActaFun","https://www.eu-startups.com/directory/actafun/"
"15toGO","https://www.eu-startups.com/directory/15togo/"
"GH Research","https://www.eu-startups.com/directory/gh-research/"
"Fact.MR","https://www.eu-startups.com/directory/fact-mr/"
"ParkOffice","https://www.eu-startups.com/directory/parkoffice/"
"HT Materials Science","https://www.eu-startups.com/directory/ht-materials-science/"
"Moby Bikes","https://www.eu-startups.com/directory/moby-bikes/"
"Together for Yes","https://www.eu-startups.com/directory/together-for-yes/"
"GlobalizationPedia","https://www.eu-startups.com/directory/globalizationpedia/"
"Chirr App","https://www.eu-startups.com/directory/chirr-app/"
"Galvia","https://www.eu-startups.com/directory/galvia/"
"CTemplar","https://www.eu-startups.com/directory/ctemplar/"
"Plugins for Pinegrow","https://www.eu-startups.com/directory/plugins-for-pinegrow/"
"Ringotel","https://www.eu-startups.com/directory/ringotel/"
"SchoolGrove Technology","https://www.eu-startups.com/directory/schoolgrove-technology/"
"Ambr Eyewear","https://www.eu-startups.com/directory/ambr-eyewear/"
"Workvivo","https://www.eu-startups.com/directory/workvivo/"
"&Open","https://www.eu-startups.com/directory/open/"
"ClearStory International","https://www.eu-startups.com/directory/clearstory-international/"
"Mingo","https://www.eu-startups.com/directory/mingo/"
"ApisProtect","https://www.eu-startups.com/directory/apisprotect/"
"Flender Peer-to-Peer Finance","https://www.eu-startups.com/directory/flender-peer-to-peer-finance/"
"Easybook.io","https://www.eu-startups.com/directory/easybook-io/"
"Pest Pulse","https://www.eu-startups.com/directory/pest-pulse/"
"Pruune Consulting","https://www.eu-startups.com/directory/pruune-consulting/"
"AAMcEvoy","https://www.eu-startups.com/directory/aamcevoy/"
"Wellola","https://www.eu-startups.com/directory/wellola/"
"iBreve","https://www.eu-startups.com/directory/ibreve-ltd/"
"Soothing Solutions","https://www.eu-startups.com/directory/soothing-solutions-ltd/"
"Survais","https://www.eu-startups.com/directory/survais/"
"FantasyTote","https://www.eu-startups.com/directory/fantasytote/"
"bnbatlas","https://www.eu-startups.com/directory/bnbatlas/"
"Businesselectric","https://www.eu-startups.com/directory/businesselectric/"
"CleverBooks","https://www.eu-startups.com/directory/cleverbooks/"
"Startup journey.ie","https://www.eu-startups.com/directory/startup-journey-ie/"
"Flender","https://www.eu-startups.com/directory/flender/"
"Abodoo","https://www.eu-startups.com/directory/abodoo/"
"Vela Games","https://www.eu-startups.com/directory/vela-games/"
"Evocco","https://www.eu-startups.com/directory/evocco/"
"UtilityAR","https://www.eu-startups.com/directory/utilityar/"
"Parkio","https://www.eu-startups.com/directory/parkio-2/"
"Noa","https://www.eu-startups.com/directory/noa/"
"Loci Orthopaedics","https://www.eu-startups.com/directory/loci-orthopaedics/"
"Moovingo","https://www.eu-startups.com/directory/moovingo/"
"MedModus","https://www.eu-startups.com/directory/medmodus/"
"Luna Connect","https://www.eu-startups.com/directory/luna-connect/"
"Luna","https://www.eu-startups.com/directory/luna-2/"
"Node","https://www.eu-startups.com/directory/node/"
"Nuapay","https://www.eu-startups.com/directory/nuapay/"
"OaCP","https://www.eu-startups.com/directory/oacp/"
"Logos Network","https://www.eu-startups.com/directory/logos-network/"
"Octoboard","https://www.eu-startups.com/directory/octoboard/"
"OneProjects","https://www.eu-startups.com/directory/oneprojects/"
"Open Orphan","https://www.eu-startups.com/directory/open-orphan/"
"Altada","https://www.eu-startups.com/directory/altada-2/"
"Space OS","https://www.eu-startups.com/directory/space-os/"
"Kinzen","https://www.eu-startups.com/directory/kinzen/"
"Journey Protector","https://www.eu-startups.com/directory/journey-protector/"
"Joinmamas","https://www.eu-startups.com/directory/joinmamas/"
"Trustap","https://www.eu-startups.com/directory/trustap-2/"
"Output Sports","https://www.eu-startups.com/directory/output-sports/"
"Piprate","https://www.eu-startups.com/directory/piprate/"
"PlanDomino","https://www.eu-startups.com/directory/plandomino/"
"PLANTEDIT","https://www.eu-startups.com/directory/plantedit/"
"ProtectBox","https://www.eu-startups.com/directory/protectbox/"
"Happy Scribe","https://www.eu-startups.com/directory/happy-scribe/"
"Go-Ahead Ireland","https://www.eu-startups.com/directory/go-ahead-ireland/"
"GladCloud","https://www.eu-startups.com/directory/gladcloud/"
"RAID Studios","https://www.eu-startups.com/directory/raid-studios/"
"Getvisibility","https://www.eu-startups.com/directory/getvisibility/"
"Roborzoid","https://www.eu-startups.com/directory/roborzoid/"
"Geowox","https://www.eu-startups.com/directory/geowox/"
"Genesis Vision","https://www.eu-startups.com/directory/genesis-vision/"
"Galactica Biotech","https://www.eu-startups.com/directory/galactica-biotech/"
"Frankli","https://www.eu-startups.com/directory/frankli/"
"Safecility","https://www.eu-startups.com/directory/safecility/"
"Secure7","https://www.eu-startups.com/directory/secure7/"
"Selio Medical","https://www.eu-startups.com/directory/selio-medical/"
"Filud","https://www.eu-startups.com/directory/filud/"
"FarmEye","https://www.eu-startups.com/directory/farmeye/"
"Expo Travel Group","https://www.eu-startups.com/directory/expo-travel-group/"
"Far From Avocados","https://www.eu-startups.com/directory/far-from-avocados/"
"Ernieapp","https://www.eu-startups.com/directory/ernieapp/"
"spaceOS","https://www.eu-startups.com/directory/spaceos/"
"SPEAKUS","https://www.eu-startups.com/directory/speakus/"
"Talmatic","https://www.eu-startups.com/directory/talmatic-2/"
"doMyNCT.ie","https://www.eu-startups.com/directory/domynct-ie/"
"DigiTally","https://www.eu-startups.com/directory/digitally/"
"Deciphex","https://www.eu-startups.com/directory/deciphex/"
"Danalto","https://www.eu-startups.com/directory/danalto/"
"Subsea Micropiles","https://www.eu-startups.com/directory/subsea-micropiles/"
"OncoSolutions","https://www.eu-startups.com/directory/oncosolutions/"
"Stori Creative","https://www.eu-startups.com/directory/stori-creative/"
"Customerly","https://www.eu-startups.com/directory/customerly/"
"Confideal","https://www.eu-startups.com/directory/confideal/"
"SwaLife Biotech","https://www.eu-startups.com/directory/swalife-biotech/"
"Cognition","https://www.eu-startups.com/directory/cognition/"
"CIS Force","https://www.eu-startups.com/directory/cis-force/"
"TechSalesBox","https://www.eu-startups.com/directory/techsalesbox/"
"TerminusDB","https://www.eu-startups.com/directory/terminusdb/"
"The Beauty Buddy","https://www.eu-startups.com/directory/the-beauty-buddy/"
"Chatspace","https://www.eu-startups.com/directory/chatspace/"
"Cambrist","https://www.eu-startups.com/directory/cambrist/"
"Cala Medical","https://www.eu-startups.com/directory/cala-medical/"
"Bonflite","https://www.eu-startups.com/directory/bonflite/"
"Blue Bull Machinery","https://www.eu-startups.com/directory/blue-bull-machinery/"
"Blockaviation","https://www.eu-startups.com/directory/blockaviation/"
"BioProbe Diagnostics","https://www.eu-startups.com/directory/bioprobe-diagnostics/"
"Beeinstant","https://www.eu-startups.com/directory/beeinstant/"
"Turtler GPS","https://www.eu-startups.com/directory/turtler-gps/"
"Atrian Medical","https://www.eu-startups.com/directory/atrian-medical/"
"we.trade","https://www.eu-startups.com/directory/we-trade/"
"WireCompare","https://www.eu-startups.com/directory/wirecompare/"
"Winfooz","https://www.eu-startups.com/directory/winfooz/"
"Xena Exchange","https://www.eu-startups.com/directory/xena-exchange/"
"Antikytera e-Technologies","https://www.eu-startups.com/directory/antikytera-e-technologies/"
"Xocean","https://www.eu-startups.com/directory/xocean/"
"Anadue","https://www.eu-startups.com/directory/anadue/"
"Altada","https://www.eu-startups.com/directory/altada/"
"Andrson","https://www.eu-startups.com/directory/andrson/"
"AdSecure","https://www.eu-startups.com/directory/adsecure/"
"Adfront Limited","https://www.eu-startups.com/directory/adfront-limited/"
"Accelerated Payments","https://www.eu-startups.com/directory/accelerated-payments/"
"4Securitas","https://www.eu-startups.com/directory/4securitas/"
"RemedyBio","https://www.eu-startups.com/directory/remedybio/"
"FoodMarble","https://www.eu-startups.com/directory/foodmarble/"
"LittleFix","https://www.eu-startups.com/directory/littlefix/"
"ID-Pal","https://www.eu-startups.com/directory/id-pal/"
"Setapp for Teams","https://www.eu-startups.com/directory/setapp-for-teams/"
"CitySwift","https://www.eu-startups.com/directory/cityswift-2/"
"UXDX","https://www.eu-startups.com/directory/uxdx/"
"Leveris","https://www.eu-startups.com/directory/leveris/"
"Storykids","https://www.eu-startups.com/directory/storykids/"
"farmstayplanet","https://www.eu-startups.com/directory/farmstayplanet/"
"Obit","https://www.eu-startups.com/directory/obit/"
"TandemHR Solutions","https://www.eu-startups.com/directory/tandemhr-solutions/"
"Trezeo","https://www.eu-startups.com/directory/trezeo/"
"Inflazome","https://www.eu-startups.com/directory/inflazome/"
"Webio","https://www.eu-startups.com/directory/webio/"
"My Name is TED","https://www.eu-startups.com/directory/my-name-is-ted/"
"Deepfinity","https://www.eu-startups.com/directory/deepfinity/"
"NUACOM","https://www.eu-startups.com/directory/nuacom/"
"CultureMee","https://www.eu-startups.com/directory/culturemee/"
"Cerebreon","https://www.eu-startups.com/directory/cerebreon/"
"Fleet App","https://www.eu-startups.com/directory/fleet-app/"
"Lightly Technologies","https://www.eu-startups.com/directory/lightly-technologies/"
"Hexafly","https://www.eu-startups.com/directory/hexafly/"
"CroíValve","https://www.eu-startups.com/directory/croivalve/"
"TeachKloud","https://www.eu-startups.com/directory/teachkloud/"
"Popertee","https://www.eu-startups.com/directory/popertee/"
"AID:Tech","https://www.eu-startups.com/directory/aidtech/"
"Milis Bio","https://www.eu-startups.com/directory/milis-bio/"
"Mobility Mojo","https://www.eu-startups.com/directory/mobility-mojo/"
"MicroSynbiotiX","https://www.eu-startups.com/directory/microsynbiotix/"
"MEG Support Tools","https://www.eu-startups.com/directory/meg-support-tools/"
"Medit","https://www.eu-startups.com/directory/medit/"
"MARRAM Co","https://www.eu-startups.com/directory/marram-co/"
"NeuroConcise","https://www.eu-startups.com/directory/neuroconcise/"
"Coroflo","https://www.eu-startups.com/directory/coroflo/"
"Oathello","https://www.eu-startups.com/directory/oathello/"
"OmniSpirant","https://www.eu-startups.com/directory/omnispirant/"
"Optimise","https://www.eu-startups.com/directory/optimise/"
"KudosHealth","https://www.eu-startups.com/directory/kudoshealth/"
"Kite Medical","https://www.eu-startups.com/directory/kite-medical/"
"Kianda","https://www.eu-startups.com/directory/kianda/"
"Katch","https://www.eu-startups.com/directory/katch/"
"JSX Exchange","https://www.eu-startups.com/directory/jsx-exchange/"
"Jinga.Life","https://www.eu-startups.com/directory/jinga-life/"
"Ostoform","https://www.eu-startups.com/directory/ostoform/"
"Deepverge","https://www.eu-startups.com/directory/deepverge/"
"Payzaar","https://www.eu-startups.com/directory/payzaar/"
"Payslip","https://www.eu-startups.com/directory/payslip/"
"Immedis","https://www.eu-startups.com/directory/immedis/"
"Icarus Media Digital","https://www.eu-startups.com/directory/icarus-media-digital/"
"Hublio","https://www.eu-startups.com/directory/hublio/"
"HireUp","https://www.eu-startups.com/directory/hireup/"
"Priviti","https://www.eu-startups.com/directory/priviti/"
"Grouper Technology","https://www.eu-startups.com/directory/grouper-technology/"
"RecommenderX","https://www.eu-startups.com/directory/recommenderx/"
"Register.edu.eu","https://www.eu-startups.com/directory/register-edu-eu/"
"ROBEAU","https://www.eu-startups.com/directory/robeau/"
"FXCH Ltd.","https://www.eu-startups.com/directory/fxch-ltd/"
"FULFIL Holdings","https://www.eu-startups.com/directory/fulfil-holdings/"
"ForexBrokers","https://www.eu-startups.com/directory/forexbrokers/"
"ServiceDock","https://www.eu-startups.com/directory/servicedock/"
"Setapp","https://www.eu-startups.com/directory/setapp/"
"ServisBOT","https://www.eu-startups.com/directory/servisbot/"
"Fing","https://www.eu-startups.com/directory/fing/"
"EnigmaSoft","https://www.eu-startups.com/directory/enigmasoft/"
"SmartFactory","https://www.eu-startups.com/directory/smartfactory/"
"Sonarc Innovations","https://www.eu-startups.com/directory/sonarc-innovations/"
"Eatstro","https://www.eu-startups.com/directory/eatstro/"
"DroneSAR","https://www.eu-startups.com/directory/dronesar/"
"Digital Test Tube","https://www.eu-startups.com/directory/digital-test-tube/"
"Digital Monkey Solutions","https://www.eu-startups.com/directory/digital-monkey-solutions-pvt-ltd/"
"digedu","https://www.eu-startups.com/directory/digedu/"
"Cx MOMENTS","https://www.eu-startups.com/directory/cx-moments/"
"CodeCoda Ltd","https://www.eu-startups.com/directory/codecoda-ltd/"
"Cloudwith.me","https://www.eu-startups.com/directory/cloudwith-me/"
"Clientrol","https://www.eu-startups.com/directory/clientrol/"
"Talk With Stranger","https://www.eu-startups.com/directory/talk-with-stranger/"
"TandemHR","https://www.eu-startups.com/directory/tandemhr/"
"Capitalflow","https://www.eu-startups.com/directory/capitalflow/"
"Brightest Minds","https://www.eu-startups.com/directory/brightest-minds/"
"Bloom Magic","https://www.eu-startups.com/directory/bloom-magic/"
"Blink Innovation","https://www.eu-startups.com/directory/blink-innovation/"
"TravaPlan","https://www.eu-startups.com/directory/travaplan/"
"Tryilo","https://www.eu-startups.com/directory/tryilo/"
"uHerrd","https://www.eu-startups.com/directory/uherrd/"
"Bamboo","https://www.eu-startups.com/directory/bamboo/"
"Azadyne","https://www.eu-startups.com/directory/azadyne/"
"Vetex Medical","https://www.eu-startups.com/directory/vetex-medical/"
"AutoEntry","https://www.eu-startups.com/directory/autoentry/"
"AuriGen Medical","https://www.eu-startups.com/directory/aurigen-medical/"
"Vivagogy","https://www.eu-startups.com/directory/vivagogy/"
"VROMO","https://www.eu-startups.com/directory/vromo/"
"W1Da Experience","https://www.eu-startups.com/directory/w1da-experience/"
"Assure Hedge","https://www.eu-startups.com/directory/assure-hedge/"
"waytoB","https://www.eu-startups.com/directory/waytob/"
"Incognito","https://www.eu-startups.com/directory/incognito/"
"Wia","https://www.eu-startups.com/directory/wia/"
"Wrkit","https://www.eu-startups.com/directory/wrkit/"
"AppDrag","https://www.eu-startups.com/directory/appdrag/"
"Xiidra","https://www.eu-startups.com/directory/xiidra/"
"Xunison","https://www.eu-startups.com/directory/xunison/"
"AimSteady","https://www.eu-startups.com/directory/aimsteady/"
"Abi Global Health","https://www.eu-startups.com/directory/abi-global-health/"
"WoofAdvisor","https://www.eu-startups.com/directory/woofadvisor/"
"CitySwift","https://www.eu-startups.com/directory/cityswift/"
"Noden Pharma","https://www.eu-startups.com/directory/noden-pharma/"
"MyOctopus","https://www.eu-startups.com/directory/myoctopus/"
"WNDYR","https://www.eu-startups.com/directory/wndyr/"
"BikesBooking.com","https://www.eu-startups.com/directory/bikesbooking-com/"
"Buymie","https://www.eu-startups.com/directory/buymie/"
"Sonas","https://www.eu-startups.com/directory/sonas/"
"Recipe Guru","https://www.eu-startups.com/directory/recipe-guru/"
"LetsGetChecked","https://www.eu-startups.com/directory/letsgetchecked/"
"Evara","https://www.eu-startups.com/directory/evara/"
"Fillit","https://www.eu-startups.com/directory/fillit/"
"Flipdish","https://www.eu-startups.com/directory/flipdish/"
"Nova Leah","https://www.eu-startups.com/directory/nova-leah/"
"Intouch.com","https://www.eu-startups.com/directory/intouch-com/"
"Opening.io","https://www.eu-startups.com/directory/opening-io/"
"Immersive VR Education","https://www.eu-startups.com/directory/immersive-vr-education/"
"Studytracks","https://www.eu-startups.com/directory/studytracks/"
"TradeIX","https://www.eu-startups.com/directory/tradeix/"
"Iterum Therapeutics","https://www.eu-startups.com/directory/iterum-therapeutics/"
"Ekco","https://www.eu-startups.com/directory/ekco/"
"Carrick Therapeutics","https://www.eu-startups.com/directory/carrick-therapeutics/"
"Cairn Homes","https://www.eu-startups.com/directory/cairn-homes/"
"Parkpnp","https://www.eu-startups.com/directory/parkpnp/"
"patientMpower","https://www.eu-startups.com/directory/patientmpower/"
"Coras","https://www.eu-startups.com/directory/coras/"
"SIRO Ireland","https://www.eu-startups.com/directory/siro-ireland/"
"Atlas Dynamics","https://www.eu-startups.com/directory/atlas-dynamics/"
"What Rocks And What Sucks","https://www.eu-startups.com/directory/what-rocks-and-what-sucks/"
"Code Institute","https://www.eu-startups.com/directory/code-institute/"
"FlitterWeb","https://www.eu-startups.com/directory/flitterweb/"
"Stayplanet","https://www.eu-startups.com/directory/stayplanet-2/"
"Smartfrog","https://www.eu-startups.com/directory/smartfrog/"
"axial3D","https://www.eu-startups.com/directory/axial3d/"
"Artomatix","https://www.eu-startups.com/directory/artomatix/"
"Crowdsight","https://www.eu-startups.com/directory/crowdsight/"
"Mustard.ie","https://www.eu-startups.com/directory/mustard-ie/"
"Jumble","https://www.eu-startups.com/directory/jumble/"
"Glofox","https://www.eu-startups.com/directory/glofox/"
"Prospr","https://www.eu-startups.com/directory/prospr/"
"Nuritas","https://www.eu-startups.com/directory/nuritas/"
"Flybreak","https://www.eu-startups.com/directory/flybreak/"
"Kastus Technologies","https://www.eu-startups.com/directory/kastus-technologies/"
"Neurent Medical","https://www.eu-startups.com/directory/neurent-medical/"
"Ambisense","https://www.eu-startups.com/directory/ambisense/"
"Signum Surgical","https://www.eu-startups.com/directory/signum-surgical/"
"TestReach","https://www.eu-startups.com/directory/testreach/"
"WhiteSwell","https://www.eu-startups.com/directory/whiteswell/"
"Urban Volt","https://www.eu-startups.com/directory/urban-volt/"
"Webdoctor","https://www.eu-startups.com/directory/webdoctor/"
"Xtremepush","https://www.eu-startups.com/directory/xtremepush/"
"Brightflag","https://www.eu-startups.com/directory/brightflag/"
"MyWallSt","https://www.eu-startups.com/directory/mywallst/"
"Moocall Sensors","https://www.eu-startups.com/directory/moocall-sensors/"
"Spond","https://www.eu-startups.com/directory/spond-2/"
"MentorPitch","https://www.eu-startups.com/directory/mentorpitch/"
"Castlehaven Finance","https://www.eu-startups.com/directory/castlehaven-finance/"
"Glantus","https://www.eu-startups.com/directory/glantus/"
"Pointy","https://www.eu-startups.com/directory/pointy/"
"Sedicii","https://www.eu-startups.com/directory/sedicii/"
"Taste of Kenya","https://www.eu-startups.com/directory/taste-of-kenya/"
"Ristoranti catania","https://www.eu-startups.com/directory/ristoranti-catania/"
"SalesOptimize","https://www.eu-startups.com/directory/salesoptimize/"
"Bizimply","https://www.eu-startups.com/directory/bizimply/"
"Soapbox Labs","https://www.eu-startups.com/directory/soapbox-labs/"
"Adaptemy","https://www.eu-startups.com/directory/adaptemy/"
"Kitman Labs","https://www.eu-startups.com/directory/kitman-labs/"
"Number Krunch","https://www.eu-startups.com/directory/number-krunch/"
"Keelvar","https://www.eu-startups.com/directory/keelvar/"
"GoContractor","https://www.eu-startups.com/directory/gocontractor/"
"Pharmapod","https://www.eu-startups.com/directory/pharmapod/"
"Exergyn","https://www.eu-startups.com/directory/exergyn/"
"Warewolf Ltd","https://www.eu-startups.com/directory/warewolf-ltd/"
"Boxever","https://www.eu-startups.com/directory/boxever/"
"Bookmate","https://www.eu-startups.com/directory/bookmate/"
"the Origin BackPucker PubbCrawl","https://www.eu-startups.com/directory/the-origin-backpucker-pubbcrawl/"
"Drungli","https://www.eu-startups.com/directory/drungli/"
"Vocalytics","https://www.eu-startups.com/directory/vocalytics/"
"Siren","https://www.eu-startups.com/directory/siren/"
"Junk Kouture","https://www.eu-startups.com/directory/junk-kouture/"
"CurrencyFair","https://www.eu-startups.com/directory/currencyfair/"
"Anchorpoint Interiors","https://www.eu-startups.com/directory/anchorpoint-interiors/"
"KennelBooker","https://www.eu-startups.com/directory/kennelbooker/"
"ScoreBuddyQA","https://www.eu-startups.com/directory/scorebuddyqa/"