name,link
"Traininpink","https://www.eu-startups.com/directory/traininpink/"
"Renovo srl","https://www.eu-startups.com/directory/renovo-srl-2/"
"GridShare","https://www.eu-startups.com/directory/gridshare/"
"ChatGPT Logo","https://www.eu-startups.com/directory/chatgpt-logo/"
"Top Advisor","https://www.eu-startups.com/directory/top-advisor/"
"Cubish","https://www.eu-startups.com/directory/cubish/"
"Xwanderlust","https://www.eu-startups.com/directory/xwanderlust/"
"TheBellBoy srl.","https://www.eu-startups.com/directory/thebellboy-srl/"
"Cora","https://www.eu-startups.com/directory/cora/"
"ALOE","https://www.eu-startups.com/directory/aloe/"
"ArtCentrica","https://www.eu-startups.com/directory/artcentrica/"
"DGtalguide","https://www.eu-startups.com/directory/dgtalguide/"
"The Parks Brand","https://www.eu-startups.com/directory/the-parks-brand/"
"LITLYX","https://www.eu-startups.com/directory/litlyx/"
"IoTag","https://www.eu-startups.com/directory/iotag/"
"Capital AI srl","https://www.eu-startups.com/directory/capital-ai-srl/"
"Lara Translate","https://www.eu-startups.com/directory/lara-translate/"
"BCA Group","https://www.eu-startups.com/directory/bca-group/"
"BCA Group","https://www.eu-startups.com/directory/bca-group/"
"Reconstruct","https://www.eu-startups.com/directory/reconstruct/"
"Renovo","https://www.eu-startups.com/directory/renovo/"
"ScootOver","https://www.eu-startups.com/directory/scootover/"
"HuKnow | Human Knowledge online now","https://www.eu-startups.com/directory/huknow-human-knowledge-online-now/"
"Eloisa Technologies","https://www.eu-startups.com/directory/eloisa-technologies/"
"LF EduTech","https://www.eu-startups.com/directory/lf-edutech/"
"Sentric","https://www.eu-startups.com/directory/sentric/"
"WeShort","https://www.eu-startups.com/directory/weshort/"
"THE HOUSE FARMER","https://www.eu-startups.com/directory/the-house-farmer/"
"Myndoor","https://www.eu-startups.com/directory/myndoor/"
"Sea the Change","https://www.eu-startups.com/directory/sea-the-change/"
"ISUAL","https://www.eu-startups.com/directory/isual/"
"Finanz","https://www.eu-startups.com/directory/finanz/"
"Discentis","https://www.eu-startups.com/directory/discentis/"
"Zephorum","https://www.eu-startups.com/directory/zephorum/"
"Niverbec","https://www.eu-startups.com/directory/niverbec/"
"Smarchef","https://www.eu-startups.com/directory/smarchef/"
"lit","https://www.eu-startups.com/directory/lit/"
"ResilientX Security","https://www.eu-startups.com/directory/resilientx-security/"
"OneGrab","https://www.eu-startups.com/directory/onegrab/"
"Aicha","https://www.eu-startups.com/directory/aicha/"
"Gau","https://www.eu-startups.com/directory/gau/"
"MorseVerse","https://www.eu-startups.com/directory/morseverse/"
"PlayNook","https://www.eu-startups.com/directory/playnook/"
"Icarus","https://www.eu-startups.com/directory/icarus/"
"BM Diagnostics","https://www.eu-startups.com/directory/bm-diagnostics/"
"Aurea Hub","https://www.eu-startups.com/directory/aurea-hub/"
"Ampero","https://www.eu-startups.com/directory/ampero/"
"GeneSys Bio","https://www.eu-startups.com/directory/genesys-bio/"
"Through Tech","https://www.eu-startups.com/directory/through-tech/"
"VirtualE","https://www.eu-startups.com/directory/virtuale/"
"20Seconds","https://www.eu-startups.com/directory/20seconds/"
"snAIke","https://www.eu-startups.com/directory/snaike/"
"Exvirience","https://www.eu-startups.com/directory/exvirience/"
"LOKI","https://www.eu-startups.com/directory/loki/"
"Ride2share","https://www.eu-startups.com/directory/ride2share/"
"Stageflow","https://www.eu-startups.com/directory/stageflow/"
"StaffMotion","https://www.eu-startups.com/directory/staffmotion/"
"Trusted Beans","https://www.eu-startups.com/directory/trusted-beans/"
"Cosmo","https://www.eu-startups.com/directory/cosmo/"
"Cyrillic","https://www.eu-startups.com/directory/cyrillic/"
"Pausetiv","https://www.eu-startups.com/directory/pausetiv/"
"Studdy","https://www.eu-startups.com/directory/studdy/"
"Wholetech","https://www.eu-startups.com/directory/wholetech/"
"KFG Products","https://www.eu-startups.com/directory/kfg-products/"
"Klaaryo","https://www.eu-startups.com/directory/klaaryo/"
"Grateful","https://www.eu-startups.com/directory/grateful/"
"Bandit","https://www.eu-startups.com/directory/bandit/"
"Tailoor.com","https://www.eu-startups.com/directory/tailoor.com"
"NanoBiomica","https://www.eu-startups.com/directory/nanobiomica/"
"stakeshare","https://www.eu-startups.com/directory/stakeshare/"
"MaPott","https://www.eu-startups.com/directory/mapott/"
"Comestai","https://www.eu-startups.com/directory/comestai/"
"Plutonios","https://www.eu-startups.com/directory/plutonios/"
"GeoRide","https://www.eu-startups.com/directory/georide/"
"Carbonfly","https://www.eu-startups.com/directory/carbonfly/"
"Deplotic","https://www.eu-startups.com/directory/deplotic/"
"Anostra","https://www.eu-startups.com/directory/anostra/"
"Alpha Wearables","https://www.eu-startups.com/directory/alpha-wearables/"
"Guardcyber","https://www.eu-startups.com/directory/guardcyber/"
"Starview","https://www.eu-startups.com/directory/starview/"
"doctorhouse","https://www.eu-startups.com/directory/doctorhouse/"
"Mnsimu","https://www.eu-startups.com/directory/mnsimu/"
"MakerBox","https://www.eu-startups.com/directory/makerbox/"
"Rosmami","https://www.eu-startups.com/directory/rosmami/"
"Micropedia","https://www.eu-startups.com/directory/micropedia/"
"Troniex Technologies","https://www.eu-startups.com/directory/troniex-technologies/"
"FiscoGenio AI","https://www.eu-startups.com/directory/fiscogenio-ai/"
"AI Cartoon Generator","https://www.eu-startups.com/directory/ai-cartoon-generator/"
"Bikinilista","https://www.eu-startups.com/directory/bikinilista/"
"Renovo srl","https://www.eu-startups.com/directory/renovo-srl/"
"ETAK","https://www.eu-startups.com/directory/etak/"
"BarBot","https://www.eu-startups.com/directory/barbot/"
"Founders Firm","https://www.eu-startups.com/directory/founders-firm/"
"Lumigo","https://www.eu-startups.com/directory/lumigo/"
"AI Cartoon Generator","https://www.eu-startups.com/directory/ai-cartoon-generator/"
"STARTEX AI","https://www.eu-startups.com/directory/startex-ai/"
"AllStent","https://www.eu-startups.com/directory/allstent/"
"Jobiri.com","https://www.eu-startups.com/directory/jobiri.com"
"Alessio Sbrana","https://www.eu-startups.com/directory/alessio-sbrana/"
"Jidoka Studio","https://www.eu-startups.com/directory/jidoka-studio/"
"WormApp LogiCity","https://www.eu-startups.com/directory/wormapp-logicity/"
"Scrapegraphai","https://www.eu-startups.com/directory/scrapegraphai/"
"Fitporn SRL","https://www.eu-startups.com/directory/fitporn-srl/"
"Courage Production Milan","https://www.eu-startups.com/directory/courage-production-milan/"
"Cerca Commercialista","https://www.eu-startups.com/directory/cerca-commercialista/"
"Crinon srl","https://www.eu-startups.com/directory/crinon-srl/"
"Anoma","https://www.eu-startups.com/directory/anoma/"
"JB Richard Group","https://www.eu-startups.com/directory/jb-richard-group/"
"CodeBeaver","https://www.eu-startups.com/directory/codebeaver/"
"Inspector.dev","https://www.eu-startups.com/directory/inspector.dev"
"Decipher SEO","https://www.eu-startups.com/directory/decipher-seo/"
"Table Prime","https://www.eu-startups.com/directory/table-prime/"
"Pet Sprint","https://www.eu-startups.com/directory/pet-sprint/"
"Next Digital Platform","https://www.eu-startups.com/directory/next-digital-platform/"
"Animotico","https://www.eu-startups.com/directory/animotico/"
"Turbo Generate","https://www.eu-startups.com/directory/turbo-generate/"
"3DtoMe","https://www.eu-startups.com/directory/3dtome/"
"Invisible Block Inc. (Cointimes)","https://www.eu-startups.com/directory/invisible-block-inc-cointimes/"
"Quidget","https://www.eu-startups.com/directory/quidget/"
"ARTup","https://www.eu-startups.com/directory/artup/"
"InstantAPI.ai","https://www.eu-startups.com/directory/instantapiai/"
"h4uni","https://www.eu-startups.com/directory/h4uni/"
"Pagination.com","https://www.eu-startups.com/directory/pagination.com"
"BlackTwist","https://www.eu-startups.com/directory/blacktwist/"
"Ashdeck","https://www.eu-startups.com/directory/ashdeck/"
"Ashdeck","https://www.eu-startups.com/directory/ashdeck/"
"Ad Calculators","https://www.eu-startups.com/directory/ad-calculators/"
"WPE Research and Development","https://www.eu-startups.com/directory/wpe-research-and-development/"
"WillEasy","https://www.eu-startups.com/directory/willeasy/"
"VESevo","https://www.eu-startups.com/directory/vesevo/"
"VCD MEDICALVCD MEDICAL","https://www.eu-startups.com/directory/vcd-medicalvcd-medical/"
"Stratobotic","https://www.eu-startups.com/directory/stratobotic/"
"SpaceMotionery","https://www.eu-startups.com/directory/spacemotionery/"
"Sortie Cargo","https://www.eu-startups.com/directory/sortie-cargo/"
"Sealivery","https://www.eu-startups.com/directory/sealivery/"
"ReHouseit","https://www.eu-startups.com/directory/rehouseit/"
"RECO2","https://www.eu-startups.com/directory/reco2/"
"RAREARTH","https://www.eu-startups.com/directory/rarearth/"
"Osmium Italy","https://www.eu-startups.com/directory/osmium-italy/"
"Orbital Outpost Italy","https://www.eu-startups.com/directory/orbital-outpost-italy/"
"Novac","https://www.eu-startups.com/directory/novac/"
"Foodentyco.it","https://www.eu-startups.com/directory/foodentycoit/"
"Movopack","https://www.eu-startups.com/directory/movopack/"
"MON5","https://www.eu-startups.com/directory/mon5/"
"Lokit","https://www.eu-startups.com/directory/lokit/"
"levelQuantum","https://www.eu-startups.com/directory/levelquantum/"
"Lebiu","https://www.eu-startups.com/directory/lebiu/"
"Leasy","https://www.eu-startups.com/directory/leasy/"
"Kinsect","https://www.eu-startups.com/directory/kinsect/"
"Katakem","https://www.eu-startups.com/directory/katakem/"
"Involve Space","https://www.eu-startups.com/directory/involve-space/"
"Green Independence","https://www.eu-startups.com/directory/green-independence/"
"Evening","https://www.eu-startups.com/directory/evening/"
"Barter","https://www.eu-startups.com/directory/barter/"
"Focoos AI","https://www.eu-startups.com/directory/focoos-ai/"
"Displaid","https://www.eu-startups.com/directory/displaid/"
"DBSpace","https://www.eu-startups.com/directory/dbspace/"
"Conversence","https://www.eu-startups.com/directory/conversence/"
"CoDe_RTD","https://www.eu-startups.com/directory/code_rtd/"
"Betadynamiq","https://www.eu-startups.com/directory/betadynamiq/"
"ARCA Dynamics","https://www.eu-startups.com/directory/arca-dynamics/"
"Alteredu.it","https://www.eu-startups.com/directory/altereduit/"
"Airizon","https://www.eu-startups.com/directory/airizon/"
"Vitruvian VR","https://www.eu-startups.com/directory/vitruvian-vr/"
"UTwin","https://www.eu-startups.com/directory/utwin/"
"SphereCube","https://www.eu-startups.com/directory/spherecube/"
"SaferPLACES","https://www.eu-startups.com/directory/saferplaces/"
"rehub.glass","https://www.eu-startups.com/directory/rehubglass/"
"REA Space","https://www.eu-startups.com/directory/rea-space/"
"PURILIAN","https://www.eu-startups.com/directory/purilian/"
"Northern Light Composites","https://www.eu-startups.com/directory/northern-light-composites/"
"Mangrovia","https://www.eu-startups.com/directory/mangrovia/"
"illuminem","https://www.eu-startups.com/directory/illuminem/"
"Hausme","https://www.eu-startups.com/directory/hausme/"
"Fairbnb","https://www.eu-startups.com/directory/fairbnb/"
"Evometrika","https://www.eu-startups.com/directory/evometrika/"
"Ephos","https://www.eu-startups.com/directory/ephos/"
"Enersem","https://www.eu-startups.com/directory/enersem/"
"DRB","https://www.eu-startups.com/directory/drb/"
"Culturatela","https://www.eu-startups.com/directory/culturatela/"
"Cognivix","https://www.eu-startups.com/directory/cognivix/"
"Coffeefrom","https://www.eu-startups.com/directory/coffeefrom/"
"Circular Fiber","https://www.eu-startups.com/directory/circular-fiber/"
"C-ty.com","https://www.eu-startups.com/directory/c-ty.com"
"BEAWaRe","https://www.eu-startups.com/directory/beaware/"
"AraBat srl","https://www.eu-startups.com/directory/arabat-srl/"
"Space Frontier","https://www.eu-startups.com/directory/space-frontier/"
"ExpoAlert","https://www.eu-startups.com/directory/expoalert/"
"FreedHome","https://www.eu-startups.com/directory/freedhome/"
"Only Sardinia Autonoleggio","https://www.eu-startups.com/directory/only-sardinia-autonoleggio/"
"DART Studios","https://www.eu-startups.com/directory/dart-studios/"
"Voidless","https://www.eu-startups.com/directory/voidless/"
"Resalis Therapeutics","https://www.eu-startups.com/directory/resalis-therapeutics/"
"Non-Profit & Philanthropy","https://www.eu-startups.com/directory/non-profit-philanthropy/"
"Aptus.AI","https://www.eu-startups.com/directory/aptusai/"
"Guidoio","https://www.eu-startups.com/directory/guidoio/"
"Kurs Orbital","https://www.eu-startups.com/directory/kurs-orbital/"
"Talentware","https://www.eu-startups.com/directory/talentware/"
"Cellply","https://www.eu-startups.com/directory/cellply/"
"BeDimensional","https://www.eu-startups.com/directory/bedimensional/"
"Cleafy","https://www.eu-startups.com/directory/cleafy/"
"Lithium Lasers","https://www.eu-startups.com/directory/lithium-lasers/"
"Futura","https://www.eu-startups.com/directory/futura/"
"Workers BADGE","https://www.eu-startups.com/directory/workers-badge/"
"Billoo","https://www.eu-startups.com/directory/billoo/"
"brandplane","https://www.eu-startups.com/directory/brandplane/"
"Declout","https://www.eu-startups.com/directory/declout/"
"Deempact","https://www.eu-startups.com/directory/deempact/"
"Ethyly","https://www.eu-startups.com/directory/ethyly/"
"Resrcle","https://www.eu-startups.com/directory/resrcle/"
"ResilientX Security","https://www.eu-startups.com/directory/resilientx-security/"
"MYSE: My Sport Exchange","https://www.eu-startups.com/directory/myse-my-sport-exchange/"
"nanea","https://www.eu-startups.com/directory/nanea/"
"PlayNook","https://www.eu-startups.com/directory/playnook/"
"Playerself Labs","https://www.eu-startups.com/directory/playerself-labs/"
"Pigro.ai","https://www.eu-startups.com/directory/pigroai/"
"NOUS","https://www.eu-startups.com/directory/nous/"
"Joinrs","https://www.eu-startups.com/directory/joinrs/"
"Bandit","https://www.eu-startups.com/directory/bandit/"
"SWEE-THY","https://www.eu-startups.com/directory/swee-thy/"
"Jet HR","https://www.eu-startups.com/directory/jet-hr/"
"OLM","https://www.eu-startups.com/directory/olm/"
"Aced sports","https://www.eu-startups.com/directory/aced-sports/"
"Confcommercio Startup Genova","https://www.eu-startups.com/directory/confcommercio-startup-genova/"
"ScreenYourself","https://www.eu-startups.com/directory/screenyourself/"
"KEEEN","https://www.eu-startups.com/directory/keeen/"
"Weply","https://www.eu-startups.com/directory/weply-2/"
"Offjoin","https://www.eu-startups.com/directory/offjoin/"
"ReLearn","https://www.eu-startups.com/directory/relearn-2/"
"Newel Health","https://www.eu-startups.com/directory/newel-health-2/"
"holipay","https://www.eu-startups.com/directory/holipay/"
"Unique Science","https://www.eu-startups.com/directory/unique-science/"
"Vatogo","https://www.eu-startups.com/directory/vatogo/"
"Vuit","https://www.eu-startups.com/directory/vuit/"
"Five Elements Labs","https://www.eu-startups.com/directory/five-elements-labs/"
"FidoRent","https://www.eu-startups.com/directory/fidorent/"
"Eudrop","https://www.eu-startups.com/directory/eudrop/"
"Eoliann","https://www.eu-startups.com/directory/eoliann/"
"Elettrica Wave","https://www.eu-startups.com/directory/elettrica-wave/"
"Deckx","https://www.eu-startups.com/directory/deckx/"
"Congrify","https://www.eu-startups.com/directory/congrify/"
"CoinFlow","https://www.eu-startups.com/directory/coinflow/"
"Your Call System","https://www.eu-startups.com/directory/your-call-system/"
"ZEPHYR","https://www.eu-startups.com/directory/zephyr/"
"Botshelf.ai","https://www.eu-startups.com/directory/botshelf-ai/"
"Zeroo Pay","https://www.eu-startups.com/directory/zeroo-pay/"
"Zonzers","https://www.eu-startups.com/directory/zonzers/"
"Dotting","https://www.eu-startups.com/directory/dotting/"
"Apeiron Lab Technology","https://www.eu-startups.com/directory/apeiron-lab-technology/"
"Centro Merida","https://www.eu-startups.com/directory/centro-merida/"
"Builder-IT","https://www.eu-startups.com/directory/builder-it/"
"Bugpilot","https://www.eu-startups.com/directory/bugpilot/"
"BUFAGA","https://www.eu-startups.com/directory/bufaga/"
"32BIT","https://www.eu-startups.com/directory/32bit/"
"360TRACK","https://www.eu-startups.com/directory/360track/"
"tipbig","https://www.eu-startups.com/directory/tipbig/"
"Hupry","https://www.eu-startups.com/directory/hupry/"
"Pelrio SRL","https://www.eu-startups.com/directory/pelrio-srl/"
"Infinity Electric Energy","https://www.eu-startups.com/directory/infinity-electric-energy/"
"CyLock","https://www.eu-startups.com/directory/cylock/"
"BOS5","https://www.eu-startups.com/directory/bos5/"
"Baky","https://www.eu-startups.com/directory/baky/"
"Pappe","https://www.eu-startups.com/directory/pappe-srl/"
"Pigro","https://www.eu-startups.com/directory/pigro-2/"
"Poleepo","https://www.eu-startups.com/directory/poleepo/"
"SANEVO","https://www.eu-startups.com/directory/sanevo/"
"Playerself","https://www.eu-startups.com/directory/playerself/"
"Sblam","https://www.eu-startups.com/directory/sblam/"
"PausePay","https://www.eu-startups.com/directory/pausepay/"
"Partseeker","https://www.eu-startups.com/directory/partseeker/"
"Paperbox Health","https://www.eu-startups.com/directory/paperbox-health/"
"Palabra","https://www.eu-startups.com/directory/palabra/"
"Senior Safety","https://www.eu-startups.com/directory/senior-safety/"
"OneMessage.Chat","https://www.eu-startups.com/directory/onemessage-chat/"
"One Transcriber","https://www.eu-startups.com/directory/one-transcriber/"
"ONE-SYS","https://www.eu-startups.com/directory/one-sys/"
"Omnigrasp","https://www.eu-startups.com/directory/omnigrasp/"
"Shop3","https://www.eu-startups.com/directory/shop3/"
"Offr Italia","https://www.eu-startups.com/directory/offr-italia/"
"Tuduu","https://www.eu-startups.com/directory/tuduu/"
"NotOnlyDesk","https://www.eu-startups.com/directory/notonlydesk/"
"Sinergy Flow","https://www.eu-startups.com/directory/sinergy-flow/"
"Sisterly","https://www.eu-startups.com/directory/sisterly/"
"SNX Company","https://www.eu-startups.com/directory/snx-company/"
"Sourcemate","https://www.eu-startups.com/directory/sourcemate/"
"Starcks","https://www.eu-startups.com/directory/starcks/"
"Steel","https://www.eu-startups.com/directory/steel/"
"Storykube","https://www.eu-startups.com/directory/storykube/"
"Neyen","https://www.eu-startups.com/directory/neyen/"
"Needleye Robotics","https://www.eu-startups.com/directory/needleye-robotics/"
"Synapsia-AI","https://www.eu-startups.com/directory/synapsia-ai/"
"Takyon","https://www.eu-startups.com/directory/takyon/"
"Textura 3D","https://www.eu-startups.com/directory/textura-3d/"
"The originals","https://www.eu-startups.com/directory/the-originals/"
"Morelli Tech","https://www.eu-startups.com/directory/morelli-tech/"
"Moovegreen","https://www.eu-startups.com/directory/moovegreen/"
"MoodWood","https://www.eu-startups.com/directory/moodwood/"
"Hotiday","https://www.eu-startups.com/directory/hotiday/"
"Homsai","https://www.eu-startups.com/directory/homsai/"
"HMDrive","https://www.eu-startups.com/directory/hmdrive/"
"Heco","https://www.eu-startups.com/directory/heco/"
"Growy","https://www.eu-startups.com/directory/growy/"
"Value Matters","https://www.eu-startups.com/directory/value-matters/"
"SavingBud","https://www.eu-startups.com/directory/savingbud/"
"Sibill","https://www.eu-startups.com/directory/sibill/"
"TechStar","https://www.eu-startups.com/directory/techstar/"
"Teta","https://www.eu-startups.com/directory/teta/"
"Treepli","https://www.eu-startups.com/directory/treepli/"
"17tons","https://www.eu-startups.com/directory/17tons/"
"‘NA PIZZA NAPOLETANA SRL","https://www.eu-startups.com/directory/na-pizza-napoletana-srl/"
"Plasma Dynamics","https://www.eu-startups.com/directory/plasma-dynamics-srl/"
"AstraKode","https://www.eu-startups.com/directory/astrakode/"
"Akiflow","https://www.eu-startups.com/directory/akiflow-2/"
"Prevenzione a Tavola","https://www.eu-startups.com/directory/prevenzione-a-tavola/"
"BotSpace","https://www.eu-startups.com/directory/botspace/"
"RE49","https://www.eu-startups.com/directory/re49/"
"Asters","https://www.eu-startups.com/directory/asters/"
"Codelia","https://www.eu-startups.com/directory/codelia/"
"Unfia","https://www.eu-startups.com/directory/unfia/"
"Salute in Cloud","https://www.eu-startups.com/directory/salute-in-cloud/"
"AAVantgarde Bio","https://www.eu-startups.com/directory/aavantgarde-bio/"
"Additive Appliances","https://www.eu-startups.com/directory/additive-appliances/"
"PeoplewareAI","https://www.eu-startups.com/directory/peoplewareai/"
"OneGrab","https://www.eu-startups.com/directory/onegrab/"
"Komete","https://www.eu-startups.com/directory/komete/"
"Grycle","https://www.eu-startups.com/directory/grycle/"
"Fuji Computer","https://www.eu-startups.com/directory/fuji-computer/"
"ReLOG3P","https://www.eu-startups.com/directory/relog3p-reshaping-logistics-aiming-for-3p-people-planet-prosperity/"
"Plugs","https://www.eu-startups.com/directory/plugs/"
"Enerbrain","https://www.eu-startups.com/directory/enerbrain/"
"Cosmic","https://www.eu-startups.com/directory/cosmic/"
"Composite Research","https://www.eu-startups.com/directory/composite-research/"
"DeltalogiX","https://www.eu-startups.com/directory/deltalogix-s-r-l/"
"Linework Italia","https://www.eu-startups.com/directory/linework-italia/"
"Lualtek","https://www.eu-startups.com/directory/lualtek/"
"Indaco","https://www.eu-startups.com/directory/indaco/"
"Mexedia","https://www.eu-startups.com/directory/mexedia/"
"Her-Age","https://www.eu-startups.com/directory/her-age/"
"NetZero","https://www.eu-startups.com/directory/netzero/"
"Glivee","https://www.eu-startups.com/directory/glivee/"
"Gardant","https://www.eu-startups.com/directory/gardant/"
"Forward Factory","https://www.eu-startups.com/directory/forward-factory/"
"Onetap","https://www.eu-startups.com/directory/onetap/"
"Folks Finance","https://www.eu-startups.com/directory/folks-finance/"
"orson","https://www.eu-startups.com/directory/orson/"
"FinTech Labs","https://www.eu-startups.com/directory/fintech-labs/"
"Paladin","https://www.eu-startups.com/directory/paladin/"
"Perfect Food","https://www.eu-startups.com/directory/perfect-food/"
"FantaTrading","https://www.eu-startups.com/directory/fantatrading/"
"Plasma Dynamics","https://www.eu-startups.com/directory/plasma-dynamics-srl-2/"
"Popseekl","https://www.eu-startups.com/directory/popseekl/"
"Empethy","https://www.eu-startups.com/directory/empethy/"
"Prevenzione a Tavola","https://www.eu-startups.com/directory/prevenzione-a-tavola-2/"
"ReLearn","https://www.eu-startups.com/directory/relearn/"
"Ristocall","https://www.eu-startups.com/directory/ristocall/"
"Drip","https://www.eu-startups.com/directory/drip/"
"Dootbox","https://www.eu-startups.com/directory/dootbox/"
"D4RE","https://www.eu-startups.com/directory/d4re/"
"Slatt Agency","https://www.eu-startups.com/directory/slatt-agency/"
"Convforth srl","https://www.eu-startups.com/directory/convforth-srl/"
"Stoik","https://www.eu-startups.com/directory/stoik/"
"STEP 4 Business","https://www.eu-startups.com/directory/step-4-business/"
"StartupGym Studio","https://www.eu-startups.com/directory/startupgym-studio/"
"RemoteAccessPRO","https://www.eu-startups.com/directory/remoteaccesspro-s-r-l/"
"Strelka Games","https://www.eu-startups.com/directory/strelka-games/"
"Thuja Ethical Antidote","https://www.eu-startups.com/directory/thuja-ethical-antidote/"
"Treccani Futura","https://www.eu-startups.com/directory/treccani-futura/"
"Awarepath","https://www.eu-startups.com/directory/awarepath/"
"AutoRevol","https://www.eu-startups.com/directory/autorevol/"
"Aelium","https://www.eu-startups.com/directory/aelium/"
"The Techshop","https://www.eu-startups.com/directory/the-techshop/"
"Bantoa","https://www.eu-startups.com/directory/bantoa/"
"Butterfly Decisions","https://www.eu-startups.com/directory/butterfly-decisions-srl/"
"Argo Partners","https://www.eu-startups.com/directory/argo-partners/"
"almadom.us","https://www.eu-startups.com/directory/almadom-us/"
"Zick Learn","https://www.eu-startups.com/directory/zick-learn/"
"200crowd","https://www.eu-startups.com/directory/200crowd/"
"Must Had","https://www.eu-startups.com/directory/must-had/"
"IN-PLACE","https://www.eu-startups.com/directory/in-place/"
"Maecenatis Art Experiences","https://www.eu-startups.com/directory/maecenatis-art-experiences/"
"Green Growth Generation","https://www.eu-startups.com/directory/green-growth-generation/"
"Place2Be","https://www.eu-startups.com/directory/place2be/"
"Family+Happy","https://www.eu-startups.com/directory/familyhappy/"
"Exporium","https://www.eu-startups.com/directory/exporium/"
"Bestie Bite","https://www.eu-startups.com/directory/bestie-bite/"
"Senex","https://www.eu-startups.com/directory/senex/"
"eWibe","https://www.eu-startups.com/directory/ewibe-srl/"
"Zwap","https://www.eu-startups.com/directory/zwap-2/"
"DataFusion","https://www.eu-startups.com/directory/datafusion/"
"Friends2Hire","https://www.eu-startups.com/directory/friends2hire-your-talent-referral-marketplace/"
"Bikeflip","https://www.eu-startups.com/directory/bikeflip/"
"WhoTeach","https://www.eu-startups.com/directory/whoteach/"
"GRLS","https://www.eu-startups.com/directory/grls/"
"Dokless","https://www.eu-startups.com/directory/dokless/"
"Dafne","https://www.eu-startups.com/directory/dafne/"
"Mistral Digital Solutions","https://www.eu-startups.com/directory/mistral-digital-solutions/"
"AudienceScout","https://www.eu-startups.com/directory/audiencescout/"
"PickEat","https://www.eu-startups.com/directory/pickeat-2/"
"Hacking Talents","https://www.eu-startups.com/directory/hacking-talents/"
"TrueScreen","https://www.eu-startups.com/directory/truescreen-your-trusted-digital-truth/"
"Clicmon","https://www.eu-startups.com/directory/clicmon/"
"Clinichop.com","https://www.eu-startups.com/directory/clinichop-com/"
"Glassfy","https://www.eu-startups.com/directory/glassfy/"
"Genivs Loci","https://www.eu-startups.com/directory/genivs-loci/"
"Futura Law Firm","https://www.eu-startups.com/directory/futura-law-firm/"
"Cyberneid","https://www.eu-startups.com/directory/cyberneid/"
"Clipster","https://www.eu-startups.com/directory/clipster/"
"Linework","https://www.eu-startups.com/directory/linework/"
"Minerva Systems","https://www.eu-startups.com/directory/minerva-systems/"
"Mopso","https://www.eu-startups.com/directory/mopso/"
"Musealo","https://www.eu-startups.com/directory/musealo/"
"NIDO","https://www.eu-startups.com/directory/nido-2/"
"Nextalia","https://www.eu-startups.com/directory/nextalia/"
"Nonna Gina","https://www.eu-startups.com/directory/nonna-gina/"
"Ocean Marketing","https://www.eu-startups.com/directory/ocean-marketing/"
"PickEat","https://www.eu-startups.com/directory/pickeat/"
"Pixies","https://www.eu-startups.com/directory/pixies/"
"Emotion Network","https://www.eu-startups.com/directory/emotion-network/"
"Hi-Fiber by Moi Dental","https://www.eu-startups.com/directory/hi-fiber-by-moi-dental-srl/"
"tot.","https://www.eu-startups.com/directory/tot/"
"CoDe_RTD","https://www.eu-startups.com/directory/code_rtd/"
"Carl","https://www.eu-startups.com/directory/carl/"
"Borea Therapeutics","https://www.eu-startups.com/directory/borea-therapeutics/"
"Babaco Market","https://www.eu-startups.com/directory/babaco-market/"
"B Holding","https://www.eu-startups.com/directory/b-holding/"
"Retlas","https://www.eu-startups.com/directory/retlas/"
"LABELSCOIN BLOCKCHAIN S.R.L.","https://www.eu-startups.com/directory/labelscoin-blockchain-s-r-l/"
"Ocoya","https://www.eu-startups.com/directory/ocoya/"
"Neediee","https://www.eu-startups.com/directory/neediee/"
"Cargoful","https://www.eu-startups.com/directory/cargoful/"
"Tiledesk","https://www.eu-startups.com/directory/tiledesk/"
"EDT PROJECT","https://www.eu-startups.com/directory/edt-project-research-investors-equity-funds-pilot-line-edt/"
"Startup Bakery","https://www.eu-startups.com/directory/startup-bakery/"
"WHATaECO | Purchase with a purpose","https://www.eu-startups.com/directory/whataeco-purchase-with-a-purpose/"
"SEETALABS","https://www.eu-startups.com/directory/seetalabs/"
"Atelier Riforma","https://www.eu-startups.com/directory/atelier-riforma/"
"Sensoworks","https://www.eu-startups.com/directory/sensoworks/"
"Witty","https://www.eu-startups.com/directory/witty-2/"
"SafePls","https://www.eu-startups.com/directory/safepls/"
"BuzzBee","https://www.eu-startups.com/directory/buzzbee/"
"Zext","https://www.eu-startups.com/directory/zext/"
"FIRE Investment","https://www.eu-startups.com/directory/fire-investment/"
"IntelliHearts","https://www.eu-startups.com/directory/intellihearts/"
"Nimbo Jobs","https://www.eu-startups.com/directory/nimbo-jobs/"
"MUGO","https://www.eu-startups.com/directory/mugo/"
"ORIMOS.DEV","https://www.eu-startups.com/directory/orimos-dev/"
"Trippers","https://www.eu-startups.com/directory/trippers/"
"Macai","https://www.eu-startups.com/directory/macai/"
"Will.World","https://www.eu-startups.com/directory/will-world/"
"Genespire","https://www.eu-startups.com/directory/genespire/"
"1000Farmacie","https://www.eu-startups.com/directory/1000farmacie/"
"Startup Geeks","https://www.eu-startups.com/directory/startup-geeks/"
"SLYMETRIX","https://www.eu-startups.com/directory/slymetrix/"
"Kampaay","https://www.eu-startups.com/directory/kampaay/"
"Biometrica","https://www.eu-startups.com/directory/biometrica/"
"HubWater","https://www.eu-startups.com/directory/hubwater/"
"Ruralis.com","https://www.eu-startups.com/directory/ruralis-com/"
"Likuid","https://www.eu-startups.com/directory/likuid/"
"Jobtech","https://www.eu-startups.com/directory/jobtech/"
"INTA Systems","https://www.eu-startups.com/directory/inta-systems/"
"hlpy","https://www.eu-startups.com/directory/hlpy/"
"Growdressed","https://www.eu-startups.com/directory/growdressed/"
"Snello","https://www.eu-startups.com/directory/snello/"
"Cittando","https://www.eu-startups.com/directory/cittando/"
"landlele","https://www.eu-startups.com/directory/landlele/"
"Julia Portfolio Solutions","https://www.eu-startups.com/directory/julia-portfolio-solutions/"
"intranet.ai","https://www.eu-startups.com/directory/intranet-ai/"
"Melevendi","https://www.eu-startups.com/directory/melevendi/"
"Mine Crime","https://www.eu-startups.com/directory/mine-crime/"
"Nutras","https://www.eu-startups.com/directory/nutras/"
"FintechJobs.Today","https://www.eu-startups.com/directory/fintechjobs-today/"
"Peeki","https://www.eu-startups.com/directory/peeki/"
"PotPot","https://www.eu-startups.com/directory/potpot/"
"Popularapk","https://www.eu-startups.com/directory/popularapk/"
"Process Metronome","https://www.eu-startups.com/directory/process-metronome/"
"EasyDesk","https://www.eu-startups.com/directory/easydesk/"
"Doc Peter","https://www.eu-startups.com/directory/doc-peter/"
"Daleca","https://www.eu-startups.com/directory/daleca/"
"selmedico","https://www.eu-startups.com/directory/selmedico/"
"Sellix","https://www.eu-startups.com/directory/sellix/"
"Sempi","https://www.eu-startups.com/directory/sempi/"
"Cyberangels","https://www.eu-startups.com/directory/cyberangels/"
"Smart Home Need","https://www.eu-startups.com/directory/smart-home-need/"
"Civitavecchia Shuttle","https://www.eu-startups.com/directory/civitavecchia-shuttle/"
"Studio Makoto Agenzia di Marketing e Comunicazione","https://www.eu-startups.com/directory/studio-makoto-agenzia-di-marketing-e-comunicazione/"
"The Paac","https://www.eu-startups.com/directory/the-paac/"
"Candle Street","https://www.eu-startups.com/directory/candle-street/"
"Calton","https://www.eu-startups.com/directory/calton/"
"This Unique","https://www.eu-startups.com/directory/this-unique/"
"Buildnn","https://www.eu-startups.com/directory/buildnn/"
"Bowlpros","https://www.eu-startups.com/directory/bowlpros/"
"Boold AI","https://www.eu-startups.com/directory/boold-ai/"
"Titanium Challenge","https://www.eu-startups.com/directory/titanium-challenge/"
"Trusty","https://www.eu-startups.com/directory/trusty/"
"Automyo","https://www.eu-startups.com/directory/automyo/"
"Ubique Fashion","https://www.eu-startups.com/directory/ubique-fashion/"
"Unobravo","https://www.eu-startups.com/directory/unobravo/"
"Vado","https://www.eu-startups.com/directory/vado/"
"Vindome","https://www.eu-startups.com/directory/vindome/"
"Wallife","https://www.eu-startups.com/directory/wallife/"
"w.academy","https://www.eu-startups.com/directory/w-academy/"
"WH","https://www.eu-startups.com/directory/wh-2/"
"AIRPROXY","https://www.eu-startups.com/directory/airproxy/"
"X – ENDER","https://www.eu-startups.com/directory/x-ender/"
"Yogaze","https://www.eu-startups.com/directory/yogaze/"
"Cantieri Digitali Medtech","https://www.eu-startups.com/directory/cantieri-digitali-medtech/"
"Blink Last Mile","https://www.eu-startups.com/directory/blink-last-mile/"
"BCode","https://www.eu-startups.com/directory/bcode/"
"Babaco Babaco","https://www.eu-startups.com/directory/babaco-babaco/"
"Up2You","https://www.eu-startups.com/directory/up2you/"
"Upwire","https://www.eu-startups.com/directory/upwire/"
"ASC27","https://www.eu-startups.com/directory/asc27/"
"Aroundrs","https://www.eu-startups.com/directory/aroundrs/"
"commercioVirtuoso.it","https://www.eu-startups.com/directory/commerciovirtuoso-it/"
"2Watch","https://www.eu-startups.com/directory/2watch/"
"imok","https://www.eu-startups.com/directory/imok/"
"Block Buy","https://www.eu-startups.com/directory/block-buy/"
"My Social Collection","https://www.eu-startups.com/directory/my-social-collection/"
"Puki Technologies","https://www.eu-startups.com/directory/puki-technologies/"
"TimeFlow","https://www.eu-startups.com/directory/timeflow/"
"The Spiritual Machine","https://www.eu-startups.com/directory/the-spiritual-machine/"
"Covision Quality","https://www.eu-startups.com/directory/covision-quality/"
"Allbora","https://www.eu-startups.com/directory/allbora/"
"Appcycled","https://www.eu-startups.com/directory/appcycled/"
"Callisia","https://www.eu-startups.com/directory/callisia/"
"SLYMETRIX","https://www.eu-startups.com/directory/slymetrix-srl/"
"Carchain SRL","https://www.eu-startups.com/directory/carchain-srl/"
"SELMEDICO","https://www.eu-startups.com/directory/selmedico-2/"
"Sensosan","https://www.eu-startups.com/directory/sensosan/"
"Will Media","https://www.eu-startups.com/directory/will-media/"
"one30m","https://www.eu-startups.com/directory/one30m/"
"Weagle","https://www.eu-startups.com/directory/weagle/"
"Simpa","https://www.eu-startups.com/directory/simpa/"
"NEURANIX","https://www.eu-startups.com/directory/neuranix/"
"Mapo Tapo","https://www.eu-startups.com/directory/mapo-tapo/"
"Salute360","https://www.eu-startups.com/directory/salute360/"
"Deix srl","https://www.eu-startups.com/directory/deix-srl/"
"Impus","https://www.eu-startups.com/directory/impus/"
"RestWorld","https://www.eu-startups.com/directory/restworld/"
"Stardust","https://www.eu-startups.com/directory/stardust/"
"SkillStageS","https://www.eu-startups.com/directory/skillstages/"
"Reasoned Art","https://www.eu-startups.com/directory/reasoned-art/"
"Rawstone","https://www.eu-startups.com/directory/rawstone/"
"Gamindo","https://www.eu-startups.com/directory/gamindo/"
"Inxpect","https://www.eu-startups.com/directory/inxpect/"
"1000Farmacie","https://www.eu-startups.com/directory/1000farmacie-2/"
"AideXa","https://www.eu-startups.com/directory/aidexa/"
"nie","https://www.eu-startups.com/directory/nie/"
"Parentsmile","https://www.eu-startups.com/directory/parentsmile/"
"OTO","https://www.eu-startups.com/directory/oto/"
"Korebi","https://www.eu-startups.com/directory/korebi/"
"Kaaja","https://www.eu-startups.com/directory/kaaja/"
"Ittinsect","https://www.eu-startups.com/directory/ittinsect/"
"Innoracle","https://www.eu-startups.com/directory/innoracle/"
"Gruppo Florence","https://www.eu-startups.com/directory/gruppo-florence/"
"ForeQuest","https://www.eu-startups.com/directory/forequest/"
"OpenBar","https://www.eu-startups.com/directory/openbar/"
"Metricscreen","https://www.eu-startups.com/directory/metricscreen/"
"OpenStudio","https://www.eu-startups.com/directory/openstudio-business-management-software-all-in-one/"
"Imprice","https://www.eu-startups.com/directory/imprice/"
"Monophases","https://www.eu-startups.com/directory/monophases-srl/"
"Groupbmore","https://www.eu-startups.com/directory/groupbmore/"
"SkyCasa.it","https://www.eu-startups.com/directory/skycasa-it/"
"The Startup Club","https://www.eu-startups.com/directory/the-startup-club/"
"Wrento","https://www.eu-startups.com/directory/wrento/"
"Cleverpod","https://www.eu-startups.com/directory/cleverpod/"
"ZeroCO2","https://www.eu-startups.com/directory/zeroco2/"
"Epsilen Bio","https://www.eu-startups.com/directory/epsilen-bio/"
"tal&dev","https://www.eu-startups.com/directory/taldev/"
"Horavision","https://www.eu-startups.com/directory/horavision/"
"Usophy","https://www.eu-startups.com/directory/usophy/"
"Wibo","https://www.eu-startups.com/directory/wibo/"
"DX Medical Solutions","https://www.eu-startups.com/directory/dx-medical-solutions/"
"ViteSicure","https://www.eu-startups.com/directory/vitesicure/"
"iProd","https://www.eu-startups.com/directory/iprod/"
"La Semaine Paris","https://www.eu-startups.com/directory/la-semaine-paris/"
"Leonard","https://www.eu-startups.com/directory/leonard/"
"Jojolly","https://www.eu-startups.com/directory/jojolly/"
"IUV","https://www.eu-startups.com/directory/iuv/"
"MedSniper","https://www.eu-startups.com/directory/medsniper/"
"Ingenium Education","https://www.eu-startups.com/directory/ingenium-education/"
"Meeters","https://www.eu-startups.com/directory/meeters/"
"Inferendo","https://www.eu-startups.com/directory/inferendo-2/"
"Huxelerate","https://www.eu-startups.com/directory/huxelerate/"
"Musify","https://www.eu-startups.com/directory/musify-2/"
"Nibol","https://www.eu-startups.com/directory/nibol/"
"OMECS","https://www.eu-startups.com/directory/omecs/"
"ONO Exponential Farming","https://www.eu-startups.com/directory/ono-exponential-farming/"
"Freedome","https://www.eu-startups.com/directory/freedome/"
"MUSIFY","https://www.eu-startups.com/directory/musify/"
"Piantando","https://www.eu-startups.com/directory/piantando/"
"FlowPay","https://www.eu-startups.com/directory/flowpay/"
"PunchLab","https://www.eu-startups.com/directory/punchlab/"
"Existo","https://www.eu-startups.com/directory/existo/"
"Etilika","https://www.eu-startups.com/directory/etilika/"
"Divinea","https://www.eu-startups.com/directory/divinea/"
"Dog Heroes","https://www.eu-startups.com/directory/dog-heroes/"
"Sicuro Food","https://www.eu-startups.com/directory/sicuro-food/"
"Covision Lab","https://www.eu-startups.com/directory/covision-lab/"
"Confirmo","https://www.eu-startups.com/directory/confirmo/"
"SQUARE","https://www.eu-startups.com/directory/square/"
"tal&dev","https://www.eu-startups.com/directory/taldev-2/"
"Koral Technologies","https://www.eu-startups.com/directory/koral-technologies/"
"Libero Social","https://www.eu-startups.com/directory/libero-social/"
"Kanban One","https://www.eu-startups.com/directory/kanban-one/"
"Medicilio","https://www.eu-startups.com/directory/medicilio/"
"isendu","https://www.eu-startups.com/directory/isendu/"
"it’s campus","https://www.eu-startups.com/directory/its-campus/"
"Influencee","https://www.eu-startups.com/directory/influencee/"
"Memento Labs","https://www.eu-startups.com/directory/memento-labs/"
"Metodo","https://www.eu-startups.com/directory/metodo/"
"Mirta","https://www.eu-startups.com/directory/mirta/"
"MIPRONS","https://www.eu-startups.com/directory/miprons/"
"myMeta","https://www.eu-startups.com/directory/mymeta/"
"Guestoodo","https://www.eu-startups.com/directory/guestoodo/"
"Natural Index","https://www.eu-startups.com/directory/natural-index/"
"neuno","https://www.eu-startups.com/directory/neuno/"
"NEXTON","https://www.eu-startups.com/directory/nexton/"
"GLP4","https://www.eu-startups.com/directory/glp4/"
"Genuino","https://www.eu-startups.com/directory/genuino/"
"GeekandJob","https://www.eu-startups.com/directory/geekandjob/"
"Gaia My Friend","https://www.eu-startups.com/directory/gaia-my-friend/"
"FoxRent","https://www.eu-startups.com/directory/foxrent/"
"Foreal","https://www.eu-startups.com/directory/foreal/"
"Oral3D","https://www.eu-startups.com/directory/oral3d/"
"Flowing","https://www.eu-startups.com/directory/flowing/"
"Orteat","https://www.eu-startups.com/directory/orteat/"
"Overnight","https://www.eu-startups.com/directory/overnight/"
"Finapp","https://www.eu-startups.com/directory/finapp/"
"Petty Well","https://www.eu-startups.com/directory/petty-well/"
"FABA","https://www.eu-startups.com/directory/faba-3/"
"Estro technologies","https://www.eu-startups.com/directory/estro-technologies-s-r-l/"
"Elysium","https://www.eu-startups.com/directory/elysium/"
"React Bricks","https://www.eu-startups.com/directory/react-bricks/"
"RE-Lender","https://www.eu-startups.com/directory/re-lender/"
"Regen Lab France","https://www.eu-startups.com/directory/regen-lab-france/"
"Roundabout","https://www.eu-startups.com/directory/roundabout/"
"Roomless","https://www.eu-startups.com/directory/roomless/"
"RWSdigital","https://www.eu-startups.com/directory/rwsdigital/"
"Deep Vision Consulting","https://www.eu-startups.com/directory/deep-vision-consulting/"
"Save Market","https://www.eu-startups.com/directory/save-market/"
"SEO Pirates","https://www.eu-startups.com/directory/seo-pirates/"
"Sentric","https://www.eu-startups.com/directory/sentric/"
"Slow Nature","https://www.eu-startups.com/directory/slow-nature/"
"Cyberoo","https://www.eu-startups.com/directory/cyberoo/"
"SocioViz","https://www.eu-startups.com/directory/socioviz/"
"Splitted","https://www.eu-startups.com/directory/splitted/"
"Specto Photonics","https://www.eu-startups.com/directory/specto-photonics/"
"Confidence","https://www.eu-startups.com/directory/confidence/"
"Confirmo s.r.l.","https://www.eu-startups.com/directory/confirmo-s-r-l/"
"Connexa InsTech","https://www.eu-startups.com/directory/connexa-instech/"
"Corsidia","https://www.eu-startups.com/directory/corsidia/"
"CompareTech","https://www.eu-startups.com/directory/comparetech/"
"Stonize","https://www.eu-startups.com/directory/stonize/"
"Cheplan","https://www.eu-startups.com/directory/cheplan/"
"Strategic BIM","https://www.eu-startups.com/directory/strategic-bim/"
"CheckSig","https://www.eu-startups.com/directory/checksig/"
"Cerviero","https://www.eu-startups.com/directory/cerviero/"
"SUNSPEKER","https://www.eu-startups.com/directory/sunspeker/"
"tal&dev","https://www.eu-startups.com/directory/taldev-3/"
"Capsula","https://www.eu-startups.com/directory/capsula/"
"Canax","https://www.eu-startups.com/directory/canax/"
"Business in Cloud","https://www.eu-startups.com/directory/business-in-cloud/"
"Blue Star Capital","https://www.eu-startups.com/directory/blue-star-capital/"
"Bitcoin People","https://www.eu-startups.com/directory/bitcoin-people/"
"BidBerry","https://www.eu-startups.com/directory/bidberry/"
"tmlab","https://www.eu-startups.com/directory/tmlab/"
"Augmented.City","https://www.eu-startups.com/directory/augmented-city/"
"Viamadeinitaly","https://www.eu-startups.com/directory/viamadeinitaly/"
"Vidra","https://www.eu-startups.com/directory/vidra/"
"Vico Food Box","https://www.eu-startups.com/directory/vico-food-box/"
"ART-ER Attractiveness Research Territory","https://www.eu-startups.com/directory/art-er-attractiveness-research-territory/"
"WAGAS Group","https://www.eu-startups.com/directory/wagas-group/"
"Webgas","https://www.eu-startups.com/directory/webgas/"
"WasteBox","https://www.eu-startups.com/directory/wastebox/"
"White&Seeds","https://www.eu-startups.com/directory/whiteseeds/"
"Wita","https://www.eu-startups.com/directory/wita/"
"AMCO","https://www.eu-startups.com/directory/amco/"
"Aircare srl","https://www.eu-startups.com/directory/aircare-srl-2/"
"AATECH","https://www.eu-startups.com/directory/aatech/"
"3Lashes","https://www.eu-startups.com/directory/3lashes/"
"Brots","https://www.eu-startups.com/directory/brots/"
"TeachCorner","https://www.eu-startups.com/directory/teachcorner/"
"Selvatiq","https://www.eu-startups.com/directory/bewilder-beverages/"
"BEYOND THE BOX","https://www.eu-startups.com/directory/beyond-the-box/"
"B4i – Bocconi for innovation","https://www.eu-startups.com/directory/b4i-bocconi-for-innovation/"
"Augmentd.City","https://www.eu-startups.com/directory/augmentd-city/"
"Vittoria Hub","https://www.eu-startups.com/directory/vittoria-hub/"
"WeGlad","https://www.eu-startups.com/directory/weglad/"
"Alimentiamoci","https://www.eu-startups.com/directory/alimentiamoci/"
"Akamas","https://www.eu-startups.com/directory/akamas/"
"Aircare","https://www.eu-startups.com/directory/aircare-srl/"
"Bike Room","https://www.eu-startups.com/directory/bike-room/"
"Zappyrent","https://www.eu-startups.com/directory/zappyrent/"
"Inferendo","https://www.eu-startups.com/directory/inferendo/"
"Modula Milano","https://www.eu-startups.com/directory/modula-milano/"
"Cyclando","https://www.eu-startups.com/directory/cyclando/"
"QTool","https://www.eu-startups.com/directory/qtool/"
"SEAY","https://www.eu-startups.com/directory/seay/"
"Regrowth","https://www.eu-startups.com/directory/regrowth/"
"Ecomate","https://www.eu-startups.com/directory/ecomate/"
"M3R","https://www.eu-startups.com/directory/m3r/"
"Appeaty","https://www.eu-startups.com/directory/appeaty/"
"Wiseair","https://www.eu-startups.com/directory/wiseair/"
"Clearbox AI","https://www.eu-startups.com/directory/clearbox-ai/"
"ALBA Robot","https://www.eu-startups.com/directory/alba-robot/"
"YA.BE","https://www.eu-startups.com/directory/ya-be/"
"Foodinghy srl","https://www.eu-startups.com/directory/foodinghy-srl/"
"Easyfie","https://www.eu-startups.com/directory/easyfie/"
"Boatsandgo","https://www.eu-startups.com/directory/boatsandgo/"
"Find Crowdfunding","https://www.eu-startups.com/directory/find-crowdfunding/"
"ZENATI AUTOMOBILI","https://www.eu-startups.com/directory/zenati-automobili/"
"Daydream Studio","https://www.eu-startups.com/directory/daydream-studio/"
"Deliverart","https://www.eu-startups.com/directory/deliverart/"
"Ecobubble","https://www.eu-startups.com/directory/ecobubble/"
"Docspecial","https://www.eu-startups.com/directory/docspecial/"
"Epoché","https://www.eu-startups.com/directory/epoche/"
"Profiter","https://www.eu-startups.com/directory/profiter/"
"Newenglishacademy.it","https://www.eu-startups.com/directory/newenglishacademy-it/"
"PatchAi","https://www.eu-startups.com/directory/patchai-2/"
"Trainect","https://www.eu-startups.com/directory/trainect/"
"Rent2buy4me","https://www.eu-startups.com/directory/rent2buy4me/"
"Law Engineering Systems","https://www.eu-startups.com/directory/law-engineering-systems/"
"IMPROVE PUBLIC MOBILITY","https://www.eu-startups.com/directory/improve-public-mobility/"
"Scalapay","https://www.eu-startups.com/directory/scalapay/"
"Hibernium","https://www.eu-startups.com/directory/hibernium/"
"BOOM Imagestudio","https://www.eu-startups.com/directory/boom-imagestudio/"
"Hoopy","https://www.eu-startups.com/directory/hoopy/"
"AR Tour","https://www.eu-startups.com/directory/ar-tour/"
"Squiseat","https://www.eu-startups.com/directory/squiseat/"
"IPERVOX.COM","https://www.eu-startups.com/directory/ipervox-com/"
"FLEEP Technologies","https://www.eu-startups.com/directory/fleep-technologies/"
"Switcho","https://www.eu-startups.com/directory/switcho/"
"Akiflow","https://www.eu-startups.com/directory/akiflow/"
"LIFEdata AI","https://www.eu-startups.com/directory/lifedata-ai/"
"Buddyfit","https://www.eu-startups.com/directory/buddyfit/"
"IQONIQ","https://www.eu-startups.com/directory/iqoniq/"
"Sunprime","https://www.eu-startups.com/directory/sunprime/"
"Armonica Retail","https://www.eu-startups.com/directory/armonica-retail/"
"dropout SRL","https://www.eu-startups.com/directory/dropout-srl/"
"Eloisa Technologies","https://www.eu-startups.com/directory/eloisa-technologies/"
"FreshFrigo","https://www.eu-startups.com/directory/freshfrigo/"
"iofood","https://www.eu-startups.com/directory/iofood/"
"I Go Itay","https://www.eu-startups.com/directory/i-go-itay/"
"Beesy","https://www.eu-startups.com/directory/beesy/"
"Young Platform","https://www.eu-startups.com/directory/young-platform/"
"E-leads","https://www.eu-startups.com/directory/e-leads/"
"Riticket","https://www.eu-startups.com/directory/riticket/"
"Plansaround","https://www.eu-startups.com/directory/plansaround-2/"
"Indivenire","https://www.eu-startups.com/directory/indivenire/"
"Krill Design","https://www.eu-startups.com/directory/krill-design/"
"ADG-Nativa","https://www.eu-startups.com/directory/adg-nativa-srl/"
"veeco srl","https://www.eu-startups.com/directory/veeco-srl/"
"Datrix SpA","https://www.eu-startups.com/directory/datrix-spa/"
"River cleaning","https://www.eu-startups.com/directory/river-cleaning/"
"Tree Talk s.r.l.","https://www.eu-startups.com/directory/tree-talk-s-r-l/"
"KIMO","https://www.eu-startups.com/directory/kimo/"
"Jumple","https://www.eu-startups.com/directory/jumple/"
"Livemote","https://www.eu-startups.com/directory/livemote/"
"Loopsie","https://www.eu-startups.com/directory/loopsie/"
"ISAAC","https://www.eu-startups.com/directory/isaac/"
"iUP","https://www.eu-startups.com/directory/iup-s-r-l/"
"MammaItalia","https://www.eu-startups.com/directory/mammaitalia/"
"Maxfone","https://www.eu-startups.com/directory/maxfone/"
"Measy","https://www.eu-startups.com/directory/measy/"
"illimity","https://www.eu-startups.com/directory/illimity/"
"Mon Share Art","https://www.eu-startups.com/directory/mon-share-art/"
"MyLime","https://www.eu-startups.com/directory/mylime/"
"HakunaCloud","https://www.eu-startups.com/directory/hakunacloud/"
"Golee","https://www.eu-startups.com/directory/golee/"
"Getastand","https://www.eu-startups.com/directory/getastand/"
"OREQUO","https://www.eu-startups.com/directory/orequo/"
"OVR","https://www.eu-startups.com/directory/ovr/"
"peekee","https://www.eu-startups.com/directory/peekee/"
"Pharmercure","https://www.eu-startups.com/directory/pharmercure/"
"Phononic Vibes","https://www.eu-startups.com/directory/phononic-vibes/"
"Fluida Europe","https://www.eu-startups.com/directory/fluida-europe/"
"Poke House","https://www.eu-startups.com/directory/poke-house/"
"Poleecy","https://www.eu-startups.com/directory/poleecy/"
"Promile.me","https://www.eu-startups.com/directory/promile-me/"
"ProPhos Chemicals","https://www.eu-startups.com/directory/prophos-chemicals/"
"Fees","https://www.eu-startups.com/directory/fees/"
"Quick Algorithm","https://www.eu-startups.com/directory/quick-algorithm/"
"OUTBND","https://www.eu-startups.com/directory/outbnd/"
"RockAgent","https://www.eu-startups.com/directory/rockagent/"
"Ruby Nanomed","https://www.eu-startups.com/directory/ruby-nanomed/"
"Dirac Nanotechnology","https://www.eu-startups.com/directory/dirac-nanotechnology/"
"Design Italy","https://www.eu-startups.com/directory/design-italy/"
"DevKit","https://www.eu-startups.com/directory/devkit/"
"Servitly","https://www.eu-startups.com/directory/servitly/"
"CreationDose","https://www.eu-startups.com/directory/creationdose/"
"COYZY","https://www.eu-startups.com/directory/coyzy/"
"Connexa Insurance","https://www.eu-startups.com/directory/connexa-insurance/"
"Computational Life","https://www.eu-startups.com/directory/computational-life/"
"Commerc.io","https://www.eu-startups.com/directory/commerc-io/"
"StayActive","https://www.eu-startups.com/directory/stayactive/"
"Streamix","https://www.eu-startups.com/directory/streamix/"
"Certy","https://www.eu-startups.com/directory/certy/"
"Tate","https://www.eu-startups.com/directory/tate/"
"Cardo AI","https://www.eu-startups.com/directory/cardo-ai/"
"Breakfast Point","https://www.eu-startups.com/directory/breakfast-point/"
"BLUETENTACLES","https://www.eu-startups.com/directory/bluetentacles/"
"BionIT Labs","https://www.eu-startups.com/directory/bionit-labs/"
"BeSafe Rate","https://www.eu-startups.com/directory/besafe-rate/"
"Bee ethic","https://www.eu-startups.com/directory/bee-ethic/"
"TRAXIT","https://www.eu-startups.com/directory/traxit/"
"Tree Original","https://www.eu-startups.com/directory/tree-original/"
"B2Butterfly","https://www.eu-startups.com/directory/b2butterfly/"
"Argo Business Solutions","https://www.eu-startups.com/directory/argo-business-solutions/"
"Arbitryum","https://www.eu-startups.com/directory/arbitryum/"
"VUIX","https://www.eu-startups.com/directory/vuix/"
"AR Market","https://www.eu-startups.com/directory/ar-market/"
"Apical","https://www.eu-startups.com/directory/apical/"
"Weart","https://www.eu-startups.com/directory/weart/"
"AI Parts","https://www.eu-startups.com/directory/ai-parts/"
"Ailees Pharma","https://www.eu-startups.com/directory/ailees-pharma/"
"Aindo","https://www.eu-startups.com/directory/aindo/"
"Aircnc","https://www.eu-startups.com/directory/aircnc/"
"WOOLF","https://www.eu-startups.com/directory/woolf/"
"Al.ta Cucina","https://www.eu-startups.com/directory/al-ta-cucina/"
"AdvisorEat","https://www.eu-startups.com/directory/advisoreat/"
"YouFarmer","https://www.eu-startups.com/directory/youfarmer/"
"AR MARKET","https://www.eu-startups.com/directory/ar-market-2/"
"smartFAB","https://www.eu-startups.com/directory/smartfab/"
"MyLab Nutrition","https://www.eu-startups.com/directory/mylab-nutrition/"
"NIREOS","https://www.eu-startups.com/directory/nireos/"
"The Pump Factory Milano","https://www.eu-startups.com/directory/the-pump-factory-milano/"
"Veontime","https://www.eu-startups.com/directory/veontime/"
"Kyme NanoImaging","https://www.eu-startups.com/directory/kyme-nanoimaging/"
"Fuel","https://www.eu-startups.com/directory/fuel-s-r-l/"
"Night Citizen","https://www.eu-startups.com/directory/night-citizen/"
"Inflead","https://www.eu-startups.com/directory/inflead/"
"Cocconapp","https://www.eu-startups.com/directory/cocconapp/"
"CarPlanner","https://www.eu-startups.com/directory/carplanner/"
"LA LA SPORTS","https://www.eu-startups.com/directory/la-la-sports/"
"BECOME. Augmented Life","https://www.eu-startups.com/directory/become-augmented-life/"
"Ernesto","https://www.eu-startups.com/directory/ernesto-2/"
"Japal.it","https://www.eu-startups.com/directory/japal-it/"
"Duing","https://www.eu-startups.com/directory/duing-srl/"
"DailyInternship","https://www.eu-startups.com/directory/dailyinternship/"
"Experiences","https://www.eu-startups.com/directory/experiences/"
"Splitty Pay","https://www.eu-startups.com/directory/splitty-pay-2/"
"TeiaCare","https://www.eu-startups.com/directory/teiacare-2/"
"Chap SDK","https://www.eu-startups.com/directory/chap-sdk/"
"Q-Zero","https://www.eu-startups.com/directory/q-zero/"
"Volvero","https://www.eu-startups.com/directory/volvero/"
"TXC Markets","https://www.eu-startups.com/directory/txc-markets-2/"
"Abiby","https://www.eu-startups.com/directory/abiby/"
"Pigro","https://www.eu-startups.com/directory/pigro/"
"Endostart","https://www.eu-startups.com/directory/endostart/"
"Trips & Pets","https://www.eu-startups.com/directory/trips-pets-provvisory-brandname-for-funding-stage/"
"CiroTek","https://www.eu-startups.com/directory/cirotek/"
"piccolimotors","https://www.eu-startups.com/directory/piccolimotors/"
"Movieday","https://www.eu-startups.com/directory/movieday/"
"Canapar","https://www.eu-startups.com/directory/canapar/"
"TUC.technology","https://www.eu-startups.com/directory/tuc-technology/"
"Dishcovery","https://www.eu-startups.com/directory/dishcovery/"
"Restorative Neurotechnologies","https://www.eu-startups.com/directory/restorative-neurotechnologies/"
"Criptalia","https://www.eu-startups.com/directory/criptalia/"
"AWorld","https://www.eu-startups.com/directory/aworld/"
"Lokky","https://www.eu-startups.com/directory/lokky/"
"Moneymour","https://www.eu-startups.com/directory/moneymour/"
"RoomMate","https://www.eu-startups.com/directory/roommate/"
"Exein","https://www.eu-startups.com/directory/exein/"
"Seares","https://www.eu-startups.com/directory/seares/"
"EasyPol","https://www.eu-startups.com/directory/easypol/"
"Shampora","https://www.eu-startups.com/directory/shampora/"
"ICONIUM","https://www.eu-startups.com/directory/iconium/"
"Hippocrates","https://www.eu-startups.com/directory/hippocrates/"
"Tortoise Media","https://www.eu-startups.com/directory/tortoise-media/"
"CQ-quality management training","https://www.eu-startups.com/directory/cq-quality-management-training/"
"WeScriba","https://www.eu-startups.com/directory/wescriba/"
"ABzero","https://www.eu-startups.com/directory/abzero/"
"Vagovia","https://www.eu-startups.com/directory/vagovia-srl/"
"Deliveristo","https://www.eu-startups.com/directory/deliveristo-2/"
"Emotiva","https://www.eu-startups.com/directory/emotiva/"
"Wexplore","https://www.eu-startups.com/directory/wexplore/"
"Indie Campers Italy","https://www.eu-startups.com/directory/indie-campers-italy/"
"Enapter","https://www.eu-startups.com/directory/enapter/"
"EpiCura","https://www.eu-startups.com/directory/epicura/"
"3D.I.V.E","https://www.eu-startups.com/directory/3d-i-v-e/"
"Kunste","https://www.eu-startups.com/directory/kunste/"
"L’Orto di Jack","https://www.eu-startups.com/directory/lorto-di-jack/"
"Lirecento","https://www.eu-startups.com/directory/lirecento/"
"Loquis","https://www.eu-startups.com/directory/loquis/"
"iotty smart home","https://www.eu-startups.com/directory/iotty-smart-home/"
"InterGrid","https://www.eu-startups.com/directory/intergrid/"
"Mammacult","https://www.eu-startups.com/directory/mammacult/"
"Metis Precision Medicine","https://www.eu-startups.com/directory/metis-precision-medicine/"
"MiaCar","https://www.eu-startups.com/directory/miacar/"
"Milk Brick","https://www.eu-startups.com/directory/milk-brick/"
"Mirror","https://www.eu-startups.com/directory/mirror/"
"Imprima","https://www.eu-startups.com/directory/imprima/"
"In Time Link","https://www.eu-startups.com/directory/in-time-link/"
"I Love Poke","https://www.eu-startups.com/directory/i-love-poke/"
"HURBA","https://www.eu-startups.com/directory/hurba/"
"Hoopygang","https://www.eu-startups.com/directory/hoopygang/"
"Hooro","https://www.eu-startups.com/directory/hooro/"
"HiRide Suspension","https://www.eu-startups.com/directory/hiride-suspension-srl/"
"Nanomnia","https://www.eu-startups.com/directory/nanomnia/"
"Namu","https://www.eu-startups.com/directory/namu/"
"nCore","https://www.eu-startups.com/directory/ncore/"
"HiNelson","https://www.eu-startups.com/directory/hinelson/"
"NEXT COOKING GENERATION","https://www.eu-startups.com/directory/next-cooking-generation/"
"Nimble Robotics","https://www.eu-startups.com/directory/nimble-robotics/"
"NutriBees","https://www.eu-startups.com/directory/nutribees/"
"GetMyCar","https://www.eu-startups.com/directory/getmycar/"
"GeneGIS GI","https://www.eu-startups.com/directory/genegis-gi/"
"OfCourseMe","https://www.eu-startups.com/directory/ofcourseme/"
"Gardenstuff","https://www.eu-startups.com/directory/gardenstuff/"
"Planet Farms","https://www.eu-startups.com/directory/planet-farms/"
"Fixool","https://www.eu-startups.com/directory/fixool/"
"Fintastico","https://www.eu-startups.com/directory/fintastico/"
"Edgar Smart Concierge","https://www.eu-startups.com/directory/edgar-smart-concierge/"
"EcoSteer","https://www.eu-startups.com/directory/ecosteer/"
"Easy Claims","https://www.eu-startups.com/directory/easy-claims/"
"DropTo","https://www.eu-startups.com/directory/dropto/"
"Digital Technologies","https://www.eu-startups.com/directory/digital-technologies/"
"Scribit","https://www.eu-startups.com/directory/scribit/"
"Diana e-commerce","https://www.eu-startups.com/directory/diana-e-commerce/"
"Sentient Blue","https://www.eu-startups.com/directory/sentient-blue/"
"Sfridoo","https://www.eu-startups.com/directory/sfridoo/"
"sgush","https://www.eu-startups.com/directory/sgush/"
"ShargeMe","https://www.eu-startups.com/directory/shargeme/"
"DatoCMS","https://www.eu-startups.com/directory/datocms/"
"SIGHUP","https://www.eu-startups.com/directory/sighup/"
"Cynomys","https://www.eu-startups.com/directory/cynomys/"
"Soccerment","https://www.eu-startups.com/directory/soccerment/"
"Cosaporto","https://www.eu-startups.com/directory/cosaporto/"
"Softcare Studios","https://www.eu-startups.com/directory/softcare-studios/"
"Socyza","https://www.eu-startups.com/directory/socyza/"
"SoundsOfThings","https://www.eu-startups.com/directory/soundsofthings/"
"Sport Grand Tour","https://www.eu-startups.com/directory/sport-grand-tour/"
"Checkout Technologies","https://www.eu-startups.com/directory/checkout-technologies/"
"CashInvoice","https://www.eu-startups.com/directory/cashinvoice/"
"Brandolisio","https://www.eu-startups.com/directory/brandolisio/"
"TechWald","https://www.eu-startups.com/directory/techwald/"
"Blimp","https://www.eu-startups.com/directory/blimp/"
"TicketEASY","https://www.eu-startups.com/directory/ticketeasy/"
"Things Mobile","https://www.eu-startups.com/directory/things-mobile/"
"The Social Lender","https://www.eu-startups.com/directory/the-social-lender/"
"dilium","https://www.eu-startups.com/directory/dilium/"
"Beaconforce","https://www.eu-startups.com/directory/beaconforce/"
"B2Book.net","https://www.eu-startups.com/directory/b2book-net/"
"UCapital24","https://www.eu-startups.com/directory/ucapital24/"
"Autentico","https://www.eu-startups.com/directory/autentico/"
"UpSurgeOn","https://www.eu-startups.com/directory/upsurgeon/"
"AtomikAd","https://www.eu-startups.com/directory/atomikad/"
"AorticLab","https://www.eu-startups.com/directory/aorticlab/"
"We Wealth","https://www.eu-startups.com/directory/we-wealth/"
"Webidoo","https://www.eu-startups.com/directory/webidoo/"
"Agrorobotica","https://www.eu-startups.com/directory/agrorobotica/"
"WordLift","https://www.eu-startups.com/directory/wordlift/"
"WonderStore","https://www.eu-startups.com/directory/wonderstore/"
"Agricolus","https://www.eu-startups.com/directory/agricolus/"
"Xenioo","https://www.eu-startups.com/directory/xenioo/"
"Addi.fit","https://www.eu-startups.com/directory/addi-fit/"
"Yape","https://www.eu-startups.com/directory/yape/"
"Zakeke","https://www.eu-startups.com/directory/zakeke/"
"3Bee","https://www.eu-startups.com/directory/3bee/"
"Ermes","https://www.eu-startups.com/directory/ermes/"
"ShippyPro","https://www.eu-startups.com/directory/shippypro/"
"Healthy Virtuoso","https://www.eu-startups.com/directory/healthy-virtuoso/"
"LailaTech","https://www.eu-startups.com/directory/lailatech/"
"Contents.com","https://www.eu-startups.com/directory/contents-com/"
"Energenius","https://www.eu-startups.com/directory/energenius/"
"latitudo40","https://www.eu-startups.com/directory/latitudo40/"
"Mensior","https://www.eu-startups.com/directory/mensior-srl/"
"Venezia Autentica","https://www.eu-startups.com/directory/venezia-autentica/"
"B2BOOK","https://www.eu-startups.com/directory/b2book/"
"Stride","https://www.eu-startups.com/directory/stride/"
"Digital Attitude","https://www.eu-startups.com/directory/digital-attitude/"
"Hexagro Urban Farming","https://www.eu-startups.com/directory/hexagro-urban-farming/"
"Stargraph","https://www.eu-startups.com/directory/stargraph/"
"LoanXchain","https://www.eu-startups.com/directory/loanxchain/"
"Revotree","https://www.eu-startups.com/directory/revotree/"
"GOGOBEACH.IT – Beach Finder","https://www.eu-startups.com/directory/gogobeach-it-beach-finder-booking-online/"
"Educational Factory","https://www.eu-startups.com/directory/educational-factory/"
"Replave","https://www.eu-startups.com/directory/replave-ltd/"
"Ernestopro.com","https://www.eu-startups.com/directory/ernestopro-com/"
"NIB biotec","https://www.eu-startups.com/directory/nib-biotec/"
"medical-note srl","https://www.eu-startups.com/directory/medical-note-srl/"
"Mygrants","https://www.eu-startups.com/directory/mygrants/"
"dilium","https://www.eu-startups.com/directory/dilium-2/"
"My Take It","https://www.eu-startups.com/directory/my-take-it/"
"BigProfiles","https://www.eu-startups.com/directory/bigprofiles/"
"Eatsready","https://www.eu-startups.com/directory/eatsready/"
"Casavo","https://www.eu-startups.com/directory/casavo/"
"xFarm","https://www.eu-startups.com/directory/xfarm/"
"YOLO Insurance","https://www.eu-startups.com/directory/yolo-insurance/"
"Trueinchain","https://www.eu-startups.com/directory/trueinchain/"
"VizorLabs","https://www.eu-startups.com/directory/vizorlabs/"
"Kumaux","https://www.eu-startups.com/directory/kumaux/"
"TNet","https://www.eu-startups.com/directory/tnet/"
"Deesup","https://www.eu-startups.com/directory/deesup/"
"Plurima","https://www.eu-startups.com/directory/plurima/"
"Lybra.tech","https://www.eu-startups.com/directory/lybra-tech/"
"Wetaxi","https://www.eu-startups.com/directory/wetaxi/"
"Mercurius BI Srl","https://www.eu-startups.com/directory/mercurius-bi-srl/"
"Kellify","https://www.eu-startups.com/directory/kellify/"
"AIKO","https://www.eu-startups.com/directory/aiko/"
"Altheia Science","https://www.eu-startups.com/directory/altheia-science/"
"Comehome","https://www.eu-startups.com/directory/comehome/"
"GenomeUp","https://www.eu-startups.com/directory/genomeup/"
"GoVolt","https://www.eu-startups.com/directory/govolt/"
"FinScience","https://www.eu-startups.com/directory/finscience/"
"Letsell","https://www.eu-startups.com/directory/letsell/"
"GELLIFY","https://www.eu-startups.com/directory/gellify/"
"Fiscozen","https://www.eu-startups.com/directory/fiscozen/"
"Userbot","https://www.eu-startups.com/directory/userbot/"
"WeRoad","https://www.eu-startups.com/directory/weroad/"
"Soplaya","https://www.eu-startups.com/directory/soplaya/"
"FrescoFrigo","https://www.eu-startups.com/directory/frescofrigo/"
"Commerce Layer","https://www.eu-startups.com/directory/commerce-layer/"
"Virtuoso","https://www.eu-startups.com/directory/virtuoso/"
"ACBC","https://www.eu-startups.com/directory/acbc/"
"VOIS","https://www.eu-startups.com/directory/vois/"
"Deliveristo","https://www.eu-startups.com/directory/deliveristo/"
"Mela Works","https://www.eu-startups.com/directory/mela-works/"
"HARG","https://www.eu-startups.com/directory/harg/"
"Lybra.tech","https://www.eu-startups.com/directory/lybra-tech-2/"
"Matchplat","https://www.eu-startups.com/directory/matchplat/"
"FABBRICATORINO","https://www.eu-startups.com/directory/fabbricatorino/"
"WelMed","https://www.eu-startups.com/directory/welmed/"
"HPA – High Performance Analytics","https://www.eu-startups.com/directory/hpa-high-performance-analytics/"
"Cubbit Srl","https://www.eu-startups.com/directory/cubbit-srl/"
"Hiscraves","https://www.eu-startups.com/directory/hiscraves/"
"Knitronix Srl","https://www.eu-startups.com/directory/knitronix-srl-2/"
"Vikey","https://www.eu-startups.com/directory/vikey/"
"Brumbrum","https://www.eu-startups.com/directory/brumbrum/"
"iGenius","https://www.eu-startups.com/directory/igenius/"
"Springa Srl","https://www.eu-startups.com/directory/springa-srl/"
"Epiphany","https://www.eu-startups.com/directory/epiphany/"
"Agilize Europe","https://www.eu-startups.com/directory/agilize-europe-srl/"
"CleanBnB","https://www.eu-startups.com/directory/cleanbnb/"
"Knitronix","https://www.eu-startups.com/directory/knitronix-srl/"
"dna37.com","https://www.eu-startups.com/directory/dna37-com/"
"Elif Lab","https://www.eu-startups.com/directory/elif-lab/"
"LF System Italia","https://www.eu-startups.com/directory/lf-system-italia/"
"Linky Innovation","https://www.eu-startups.com/directory/linky-innovation/"
"jobby","https://www.eu-startups.com/directory/jobby/"
"Intuendi srl","https://www.eu-startups.com/directory/intuendi-srl/"
"Mamacrowd","https://www.eu-startups.com/directory/mamacrowd/"
"Medics","https://www.eu-startups.com/directory/medics/"
"Metaliquid","https://www.eu-startups.com/directory/metaliquid/"
"Mia-Platform","https://www.eu-startups.com/directory/mia-platform/"
"MIXARTISTA","https://www.eu-startups.com/directory/mixartista/"
"Miscusi","https://www.eu-startups.com/directory/miscusi/"
"Indigo.ai","https://www.eu-startups.com/directory/indigo-ai/"
"IDA","https://www.eu-startups.com/directory/ida/"
"Morecognition","https://www.eu-startups.com/directory/morecognition/"
"Mr.Gig.it","https://www.eu-startups.com/directory/mr-gig-it/"
"Holiders","https://www.eu-startups.com/directory/holiders/"
"Myvisto","https://www.eu-startups.com/directory/myvisto/"
"Nausdream","https://www.eu-startups.com/directory/nausdream/"
"Neutrino","https://www.eu-startups.com/directory/neutrino/"
"NodeWeaver","https://www.eu-startups.com/directory/nodeweaver/"
"Gorilla Technologies","https://www.eu-startups.com/directory/gorilla-technologies/"
"Noisefeed","https://www.eu-startups.com/directory/noisefeed/"
"NUSTOX.COM","https://www.eu-startups.com/directory/nustox-com/"
"NUO Capital","https://www.eu-startups.com/directory/nuo-capital/"
"NUWA Technologies","https://www.eu-startups.com/directory/nuwa-technologies/"
"Futuryng","https://www.eu-startups.com/directory/futuryng/"
"Foxwin","https://www.eu-startups.com/directory/foxwin/"
"PharmaPrime","https://www.eu-startups.com/directory/pharmaprime/"
"Plusimple","https://www.eu-startups.com/directory/plusimple/"
"Prebiomics","https://www.eu-startups.com/directory/prebiomics/"
"FinDynamic","https://www.eu-startups.com/directory/findynamic/"
"PREDIT","https://www.eu-startups.com/directory/predit/"
"FindMyLost","https://www.eu-startups.com/directory/findmylost/"
"React4life","https://www.eu-startups.com/directory/react4life/"
"re3CUBE","https://www.eu-startups.com/directory/re3cube/"
"Ricehouse","https://www.eu-startups.com/directory/ricehouse/"
"riCompro","https://www.eu-startups.com/directory/ricompro/"
"EdilGo","https://www.eu-startups.com/directory/edilgo/"
"Direttoo.it","https://www.eu-startups.com/directory/direttoo-it/"
"Donapp","https://www.eu-startups.com/directory/donapp/"
"DR Tech","https://www.eu-startups.com/directory/dr-tech/"
"Seventeen","https://www.eu-startups.com/directory/seventeen/"
"DazeTechnology","https://www.eu-startups.com/directory/dazetechnology/"
"Shop-o-rama","https://www.eu-startups.com/directory/shop-o-rama/"
"Simvoly","https://www.eu-startups.com/directory/simvoly/"
"Cube Controls","https://www.eu-startups.com/directory/cube-controls/"
"CV Lab","https://www.eu-startups.com/directory/cv-lab/"
"Crowdbooks","https://www.eu-startups.com/directory/crowdbooks/"
"Smart Robots","https://www.eu-startups.com/directory/smart-robots/"
"Snowit","https://www.eu-startups.com/directory/snowit/"
"Covisian","https://www.eu-startups.com/directory/covisian/"
"Coderblock","https://www.eu-startups.com/directory/coderblock/"
"SportClubby","https://www.eu-startups.com/directory/sportclubby/"
"SurgiQ","https://www.eu-startups.com/directory/surgiq/"
"Sweetguest","https://www.eu-startups.com/directory/sweetguest-2/"
"Cesarine","https://www.eu-startups.com/directory/cesarine/"
"Chainside","https://www.eu-startups.com/directory/chainside/"
"Taskomat","https://www.eu-startups.com/directory/taskomat/"
"CashMe SpA","https://www.eu-startups.com/directory/cashme-spa/"
"Busrapido.com","https://www.eu-startups.com/directory/busrapido-com/"
"Bravo Savings Network","https://www.eu-startups.com/directory/bravo-savings-network/"
"Brandorbi","https://www.eu-startups.com/directory/brandorbi/"
"Booster Box","https://www.eu-startups.com/directory/booster-box/"
"Bloovery","https://www.eu-startups.com/directory/bloovery/"
"Teyuto","https://www.eu-startups.com/directory/teyuto/"
"ToothPic","https://www.eu-startups.com/directory/toothpic/"
"TomorrowData","https://www.eu-startups.com/directory/tomorrowdata/"
"Transactionale","https://www.eu-startups.com/directory/transactionale/"
"Auting","https://www.eu-startups.com/directory/auting/"
"Vantea Smart","https://www.eu-startups.com/directory/vantea-smart/"
"VINTAG","https://www.eu-startups.com/directory/vintag/"
"Archa","https://www.eu-startups.com/directory/archa/"
"Wash Out","https://www.eu-startups.com/directory/wash-out/"
"WAMI","https://www.eu-startups.com/directory/wami/"
"WAVENURE","https://www.eu-startups.com/directory/wavenure/"
"Amyko","https://www.eu-startups.com/directory/amyko/"
"Wesii","https://www.eu-startups.com/directory/wesii/"
"WHIP","https://www.eu-startups.com/directory/whip/"
"Wylab","https://www.eu-startups.com/directory/wylab/"
"Y.Share","https://www.eu-startups.com/directory/y-share/"
"AdsHotel","https://www.eu-startups.com/directory/adshotel/"
"ADDITIVA","https://www.eu-startups.com/directory/additiva/"
"Zerogrado","https://www.eu-startups.com/directory/zerogrado/"
"VINHOOD","https://www.eu-startups.com/directory/vinhood/"
"YoAgents","https://www.eu-startups.com/directory/yoagents/"
"Garanteasy","https://www.eu-startups.com/directory/garanteasy/"
"AnotheReality","https://www.eu-startups.com/directory/anothereality/"
"Alfonsino","https://www.eu-startups.com/directory/alfonsino/"
"Freeda Media","https://www.eu-startups.com/directory/freeda-media/"
"Sweetguest","https://www.eu-startups.com/directory/sweetguest/"
"Babaiola","https://www.eu-startups.com/directory/babaiola/"
"Elaisian","https://www.eu-startups.com/directory/elaisian/"
"Hotbox Food","https://www.eu-startups.com/directory/hotbox-food/"
"BGP","https://www.eu-startups.com/directory/bgp/"
"coMwork","https://www.eu-startups.com/directory/comwork/"
"Algaesys","https://www.eu-startups.com/directory/algaesys-limited/"
"b-more","https://www.eu-startups.com/directory/b-more/"
"Neosurance","https://www.eu-startups.com/directory/neosurance/"
"NearIT","https://www.eu-startups.com/directory/nearit/"
"Winelivery","https://www.eu-startups.com/directory/winelivery/"
"Lawe","https://www.eu-startups.com/directory/lawe/"
"Kaitiaki","https://www.eu-startups.com/directory/kaitiaki/"
"I-React","https://www.eu-startups.com/directory/i-react/"
"Entire Digital","https://www.eu-startups.com/directory/entire-digital/"
"BagBNB","https://www.eu-startups.com/directory/bagbnb/"
"Axyon AI","https://www.eu-startups.com/directory/axyon-ai/"
"Eligo","https://www.eu-startups.com/directory/eligo/"
"Gamera Interactive","https://www.eu-startups.com/directory/gamera-interactive/"
"Swascan","https://www.eu-startups.com/directory/swascan/"
"Movendo Technology","https://www.eu-startups.com/directory/movendo-technology/"
"Deed","https://www.eu-startups.com/directory/deed/"
"Sfera Agricola","https://www.eu-startups.com/directory/sfera-agricola/"
"Axieme","https://www.eu-startups.com/directory/axieme/"
"MatiPay","https://www.eu-startups.com/directory/matipay/"
"InSilicoTrials","https://www.eu-startups.com/directory/insilicotrials/"
"MioAssicuratore","https://www.eu-startups.com/directory/mioassicuratore/"
"Fitprime","https://www.eu-startups.com/directory/fitprime/"
"Yakkyofy","https://www.eu-startups.com/directory/yakkyofy/"
"Diet to go","https://www.eu-startups.com/directory/diet-to-go/"
"Radical Storage","https://www.eu-startups.com/directory/radical-storage/"
"Walliance","https://www.eu-startups.com/directory/walliance/"
"Skinlabo","https://www.eu-startups.com/directory/skinlabo/"
"Foorban","https://www.eu-startups.com/directory/foorban/"
"Farm4Trade","https://www.eu-startups.com/directory/farm4trade/"
"Enthera","https://www.eu-startups.com/directory/enthera/"
"Ventis","https://www.eu-startups.com/directory/ventis/"
"Crystal","https://www.eu-startups.com/directory/crystal/"
"Elaisian","https://www.eu-startups.com/directory/elaisian-2/"
"PRIMPY","https://www.eu-startups.com/directory/primpy/"
"I’m Ok","https://www.eu-startups.com/directory/im-ok/"
"Zabasi","https://www.eu-startups.com/directory/zabasi/"
"Cleffy","https://www.eu-startups.com/directory/cleffy/"
"skillsAndMore","https://www.eu-startups.com/directory/skillsandmore/"
"Moovenda","https://www.eu-startups.com/directory/moovenda/"
"My Cooking Box","https://www.eu-startups.com/directory/my-cooking-box/"
"AppQuality","https://www.eu-startups.com/directory/appquality/"
"YouDroop","https://www.eu-startups.com/directory/youdroop/"
"KMB Lab","https://www.eu-startups.com/directory/kmb-lab/"
"Kjuicer.com","https://www.eu-startups.com/directory/kjuicer-com/"
"KPI6","https://www.eu-startups.com/directory/kpi6/"
"Laboratoires Phyto Technique","https://www.eu-startups.com/directory/laboratoires-phyto-technique/"
"LexDo.it","https://www.eu-startups.com/directory/lexdo-it/"
"Life Based Value","https://www.eu-startups.com/directory/life-based-value/"
"Karaoke One","https://www.eu-startups.com/directory/karaoke-one/"
"Is CLEAN AIR","https://www.eu-startups.com/directory/is-clean-air/"
"Italy Innovazioni","https://www.eu-startups.com/directory/italy-innovazioni/"
"IntendiMe","https://www.eu-startups.com/directory/intendime/"
"madai italia","https://www.eu-startups.com/directory/madai-italia/"
"InSymbio","https://www.eu-startups.com/directory/insymbio/"
"Instilla","https://www.eu-startups.com/directory/instilla/"
"Insoore","https://www.eu-startups.com/directory/insoore/"
"Majeeko","https://www.eu-startups.com/directory/majeeko/"
"InnovHeart","https://www.eu-startups.com/directory/innovheart/"
"MammaPack","https://www.eu-startups.com/directory/mammapack/"
"Manet","https://www.eu-startups.com/directory/manet/"
"Marketcloud","https://www.eu-startups.com/directory/marketcloud/"
"Mashcream","https://www.eu-startups.com/directory/mashcream/"
"Mash&Co","https://www.eu-startups.com/directory/mashco/"
"MDOTM","https://www.eu-startups.com/directory/mdotm/"
"MiMoto Smart Mobility","https://www.eu-startups.com/directory/mimoto-smart-mobility/"
"Milkman Technologies","https://www.eu-startups.com/directory/milkman-technologies/"
"MMI","https://www.eu-startups.com/directory/mmi/"
"MOGU","https://www.eu-startups.com/directory/mogu/"
"ModernMT","https://www.eu-startups.com/directory/modernmt/"
"IlCaffeItaliano","https://www.eu-startups.com/directory/ilcaffeitaliano/"
"iCarry","https://www.eu-startups.com/directory/icarry/"
"Hype","https://www.eu-startups.com/directory/hype/"
"My Foody","https://www.eu-startups.com/directory/my-foody/"
"MYAPPFREE","https://www.eu-startups.com/directory/myappfree/"
"Homepal","https://www.eu-startups.com/directory/homepal/"
"Nebulab","https://www.eu-startups.com/directory/nebulab/"
"New Guards Group","https://www.eu-startups.com/directory/new-guards-group/"
"New Gluten World","https://www.eu-startups.com/directory/new-gluten-world/"
"New Generation Sensors","https://www.eu-startups.com/directory/new-generation-sensors/"
"Nito","https://www.eu-startups.com/directory/nito/"
"Gromia","https://www.eu-startups.com/directory/gromia/"
"Greenchic","https://www.eu-startups.com/directory/greenchic/"
"NutriMe","https://www.eu-startups.com/directory/nutrime/"
"GETCOO","https://www.eu-startups.com/directory/getcoo/"
"Officina","https://www.eu-startups.com/directory/officina/"
"Ompi","https://www.eu-startups.com/directory/ompi/"
"Opstart","https://www.eu-startups.com/directory/opstart/"
"FotoJet","https://www.eu-startups.com/directory/fotojet/"
"Fortunito","https://www.eu-startups.com/directory/fortunito/"
"Foodracers","https://www.eu-startups.com/directory/foodracers/"
"Foodinho","https://www.eu-startups.com/directory/foodinho/"
"Flying Basket","https://www.eu-startups.com/directory/flying-basket/"
"Plato Design Systems","https://www.eu-startups.com/directory/plato-design-systems/"
"PlayWood","https://www.eu-startups.com/directory/playwood/"
"Pluribus One","https://www.eu-startups.com/directory/pluribus-one/"
"PonyU","https://www.eu-startups.com/directory/ponyu/"
"Predixit","https://www.eu-startups.com/directory/predixit/"
"Probiomedica","https://www.eu-startups.com/directory/probiomedica/"
"ProduceShop","https://www.eu-startups.com/directory/produceshop/"
"Proofy","https://www.eu-startups.com/directory/proofy/"
"Feat Food","https://www.eu-startups.com/directory/feat-food/"
"eyecad VR","https://www.eu-startups.com/directory/eyecad-vr/"
"Evolve","https://www.eu-startups.com/directory/evolve/"
"Radicalbit","https://www.eu-startups.com/directory/radicalbit/"
"Realisti.co","https://www.eu-startups.com/directory/realisti-co/"
"REJOINT","https://www.eu-startups.com/directory/rejoint/"
"Salesoar","https://www.eu-startups.com/directory/salesoar/"
"Echoes","https://www.eu-startups.com/directory/echoes/"
"DMA","https://www.eu-startups.com/directory/dma/"
"Digital360","https://www.eu-startups.com/directory/digital360/"
"Scratch&Screen","https://www.eu-startups.com/directory/scratchscreen/"
"DHH","https://www.eu-startups.com/directory/dhh/"
"Selva Marine Nordic","https://www.eu-startups.com/directory/selva-marine-nordic/"
"DDM Technology","https://www.eu-startups.com/directory/ddm-technology/"
"SESTERTIUM","https://www.eu-startups.com/directory/sestertium/"
"Sherlock","https://www.eu-startups.com/directory/sherlock/"
"D-Heart","https://www.eu-startups.com/directory/d-heart/"
"D-EYE","https://www.eu-startups.com/directory/d-eye/"
"Social Academy","https://www.eu-startups.com/directory/social-academy/"
"Socopet","https://www.eu-startups.com/directory/socopet/"
"Soisy","https://www.eu-startups.com/directory/soisy/"
"Competitoor","https://www.eu-startups.com/directory/competitoor/"
"Solo Crudo","https://www.eu-startups.com/directory/solo-crudo/"
"Songtree","https://www.eu-startups.com/directory/songtree/"
"Soul-K","https://www.eu-startups.com/directory/soul-k/"
"Soundreef","https://www.eu-startups.com/directory/soundreef/"
"Spiri","https://www.eu-startups.com/directory/spiri/"
"Stentle","https://www.eu-startups.com/directory/stentle/"
"Chorafarma","https://www.eu-startups.com/directory/chorafarma/"
"Chef in Camicia","https://www.eu-startups.com/directory/chef-in-camicia/"
"Taste Italy","https://www.eu-startups.com/directory/taste-italy/"
"ByteWeen","https://www.eu-startups.com/directory/byteween/"
"Busforfun","https://www.eu-startups.com/directory/busforfun/"
"Buddybank","https://www.eu-startups.com/directory/buddybank/"
"Boxengo","https://www.eu-startups.com/directory/boxengo/"
"Bottle-Up Srl","https://www.eu-startups.com/directory/bottle-up-srl/"
"Boost Heroes","https://www.eu-startups.com/directory/boost-heroes/"
"Blubrake","https://www.eu-startups.com/directory/blubrake/"
"BizAway","https://www.eu-startups.com/directory/bizaway/"
"BiovelocITA","https://www.eu-startups.com/directory/biovelocita/"
"Together Price","https://www.eu-startups.com/directory/together-price/"
"Tinaba","https://www.eu-startups.com/directory/tinaba/"
"Aviosonic Space Tech","https://www.eu-startups.com/directory/aviosonic-space-tech/"
"Audiens","https://www.eu-startups.com/directory/audiens/"
"Valica","https://www.eu-startups.com/directory/valica/"
"Atoka","https://www.eu-startups.com/directory/atoka/"
"VH Technology","https://www.eu-startups.com/directory/vh-technology/"
"Verticomics","https://www.eu-startups.com/directory/verticomics/"
"Viniexport","https://www.eu-startups.com/directory/viniexport/"
"Vision Lab Apps","https://www.eu-startups.com/directory/vision-lab-apps/"
"VIRTUITALY","https://www.eu-startups.com/directory/virtuitaly/"
"Visitami","https://www.eu-startups.com/directory/visitami/"
"Voxloud","https://www.eu-startups.com/directory/voxloud/"
"Wallfarm","https://www.eu-startups.com/directory/wallfarm/"
"Washeria","https://www.eu-startups.com/directory/washeria/"
"WaterView","https://www.eu-startups.com/directory/waterview/"
"WayCap","https://www.eu-startups.com/directory/waycap/"
"Aqrate","https://www.eu-startups.com/directory/aqrate/"
"Viveat","https://www.eu-startups.com/directory/viveat/"
"Wenda","https://www.eu-startups.com/directory/wenda/"
"WH","https://www.eu-startups.com/directory/wh/"
"WETHOD","https://www.eu-startups.com/directory/wethod/"
"Wikicasa","https://www.eu-startups.com/directory/wikicasa/"
"Worldz","https://www.eu-startups.com/directory/worldz/"
"WOMS","https://www.eu-startups.com/directory/woms/"
"Wriggle Solutions","https://www.eu-startups.com/directory/wriggle-solutions/"
"WRAD Living","https://www.eu-startups.com/directory/wrad-living/"
"4STORM","https://www.eu-startups.com/directory/4storm/"
"2hire","https://www.eu-startups.com/directory/2hire/"
"ZesTrip","https://www.eu-startups.com/directory/zestrip/"
"Zerynth","https://www.eu-startups.com/directory/zerynth/"
"Recornea","https://www.eu-startups.com/directory/recornea/"
"CarPlanner","https://www.eu-startups.com/directory/carplanner-2/"
"ProntoPro","https://www.eu-startups.com/directory/prontopro/"
"Credimi","https://www.eu-startups.com/directory/credimi/"
"Quomi","https://www.eu-startups.com/directory/quomi/"
"MainStreaming","https://www.eu-startups.com/directory/mainstreaming/"
"Jarvis","https://www.eu-startups.com/directory/jarvis-by-iooota-s-r-l/"
"Ausker","https://www.eu-startups.com/directory/ausker/"
"Friendz","https://www.eu-startups.com/directory/friendz/"
"Black Marketing Guru","https://www.eu-startups.com/directory/black-marketing-guru/"
"ChatSim","https://www.eu-startups.com/directory/chatsim/"
"inVRsion","https://www.eu-startups.com/directory/invrsion/"
"RiskApp","https://www.eu-startups.com/directory/riskapp/"
"Voverc","https://www.eu-startups.com/directory/voverc/"
"ARTEMEST","https://www.eu-startups.com/directory/artemest/"
"Scuter","https://www.eu-startups.com/directory/scuter/"
"Medical Microinstruments (MMI)","https://www.eu-startups.com/directory/medical-microinstruments-mmi/"
"Evja","https://www.eu-startups.com/directory/evja/"
"LegalEYE","https://www.eu-startups.com/directory/legaleye-srl/"
"Caracol","https://www.eu-startups.com/directory/caracol/"
"Chino.io","https://www.eu-startups.com/directory/chino-io/"
"respectlife","https://www.eu-startups.com/directory/respectlife/"
"Apio","https://www.eu-startups.com/directory/apio/"
"Salient Eye","https://www.eu-startups.com/directory/salient-eye/"
"Tourist Menu","https://www.eu-startups.com/directory/tourist-menu/"
"NexToMe","https://www.eu-startups.com/directory/nextome-indoor-positioning-system/"
"evway","https://www.eu-startups.com/directory/evway/"
"Xceed","https://www.eu-startups.com/directory/xceed/"
"HI DIPLO","https://www.eu-startups.com/directory/hi-diplo/"
"MQB Srl","https://www.eu-startups.com/directory/mqb-srl/"
"Makr Shakr","https://www.eu-startups.com/directory/makr-shakr/"
"Everli","https://www.eu-startups.com/directory/everli/"
"iGoOn","https://www.eu-startups.com/directory/igoon-s-r-l/"
"Emoticron","https://www.eu-startups.com/directory/emoticron/"
"You Are My Guide","https://www.eu-startups.com/directory/you-are-my-guide/"
"Orange fiber","https://www.eu-startups.com/directory/orange-fiber/"
"Bettify","https://www.eu-startups.com/directory/bettify-betting-goes-social/"
"Filo","https://www.eu-startups.com/directory/filo/"
"IVM (Innovative Vibration Monitoring)","https://www.eu-startups.com/directory/ivm-innovative-vibration-monitoring/"
"BlueNet","https://www.eu-startups.com/directory/bluenet/"
"Antlos","https://www.eu-startups.com/directory/antlos/"
"Drexcode","https://www.eu-startups.com/directory/drexcode/"
"Unfraud","https://www.eu-startups.com/directory/unfraud/"
"Supermercato24","https://www.eu-startups.com/directory/supermercato24/"
"Filmamo","https://www.eu-startups.com/directory/filmamo/"
"Leaf Space","https://www.eu-startups.com/directory/leaf-space/"
"CY4GATE","https://www.eu-startups.com/directory/cy4gate/"
"Epic SIM","https://www.eu-startups.com/directory/epic-sim/"
"FruttaWeb","https://www.eu-startups.com/directory/fruttaweb/"
"Archon","https://www.eu-startups.com/directory/archon/"
"Sclak","https://www.eu-startups.com/directory/sclak/"
"Althea Group","https://www.eu-startups.com/directory/althea-group/"
"Supernova Hub","https://www.eu-startups.com/directory/supernova-hub/"
"Tutored","https://www.eu-startups.com/directory/tutored/"
"Staffino","https://www.eu-startups.com/directory/staffino/"
"Ablio","https://www.eu-startups.com/directory/ablio/"
"Mint","https://www.eu-startups.com/directory/mint/"
"Termo","https://www.eu-startups.com/directory/termo/"
"Bandyer","https://www.eu-startups.com/directory/bandyer/"
"AzzurroDigitale","https://www.eu-startups.com/directory/azzurrodigitale/"
"CoreView","https://www.eu-startups.com/directory/coreview/"
"Instal.com","https://www.eu-startups.com/directory/instal-com/"
"Hemeras","https://www.eu-startups.com/directory/hemeras/"
"Marshmallow Games","https://www.eu-startups.com/directory/marshmallow-games/"
"MonsieurGourmand.com","https://www.eu-startups.com/directory/monsieurgourmand-com/"
"PrenotaUnCampo","https://www.eu-startups.com/directory/prenotauncampo/"
"Tau Group","https://www.eu-startups.com/directory/tau-group/"
"Xnext","https://www.eu-startups.com/directory/xnext/"
"RoxyApps","https://www.eu-startups.com/directory/roxyapps/"
"Mapendo S.r.l.","https://www.eu-startups.com/directory/mapendo-s-r-l/"
"Satispay","https://www.eu-startups.com/directory/satispay/"
"Nserta","https://www.eu-startups.com/directory/nserta/"
"Meritocracy","https://www.eu-startups.com/directory/meritocracy/"
"Buzzoole","https://www.eu-startups.com/directory/buzzoole/"
"Approda","https://www.eu-startups.com/directory/approda/"
"Tabero Hospitality Infotainment","https://www.eu-startups.com/directory/tabero-hospitality-infotainment/"
"UALA","https://www.eu-startups.com/directory/uala/"
"Wanderio","https://www.eu-startups.com/directory/wanderio/"
"Baasbox","https://www.eu-startups.com/directory/baasbox/"
"CharityStars","https://www.eu-startups.com/directory/charitystars/"
"Pedius","https://www.eu-startups.com/directory/pedius/"
"Smiling Srl","https://www.eu-startups.com/directory/smiling-srl/"
"CoContest","https://www.eu-startups.com/directory/cocontest/"
"Fitboard","https://www.eu-startups.com/directory/fitboard/"
"Jobbydoo.it","https://www.eu-startups.com/directory/jobbydoo-it/"
"Tannico","https://www.eu-startups.com/directory/tannico/"
"Stamplay","https://www.eu-startups.com/directory/stamplay/"
"mangatar","https://www.eu-startups.com/directory/mangatar/"
"Vivocha","https://www.eu-startups.com/directory/vivocha/"
"marinanow","https://www.eu-startups.com/directory/marinanow/"
"AppsBuilder","https://www.eu-startups.com/directory/appsbuilder/"
"FileRock","https://www.eu-startups.com/directory/filerock/"
"Talent Garden","https://www.eu-startups.com/directory/talent-garden/"
"MotorK","https://www.eu-startups.com/directory/motork/"
"Treedom","https://www.eu-startups.com/directory/treedom/"
"LUISS EnLabs","https://www.eu-startups.com/directory/luiss-enlabs/"
"Axess Power","https://www.eu-startups.com/directory/axess-power-2/"
"Bagno Italiano","https://www.eu-startups.com/directory/bagno-italiano/"
"Fubles","https://www.eu-startups.com/directory/fubles/"
"ROSE Intelligent Energy Management","https://www.eu-startups.com/directory/rose-intelligent-energy-management-energy-communities-predictive-maintenance/"