name,link
"Evotym","https://www.eu-startups.com/directory/evotym/"
"Mailerio","https://www.eu-startups.com/directory/mailerio/"
"SPEENRGY","https://www.eu-startups.com/directory/speenrgy/"
"Batsand","https://www.eu-startups.com/directory/batsand/"
"L-Blend","https://www.eu-startups.com/directory/l-blend/"
"Crowd Explorers","https://www.eu-startups.com/directory/crowd-explorers/"
"AiSAT","https://www.eu-startups.com/directory/aisat/"
"NFT4Charity.world","https://www.eu-startups.com/directory/nft4charityworld/"
"Adsmom","https://www.eu-startups.com/directory/adsmom/"
"MOOTD.ai","https://www.eu-startups.com/directory/mootdai/"
"XME","https://www.eu-startups.com/directory/xme/"
"Backlink Pilot","https://www.eu-startups.com/directory/backlink-pilot/"
"Fiidbakk","https://www.eu-startups.com/directory/fiidbakk/"
"Boring Dice","https://www.eu-startups.com/directory/boring-dice/"
"Fluxy.One","https://www.eu-startups.com/directory/fluxy.one"
"Fluxy.One","https://www.eu-startups.com/directory/fluxy.one"
"THEO Growth","https://www.eu-startups.com/directory/theo-growth/"
"Toolio","https://www.eu-startups.com/directory/toolio/"
"Rompolo","https://www.eu-startups.com/directory/rompolo/"
"Teamopipe","https://www.eu-startups.com/directory/teamopipe/"
"AirTools.ai","https://www.eu-startups.com/directory/airtoolsai/"
"Toolio","https://www.eu-startups.com/directory/toolio/"
"SUBmerge","https://www.eu-startups.com/directory/submerge/"
"Naco Technologies","https://www.eu-startups.com/directory/naco-technologies/"
"Cellbox Labs","https://www.eu-startups.com/directory/cellbox-labs/"
"Allockate","https://www.eu-startups.com/directory/allockate/"
"Saikne","https://www.eu-startups.com/directory/saikne/"
"Forma Campers","https://www.eu-startups.com/directory/forma-campers/"
"ORUGA","https://www.eu-startups.com/directory/oruga/"
"abill.io","https://www.eu-startups.com/directory/abillio/"
"EMPYRIO","https://www.eu-startups.com/directory/empyrio/"
"inGain","https://www.eu-startups.com/directory/ingain/"
"Adventum Tech","https://www.eu-startups.com/directory/adventum-tech/"
"Acoustic Technologies","https://www.eu-startups.com/directory/acoustic-technologies/"
"Selfnamed","https://www.eu-startups.com/directory/selfnamed/"
"Dosty","https://www.eu-startups.com/directory/dosty/"
"Orbit8","https://www.eu-startups.com/directory/orbit8/"
"Hyperscan","https://www.eu-startups.com/directory/hyperscan/"
"Green Growth","https://www.eu-startups.com/directory/green-growth/"
"Datorium","https://www.eu-startups.com/directory/datorium/"
"RivalSense","https://www.eu-startups.com/directory/rivalsense/"
"Interacty","https://www.eu-startups.com/directory/interacty/"
"Meetings Sucks","https://www.eu-startups.com/directory/meetings-sucks/"
"Request","https://www.eu-startups.com/directory/request/"
"Emotsy","https://www.eu-startups.com/directory/emotsy/"
"ChatHelp.ai","https://www.eu-startups.com/directory/chathelpai/"
"Booklee","https://www.eu-startups.com/directory/booklee/"
"Huntli","https://www.eu-startups.com/directory/huntli/"
"Proposer.ai","https://www.eu-startups.com/directory/proposer-ai/"
"Up2 Money","https://www.eu-startups.com/directory/up2-money/"
"LUMAG MACHINERY BALTIC","https://www.eu-startups.com/directory/lumag-machinery-baltic/"
"Ajelix","https://www.eu-startups.com/directory/ajelix/"
"AGROLATVIJA","https://www.eu-startups.com/directory/agrolatvija/"
"Writitude","https://www.eu-startups.com/directory/textok/"
"AgroRobot","https://www.eu-startups.com/directory/agrorobot/"
"Welfio","https://www.eu-startups.com/directory/welfio/"
"Intervy","https://www.eu-startups.com/directory/intervy/"
"#SRNT Serenity","https://www.eu-startups.com/directory/srnt-bdr-serenity/"
"Metalang","https://www.eu-startups.com/directory/metalang/"
"Request","https://www.eu-startups.com/directory/request/"
"Grindclaw","https://www.eu-startups.com/directory/grindclaw/"
"FYST","https://www.eu-startups.com/directory/fyst/"
"Finoma","https://www.eu-startups.com/directory/finoma/"
"FinMV","https://www.eu-startups.com/directory/finmv/"
"PhotoAI.me","https://www.eu-startups.com/directory/photoai-me/"
"HealthTechPro","https://www.eu-startups.com/directory/healthtechpro/"
"Jollity","https://www.eu-startups.com/directory/jollity/"
"Abillio","https://www.eu-startups.com/directory/abillio/"
"Twistoo.co","https://www.eu-startups.com/directory/twistoo-co/"
"Sell.xyz","https://www.eu-startups.com/directory/sell-xyz/"
"Wunderlinks","https://www.eu-startups.com/directory/wunderlinks/"
"JOB NUR, SIA","https://www.eu-startups.com/directory/job-nur-sia/"
"Sell.xyz","https://www.eu-startups.com/directory/sell-xyz-2/"
"Finamba","https://www.eu-startups.com/directory/finamba/"
"First Bit Coin","https://www.eu-startups.com/directory/first-bit-coin/"
"Sabre Games","https://www.eu-startups.com/directory/sabre-games/"
"Riga","https://www.eu-startups.com/directory/riga/"
"Reffy.io","https://www.eu-startups.com/directory/reffy-io/"
"Jobspage","https://www.eu-startups.com/directory/jobspage/"
"Inflact","https://www.eu-startups.com/directory/inflact/"
"Hyperjob","https://www.eu-startups.com/directory/hyperjob/"
"Huntli.io","https://www.eu-startups.com/directory/huntli-io/"
"Golden Sparrow","https://www.eu-startups.com/directory/golden-sparrow/"
"Fixtender","https://www.eu-startups.com/directory/fixtender/"
"Fish Peas","https://www.eu-startups.com/directory/fish-peas/"
"Enzymity","https://www.eu-startups.com/directory/enzymity/"
"enot.ai","https://www.eu-startups.com/directory/enot-ai/"
"Cubed","https://www.eu-startups.com/directory/cubed/"
"ClearPic","https://www.eu-startups.com/directory/clearpic/"
"Ayzd","https://www.eu-startups.com/directory/ayzd/"
"AiOO Latvia","https://www.eu-startups.com/directory/aioo-latvia/"
"Finscanner","https://www.eu-startups.com/directory/finscanner/"
"Elogium","https://www.eu-startups.com/directory/elogium/"
"Eloking","https://www.eu-startups.com/directory/eloking/"
"Self Named","https://www.eu-startups.com/directory/self-named/"
"MonaTek","https://www.eu-startups.com/directory/monatek/"
"Ligalio","https://www.eu-startups.com/directory/ligalio/"
"Biorefic","https://www.eu-startups.com/directory/biorefic/"
"Warden Machinery","https://www.eu-startups.com/directory/warden-machinery/"
"SimpleCharge","https://www.eu-startups.com/directory/simplecharge/"
"Ingramer","https://www.eu-startups.com/directory/ingramer/"
"My3D.Cloud","https://www.eu-startups.com/directory/my3d-cloud/"
"LendSecured","https://www.eu-startups.com/directory/lendsecured/"
"Foresight Esports","https://www.eu-startups.com/directory/foresight-esports/"
"TeihCram","https://www.eu-startups.com/directory/teihcram/"
"ChemCode","https://www.eu-startups.com/directory/chemcode/"
"Roibox","https://www.eu-startups.com/directory/roibox/"
"Mission Space","https://www.eu-startups.com/directory/mission-space/"
"PrintOnPack","https://www.eu-startups.com/directory/printonpack/"
"Moni365","https://www.eu-startups.com/directory/moni365/"
"CopyMonkey.ai","https://www.eu-startups.com/directory/copymonkey-ai-ai-content-for-e-commerce-more-than-just-a-gpt-3-generator/"
"Gusto.","https://www.eu-startups.com/directory/gusto/"
"World e-Com","https://www.eu-startups.com/directory/world-e-com/"
"TextSniper","https://www.eu-startups.com/directory/textsniper/"
"Stream Dream","https://www.eu-startups.com/directory/stream-dream/"
"Printscopia","https://www.eu-startups.com/directory/printscopia/"
"PrintOnPack.com","https://www.eu-startups.com/directory/printonpack-com/"
"HyMet Thermal Interfaces","https://www.eu-startups.com/directory/hymet-thermal-interfaces/"
"FjordHub.com","https://www.eu-startups.com/directory/fjordhub-com/"
"Dali Dali","https://www.eu-startups.com/directory/dali-dali/"
"PRIVYTECH","https://www.eu-startups.com/directory/privytech/"
"Ants & Apps","https://www.eu-startups.com/directory/ants-apps/"
"Corebook","https://www.eu-startups.com/directory/corebook-3/"
"CopyMonkey.AI","https://www.eu-startups.com/directory/copymonkey-ai/"
"CyAdviso","https://www.eu-startups.com/directory/cyadviso/"
"machinesearch.io","https://www.eu-startups.com/directory/machinesearch-io/"
"Naco","https://www.eu-startups.com/directory/naco/"
"Green Pixel","https://www.eu-startups.com/directory/green-pixel/"
"Family","https://www.eu-startups.com/directory/family/"
"Revpanda","https://www.eu-startups.com/directory/revpanda/"
"CureAIR","https://www.eu-startups.com/directory/cureair/"
"aptolux","https://www.eu-startups.com/directory/aptolux/"
"agencyJR","https://www.eu-startups.com/directory/agencyjr/"
"AGICortex","https://www.eu-startups.com/directory/agicortex/"
"VREACH","https://www.eu-startups.com/directory/vreach/"
"Baltic Tech Ventures","https://www.eu-startups.com/directory/baltic-tech-ventures/"
"HEROVet","https://www.eu-startups.com/directory/herovet/"
"ForkNAV","https://www.eu-startups.com/directory/forknav/"
"FjordHub","https://www.eu-startups.com/directory/fjordhub/"
"BeeSage","https://www.eu-startups.com/directory/beesage/"
"WeedBot","https://www.eu-startups.com/directory/weedbot/"
"Drafter AI","https://www.eu-startups.com/directory/drafter-ai/"
"eventrr","https://www.eu-startups.com/directory/eventrr/"
"PurOceans Technology™","https://www.eu-startups.com/directory/puroceans-technology/"
"GetFocused","https://www.eu-startups.com/directory/getfocused/"
"xTimer","https://www.eu-startups.com/directory/xtimer/"
"UPOlife","https://www.eu-startups.com/directory/upolife/"
"SMARTLAWS","https://www.eu-startups.com/directory/smartlaws/"
"GetBlock","https://www.eu-startups.com/directory/getblock/"
"Peero","https://www.eu-startups.com/directory/peero/"
"TheCoinrise.com","https://www.eu-startups.com/directory/thecoinrise-com/"
"The Littery","https://www.eu-startups.com/directory/the-littery/"
"Ritual Dive","https://www.eu-startups.com/directory/ritual-dive/"
"Repairo","https://www.eu-startups.com/directory/repairo/"
"PomaBrush","https://www.eu-startups.com/directory/pomabrush/"
"Octopus.do","https://www.eu-startups.com/directory/octopus-do/"
"NJ Media","https://www.eu-startups.com/directory/nj-media/"
"Megainsight","https://www.eu-startups.com/directory/megainsight/"
"Leadprom","https://www.eu-startups.com/directory/leadprom/"
"Flipful","https://www.eu-startups.com/directory/flipful/"
"FindaNode","https://www.eu-startups.com/directory/findanode/"
"Finchecker","https://www.eu-startups.com/directory/finchecker/"
"Crowdedhero","https://www.eu-startups.com/directory/crowdedhero/"
"Coinwema","https://www.eu-startups.com/directory/coinwema/"
"AZETA","https://www.eu-startups.com/directory/azeta/"
"Azeron","https://www.eu-startups.com/directory/azeron/"
"SpirulinaNord","https://www.eu-startups.com/directory/spirulinanord/"
"Snapio","https://www.eu-startups.com/directory/snapio/"
"Caliverse – Bodyweight Fitness","https://www.eu-startups.com/directory/caliverse-bodyweight-fitness/"
"Bookla","https://www.eu-startups.com/directory/bookla/"
"Bordio","https://www.eu-startups.com/directory/bordio/"
"Agagames","https://www.eu-startups.com/directory/agagames/"
"Yeyo Studio","https://www.eu-startups.com/directory/yeyo-studio/"
"Acure.io","https://www.eu-startups.com/directory/acure-io/"
"Riga Theatre","https://www.eu-startups.com/directory/riga-theatre-2/"
"Ardora","https://www.eu-startups.com/directory/ardora/"
"Zutzu","https://www.eu-startups.com/directory/zutzu/"
"Kora Sustainability","https://www.eu-startups.com/directory/kora-sustainability/"
"Exponential Technologies","https://www.eu-startups.com/directory/exponential-technologies/"
"Marine Digital","https://www.eu-startups.com/directory/marine-digital/"
"Kora","https://www.eu-startups.com/directory/kora/"
"five2lunch","https://www.eu-startups.com/directory/five2lunch/"
"Jeff App","https://www.eu-startups.com/directory/jeff-app/"
"Klix","https://www.eu-startups.com/directory/klix/"
"Partly","https://www.eu-startups.com/directory/partly/"
"Longenesis","https://www.eu-startups.com/directory/longenesis/"
"MarketForTickets","https://www.eu-startups.com/directory/marketfortickets/"
"Catalyco","https://www.eu-startups.com/directory/catalyco/"
"Freightplat","https://www.eu-startups.com/directory/freightplat/"
"Brette Haus","https://www.eu-startups.com/directory/brette-haus/"
"SATTVA Laboratories","https://www.eu-startups.com/directory/sattva-laboratories/"
"Asya.ai","https://www.eu-startups.com/directory/asya-ai/"
"ATOM Mobility","https://www.eu-startups.com/directory/atom-mobility-2/"
"ATOM Mobility","https://www.eu-startups.com/directory/atom-mobility/"
"U∙HODL","https://www.eu-startups.com/directory/u%e2%88%99hodl/"
"ZELF","https://www.eu-startups.com/directory/zelf/"
"Asya","https://www.eu-startups.com/directory/asya/"
"FertereX","https://www.eu-startups.com/directory/ferterex/"
"Aerones","https://www.eu-startups.com/directory/aerones/"
"Trackright.io","https://www.eu-startups.com/directory/trackright-io/"
"Vigo","https://www.eu-startups.com/directory/vigo/"
"ApexQubit","https://www.eu-startups.com/directory/apexqubit/"
"Jasper Therapeutics","https://www.eu-startups.com/directory/jasper-therapeutics/"
"CHISELL","https://www.eu-startups.com/directory/chisell/"
"LinkMagic","https://www.eu-startups.com/directory/linkmagic/"
"Medrego","https://www.eu-startups.com/directory/medrego/"
"Alternative Plants","https://www.eu-startups.com/directory/alternative-plants/"
"AgroPlatforma","https://www.eu-startups.com/directory/agroplatforma/"
"Fulfilli","https://www.eu-startups.com/directory/fulfilli/"
"Drone Pilot","https://www.eu-startups.com/directory/drone-pilot/"
"IBD Consulting","https://www.eu-startups.com/directory/ibd-consulting/"
"Zeew","https://www.eu-startups.com/directory/zeew/"
"UNIQCUBE","https://www.eu-startups.com/directory/uniqcube/"
"Nature Foods","https://www.eu-startups.com/directory/nature-foods/"
"Monify","https://www.eu-startups.com/directory/monify/"
"SpacePass","https://www.eu-startups.com/directory/spacepass/"
"Vialet","https://www.eu-startups.com/directory/vialet/"
"CENOS","https://www.eu-startups.com/directory/cenos/"
"Nature Science Technologies","https://www.eu-startups.com/directory/nature-science-technologies/"
"Beeble","https://www.eu-startups.com/directory/beeble/"
"SIA “Nordigen Solutions”","https://www.eu-startups.com/directory/sia-nordigen-solutions/"
"VIAINVEST","https://www.eu-startups.com/directory/viainvest/"
"OROCON","https://www.eu-startups.com/directory/orocon-2/"
"Grafomap","https://www.eu-startups.com/directory/grafomap/"
"Citintelly","https://www.eu-startups.com/directory/citintelly/"
"Lokalise","https://www.eu-startups.com/directory/lokalise/"
"Waystem","https://www.eu-startups.com/directory/waystem/"
"Mozello","https://www.eu-startups.com/directory/mozello/"
"CastPrint","https://www.eu-startups.com/directory/castprint/"
"Bindwise","https://www.eu-startups.com/directory/bindwise/"
"Printify","https://www.eu-startups.com/directory/printify/"
"Mintos","https://www.eu-startups.com/directory/mintos-2/"
"Latgales Granulas","https://www.eu-startups.com/directory/latgales-granulas/"
"Edurio","https://www.eu-startups.com/directory/edurio-2/"
"Purified","https://www.eu-startups.com/directory/purified/"
"DiGas","https://www.eu-startups.com/directory/digas/"
"Sonarworks","https://www.eu-startups.com/directory/sonarworks/"
"HYGEN","https://www.eu-startups.com/directory/hygen/"