name,link
"Avilo AS","https://www.eu-startups.com/directory/avilo-as/"
"Ask Zuro","https://www.eu-startups.com/directory/ask-zuro/"
"ListenAlert","https://www.eu-startups.com/directory/listenalert/"
"Breyta AS","https://www.eu-startups.com/directory/breyta-as/"
".Metrics","https://www.eu-startups.com/directory/metrics/"
"Founder-CRM","https://www.eu-startups.com/directory/founder-crm/"
"Intellipush","https://www.eu-startups.com/directory/intellipush/"
"Thread4","https://www.eu-startups.com/directory/thread4/"
"Mini Golf Spots","https://www.eu-startups.com/directory/mini-golf-spots/"
"Ceramic Coating Shops","https://www.eu-startups.com/directory/ceramic-coating-shops/"
"Medy","https://www.eu-startups.com/directory/medy/"
"Mynder","https://www.eu-startups.com/directory/mynder/"
"Nydalen Group","https://www.eu-startups.com/directory/nydalen-group/"
"Resiliq","https://www.eu-startups.com/directory/resiliq/"
"Medal Social AS","https://www.eu-startups.com/directory/medal-social-as/"
"Your Personal AI","https://www.eu-startups.com/directory/your-personal-ai/"
"Lifecycle PLM","https://www.eu-startups.com/directory/lifecycle-plm/"
"Trademate Sports","https://www.eu-startups.com/directory/trademate-sports/"
"Swayle","https://www.eu-startups.com/directory/swayle/"
"Newcode.ai","https://www.eu-startups.com/directory/newcodeai/"
"Bsure","https://www.eu-startups.com/directory/bsure/"
"Infinigrid","https://www.eu-startups.com/directory/infinigrid/"
"Tigeni","https://www.eu-startups.com/directory/tigeni/"
"SYRENNA","https://www.eu-startups.com/directory/syrenna/"
"Norsjór","https://www.eu-startups.com/directory/norsjor/"
"Neomare","https://www.eu-startups.com/directory/neomare/"
"Mitigrate","https://www.eu-startups.com/directory/mitigrate/"
"Kvikk Insurance","https://www.eu-startups.com/directory/kvikk-insurance/"
"Unicorn Platform","https://www.eu-startups.com/directory/unicorn-platform/"
"Element One Energy","https://www.eu-startups.com/directory/element-one-energy/"
"Windyfi","https://www.eu-startups.com/directory/windyfi/"
"Bev/ART","https://www.eu-startups.com/directory/bevart/"
"Bev/ART","https://www.eu-startups.com/directory/bevart/"
"Annuum","https://www.eu-startups.com/directory/annuum/"
"Ankerdb","https://www.eu-startups.com/directory/ankerdb/"
"We will write","https://www.eu-startups.com/directory/we-will-write/"
"WeMe Facilitators","https://www.eu-startups.com/directory/weme-facilitators/"
"VIERLIVE","https://www.eu-startups.com/directory/vierlive/"
"Versiro","https://www.eu-startups.com/directory/versiro/"
"UX Signals AS","https://www.eu-startups.com/directory/ux-signals-as/"
"Skarv Technologies","https://www.eu-startups.com/directory/skarv-technologies/"
"Cofondr","https://www.eu-startups.com/directory/cofondr/"
"Repairable","https://www.eu-startups.com/directory/repairable/"
"Reprice","https://www.eu-startups.com/directory/reprice/"
"Recharge Health","https://www.eu-startups.com/directory/recharge-health/"
"Quantitas Energy","https://www.eu-startups.com/directory/quantitas-energy/"
"Ocean Sun","https://www.eu-startups.com/directory/ocean-sun/"
"Kobla","https://www.eu-startups.com/directory/kobla/"
"Geniess","https://www.eu-startups.com/directory/geniess/"
"Dorysign","https://www.eu-startups.com/directory/dorysign/"
"Diri AS","https://www.eu-startups.com/directory/diri-as/"
"Conceptr","https://www.eu-startups.com/directory/conceptr/"
"celeri.today","https://www.eu-startups.com/directory/celeritoday/"
"Asistobe","https://www.eu-startups.com/directory/asistobe/"
"SEObot","https://www.eu-startups.com/directory/seobot/"
"Nortech","https://www.eu-startups.com/directory/nortech/"
"Databutton","https://www.eu-startups.com/directory/databutton/"
"Strise","https://www.eu-startups.com/directory/strise/"
"Countvisits","https://www.eu-startups.com/directory/countvisits/"
"SOREN HYDROGEN","https://www.eu-startups.com/directory/soren-hydrogen/"
"Fikse.co","https://www.eu-startups.com/directory/fikseco/"
"EYD","https://www.eu-startups.com/directory/eyd/"
"Dataoorts","https://www.eu-startups.com/directory/dataoorts/"
"AI Blog Generators","https://www.eu-startups.com/directory/ai-blog-generators/"
"Low Code Platforms","https://www.eu-startups.com/directory/low-code-platforms/"
"Low Code & No Code platforms","https://www.eu-startups.com/directory/low-code-no-code-platforms/"
"Skillscanner","https://www.eu-startups.com/directory/skillscanner/"
"Geoman","https://www.eu-startups.com/directory/geoman/"
"Eyer","https://www.eu-startups.com/directory/eyer/"
"Nexro","https://www.eu-startups.com/directory/nexro/"
"Planck Technologies AS","https://www.eu-startups.com/directory/planck-technologies-as/"
"znow","https://www.eu-startups.com/directory/znow/"
"Unicornplatform","https://www.eu-startups.com/directory/unicornplatform/"
"Intermediary AS","https://www.eu-startups.com/directory/intermediary-as/"
"Sine Delta","https://www.eu-startups.com/directory/sine-delta/"
"NordicHQ","https://www.eu-startups.com/directory/nordichq/"
"Scoped Solutions","https://www.eu-startups.com/directory/scoped-solutions/"
"Qubit Energy","https://www.eu-startups.com/directory/qubit-energy/"
"Marine Spark X","https://www.eu-startups.com/directory/marine-spark-x/"
"Nevemind","https://www.eu-startups.com/directory/nevemind/"
"CarbonCentrum","https://www.eu-startups.com/directory/carboncentrum/"
"Capture Energy","https://www.eu-startups.com/directory/capture-energy/"
"laiout","https://www.eu-startups.com/directory/laiout/"
"Ocean Oasis","https://www.eu-startups.com/directory/ocean-oasis/"
"Float UI","https://www.eu-startups.com/directory/float-ui/"
"Unicorn Platform","https://www.eu-startups.com/directory/unicorn-platform/"
"Fairsight","https://www.eu-startups.com/directory/fairsight/"
"CuttingRoom","https://www.eu-startups.com/directory/cuttingroom/"
"Bolig-Finans","https://www.eu-startups.com/directory/bolig-finans/"
"CityQ","https://www.eu-startups.com/directory/cityq/"
"Leie Leilighet","https://www.eu-startups.com/directory/leie-leilighet/"
"MASE Home","https://www.eu-startups.com/directory/mase-home/"
"TalEction","https://www.eu-startups.com/directory/talection/"
"Relynk","https://www.eu-startups.com/directory/relynk/"
"Powely","https://www.eu-startups.com/directory/powely/"
"ScreeningTale","https://www.eu-startups.com/directory/screeningtale/"
"Sustie","https://www.eu-startups.com/directory/sustie/"
"Manymore.com","https://www.eu-startups.com/directory/manymore-com/"
"Kosli","https://www.eu-startups.com/directory/kosli/"
"Ski Bygg","https://www.eu-startups.com/directory/ski-bygg/"
"ClexBio","https://www.eu-startups.com/directory/clexbio/"
"Workability","https://www.eu-startups.com/directory/workability/"
"AKER CLEAN","https://www.eu-startups.com/directory/aker-clean/"
"Agoro Carbon Alliance","https://www.eu-startups.com/directory/agoro-carbon-alliance/"
"Presail","https://www.eu-startups.com/directory/presail/"
"MarsX","https://www.eu-startups.com/directory/marsx/"
"MIR Insight","https://www.eu-startups.com/directory/mir-insight/"
"Sloyd","https://www.eu-startups.com/directory/sloyd/"
"Propl","https://www.eu-startups.com/directory/propl/"
"Kobler","https://www.eu-startups.com/directory/kobler/"
"AddMeetings","https://www.eu-startups.com/directory/addmeetings/"
"Aqualung Carbon Capture","https://www.eu-startups.com/directory/aqualung-carbon-capture/"
"Chew","https://www.eu-startups.com/directory/chew/"
"Shapemaker","https://www.eu-startups.com/directory/shapemaker/"
"Screeenstab","https://www.eu-startups.com/directory/screeenstab/"
"Link Retail","https://www.eu-startups.com/directory/link-retail/"
"Turbulent Flux","https://www.eu-startups.com/directory/turbulent-flux-2/"
"Tudu","https://www.eu-startups.com/directory/tudu/"
"Urban Sharing","https://www.eu-startups.com/directory/urban-sharing/"
"LessAdmin","https://www.eu-startups.com/directory/lessadmin-hr-management/"
"ZTL Payment Solution","https://www.eu-startups.com/directory/ztl-payment-solution/"
"Tatovering for deg","https://www.eu-startups.com/directory/tatovering-for-deg/"
"Energi.ai","https://www.eu-startups.com/directory/energi-ai/"
"Dovetail","https://www.eu-startups.com/directory/dovetail/"
"Breyta","https://www.eu-startups.com/directory/breyta/"
"Journey Group","https://www.eu-startups.com/directory/journey-group/"
"Mainbrainer","https://www.eu-startups.com/directory/mainbrainer/"
"Oamly","https://www.eu-startups.com/directory/oamly/"
"Enode","https://www.eu-startups.com/directory/enode/"
"SmartEmploy","https://www.eu-startups.com/directory/smartemploy/"
"Bluefront Equity","https://www.eu-startups.com/directory/bluefront-equity/"
"Aker Horizons","https://www.eu-startups.com/directory/aker-horizons/"
"Aker Carbon Capture","https://www.eu-startups.com/directory/aker-carbon-capture/"
"Your Personal Professor","https://www.eu-startups.com/directory/your-personal-professor/"
"Findable","https://www.eu-startups.com/directory/findable/"
"Shepherd","https://www.eu-startups.com/directory/shepherd/"
"Videolegevakt","https://www.eu-startups.com/directory/videolegevakt/"
"Wamapp","https://www.eu-startups.com/directory/wamapp/"
"Infinite Mobility","https://www.eu-startups.com/directory/infinite-mobility-2/"
"Campanyon","https://www.eu-startups.com/directory/campanyon/"
"Infinite Mobility","https://www.eu-startups.com/directory/infinite-mobility/"
"Scalando","https://www.eu-startups.com/directory/scalando/"
"tasti.TECH","https://www.eu-startups.com/directory/tasti-tech/"
"Bueno","https://www.eu-startups.com/directory/bueno/"
"FactoryMind","https://www.eu-startups.com/directory/factorymind/"
"Wai Genetics","https://www.eu-startups.com/directory/wai-genetics/"
"SØMLØS","https://www.eu-startups.com/directory/somlos/"
"Solstorm","https://www.eu-startups.com/directory/solstorm/"
"Morrow Batteries","https://www.eu-startups.com/directory/morrow-batteries/"
"7Analytics","https://www.eu-startups.com/directory/7analytics/"
"Advokatguiden.no","https://www.eu-startups.com/directory/advokatguiden-no/"
"Modulize","https://www.eu-startups.com/directory/modulize/"
"Metzum","https://www.eu-startups.com/directory/metzum/"
"Lunsj","https://www.eu-startups.com/directory/lunsj/"
"Plaace","https://www.eu-startups.com/directory/plaace/"
"Heaten","https://www.eu-startups.com/directory/heaten/"
"Campio","https://www.eu-startups.com/directory/acamp/"
"Glint Solar","https://www.eu-startups.com/directory/glint-solar/"
"Savvie","https://www.eu-startups.com/directory/savvie/"
"Flow Bio","https://www.eu-startups.com/directory/flow-bio/"
"Speiz","https://www.eu-startups.com/directory/speiz/"
"Cimon Medical","https://www.eu-startups.com/directory/cimon-medical/"
"UrbanDataLab","https://www.eu-startups.com/directory/urbandatalab/"
"Wanda.space","https://www.eu-startups.com/directory/wanda-space/"
"Volue","https://www.eu-startups.com/directory/volue/"
"Two","https://www.eu-startups.com/directory/two/"
"Travelin.ai","https://www.eu-startups.com/directory/travelin-ai/"
"TribeShares","https://www.eu-startups.com/directory/tribeshares/"
"TRY Pearl","https://www.eu-startups.com/directory/try-pearl/"
"Storeshop","https://www.eu-startups.com/directory/storeshop/"
"Solgt no","https://www.eu-startups.com/directory/solgt-no/"
"SentiSystems","https://www.eu-startups.com/directory/sentisystems/"
"Scoopr","https://www.eu-startups.com/directory/scoopr/"
"ONNA Farming","https://www.eu-startups.com/directory/onna-farming/"
"Omaken Sports","https://www.eu-startups.com/directory/omaken-sports/"
"Master Wizr","https://www.eu-startups.com/directory/master-wizr/"
"ZIOT Solutions","https://www.eu-startups.com/directory/ziot-solutions/"
"Mobidoctor","https://www.eu-startups.com/directory/mobidoctor/"
"Flexistore Minilager Oslo","https://www.eu-startups.com/directory/flexistore-minilager-oslo/"
"Neat","https://www.eu-startups.com/directory/neat/"
"AniPort","https://www.eu-startups.com/directory/aniport/"
"Stackupp","https://www.eu-startups.com/directory/stackupp/"
"Link Retail","https://www.eu-startups.com/directory/link-retail-2/"
"Tundra Drone","https://www.eu-startups.com/directory/tundra-drone/"
"Varig","https://www.eu-startups.com/directory/varig/"
"Decarbonify","https://www.eu-startups.com/directory/decarbonify/"
"Crew Media AS","https://www.eu-startups.com/directory/crew-media-as/"
"Spa Huset","https://www.eu-startups.com/directory/spa-huset/"
"sprove","https://www.eu-startups.com/directory/sprove/"
"MedSeg","https://www.eu-startups.com/directory/medseg/"
"Nomono","https://www.eu-startups.com/directory/nomono/"
"LimeStory","https://www.eu-startups.com/directory/limestory/"
"Oceanbolt","https://www.eu-startups.com/directory/oceanbolt/"
"Kitemaker","https://www.eu-startups.com/directory/kitemaker/"
"Goscore","https://www.eu-startups.com/directory/goscore/"
"ScaleUp Lab","https://www.eu-startups.com/directory/scaleup-lab/"
"Forkbeard Technologies","https://www.eu-startups.com/directory/forkbeard-technologies/"
"Screenz","https://www.eu-startups.com/directory/screenz/"
"Fiven","https://www.eu-startups.com/directory/fiven/"
"D-Fetch","https://www.eu-startups.com/directory/d-fetch/"
"Desktop.com","https://www.eu-startups.com/directory/desktop-com/"
"Coinpanda","https://www.eu-startups.com/directory/coinpanda/"
"Cleria","https://www.eu-startups.com/directory/cleria/"
"Testhub","https://www.eu-startups.com/directory/testhub/"
"Virdi.no","https://www.eu-startups.com/directory/virdi-no/"
"Visualyst","https://www.eu-startups.com/directory/visualyst/"
"Adevinta","https://www.eu-startups.com/directory/adevinta/"
"SynPlan","https://www.eu-startups.com/directory/synplan/"
"Talentech","https://www.eu-startups.com/directory/talentech/"
"Bulder Bank","https://www.eu-startups.com/directory/bulder-bank/"
"Fiven AS","https://www.eu-startups.com/directory/fiven-as/"
"Gen2 Energy","https://www.eu-startups.com/directory/gen2-energy/"
"Ryde Technology","https://www.eu-startups.com/directory/ryde-technology/"
"Iris.ai","https://www.eu-startups.com/directory/iris-ai/"
"Publicisto","https://www.eu-startups.com/directory/publicisto/"
"Timely App","https://www.eu-startups.com/directory/timely-app/"
"Dolittle","https://www.eu-startups.com/directory/dolittle/"
"Brim Explorer","https://www.eu-startups.com/directory/brim-explorer/"
"FREYR","https://www.eu-startups.com/directory/freyr/"
"VEENNER","https://www.eu-startups.com/directory/veenner/"
"Anue","https://www.eu-startups.com/directory/anue/"
"Maindeck","https://www.eu-startups.com/directory/maindeck/"
"Equality Check","https://www.eu-startups.com/directory/equality-check/"
"Grogro","https://www.eu-startups.com/directory/grogro/"
"Drowzee","https://www.eu-startups.com/directory/drowzee-2/"
"Lendonomy","https://www.eu-startups.com/directory/lendonomy/"
"Drowzee","https://www.eu-startups.com/directory/drowzee/"
"Oslo SEO","https://www.eu-startups.com/directory/oslo-seo/"
"Mingl","https://www.eu-startups.com/directory/mingl/"
"Minuendo","https://www.eu-startups.com/directory/minuendo/"
"Manolin","https://www.eu-startups.com/directory/manolin/"
"imove","https://www.eu-startups.com/directory/imove/"
"Pioner Labs","https://www.eu-startups.com/directory/pioner-labs/"
"Pode","https://www.eu-startups.com/directory/pode/"
"Heligarden","https://www.eu-startups.com/directory/heligarden/"
"RagnaRock Geo","https://www.eu-startups.com/directory/ragnarock-geo/"
"Rebartek","https://www.eu-startups.com/directory/rebartek/"
"Recurrent","https://www.eu-startups.com/directory/recurrent/"
"ScaleupXQ","https://www.eu-startups.com/directory/scaleupxq/"
"Floord","https://www.eu-startups.com/directory/floord/"
"EVVA Finanzas","https://www.eu-startups.com/directory/evva-finanzas/"
"ShiftX","https://www.eu-startups.com/directory/shiftx/"
"AmmaCreative","https://www.eu-startups.com/directory/ammacreative/"
"Waved","https://www.eu-startups.com/directory/waved/"
"AdChina.io","https://www.eu-startups.com/directory/adchina-io/"
"Watch Vault AS","https://www.eu-startups.com/directory/watch-vault-as/"
"Tjommi","https://www.eu-startups.com/directory/tjommi/"
"Desuvit","https://www.eu-startups.com/directory/desuvit/"
"Horde","https://www.eu-startups.com/directory/horde/"
"Intoto","https://www.eu-startups.com/directory/intoto/"
"Norse Feedback","https://www.eu-startups.com/directory/norse-feedback/"
"Mimiro","https://www.eu-startups.com/directory/mimiro/"
"DigiFarm","https://www.eu-startups.com/directory/digifarm/"
"PortalOne","https://www.eu-startups.com/directory/portalone/"
"Cavai","https://www.eu-startups.com/directory/cavai/"
"Raa Labs","https://www.eu-startups.com/directory/raa-labs/"
"Variant","https://www.eu-startups.com/directory/variant/"
"Arkwright X","https://www.eu-startups.com/directory/arkwright-x/"
"Teston","https://www.eu-startups.com/directory/teston/"
"Aquabyte","https://www.eu-startups.com/directory/aquabyte/"
"Applied Autonomy","https://www.eu-startups.com/directory/applied-autonomy/"
"Dr.Dropin","https://www.eu-startups.com/directory/dr-dropin/"
"Wind Catching Systems","https://www.eu-startups.com/directory/wind-catching-systems/"
"visualiz","https://www.eu-startups.com/directory/visualiz/"
"Preppio","https://www.eu-startups.com/directory/preppio/"
"GrepS","https://www.eu-startups.com/directory/greps/"
"Greensight","https://www.eu-startups.com/directory/greensight/"
"qbee","https://www.eu-startups.com/directory/qbee/"
"Globus.ai","https://www.eu-startups.com/directory/globus-ai/"
"Quesnay","https://www.eu-startups.com/directory/quesnay/"
"Quine","https://www.eu-startups.com/directory/quine/"
"Scout Drone Inspection","https://www.eu-startups.com/directory/scout-drone-inspection/"
"Folio","https://www.eu-startups.com/directory/folio/"
"Flexibility","https://www.eu-startups.com/directory/flexibility/"
"Fishency Innovation","https://www.eu-startups.com/directory/fishency-innovation/"
"Simplifai","https://www.eu-startups.com/directory/simplifai/"
"Enjoy.ly","https://www.eu-startups.com/directory/enjoy-ly/"
"qbee AS","https://www.eu-startups.com/directory/qbee-as/"
"Eir of Norway","https://www.eu-startups.com/directory/eir-of-norway/"
"Smart Cylinders","https://www.eu-startups.com/directory/smart-cylinders/"
"Diwala","https://www.eu-startups.com/directory/diwala/"
"Dintero","https://www.eu-startups.com/directory/dintero/"
"Deep Insight","https://www.eu-startups.com/directory/deep-insight/"
"Dealflow","https://www.eu-startups.com/directory/dealflow/"
"Cydef","https://www.eu-startups.com/directory/cydef/"
"Cordel","https://www.eu-startups.com/directory/cordel/"
"Cubit","https://www.eu-startups.com/directory/cubit/"
"Confrere","https://www.eu-startups.com/directory/confrere/"
"Compax Solutions","https://www.eu-startups.com/directory/compax-solutions/"
"Cognitec","https://www.eu-startups.com/directory/cognitec/"
"Cognite","https://www.eu-startups.com/directory/cognite/"
"Circular Norway","https://www.eu-startups.com/directory/circular-norway/"
"ChargeGuard","https://www.eu-startups.com/directory/chargeguard/"
"Think Outside","https://www.eu-startups.com/directory/think-outside/"
"Capeesh","https://www.eu-startups.com/directory/capeesh/"
"Busy","https://www.eu-startups.com/directory/busy/"
"Blue Lice","https://www.eu-startups.com/directory/blue-lice/"
"Argeo AS","https://www.eu-startups.com/directory/argeo-as/"
"WIO","https://www.eu-startups.com/directory/wio/"
"Working Group Two","https://www.eu-startups.com/directory/working-group-two/"
"Appfarm","https://www.eu-startups.com/directory/appfarm/"
"Anyone","https://www.eu-startups.com/directory/anyone/"
"Alphafish","https://www.eu-startups.com/directory/alphafish/"
"Zendera","https://www.eu-startups.com/directory/zendera/"
"Aivero","https://www.eu-startups.com/wpbdp_listing/aivero/"
"Age Labs","https://www.eu-startups.com/directory/age-labs/"
"Abelee","https://www.eu-startups.com/directory/abelee/"
"Vignita","https://www.eu-startups.com/directory/vignita/"
"NorskCasinoSpot","https://www.eu-startups.com/directory/norskcasinospot/"
"Rayvn","https://www.eu-startups.com/directory/rayvn/"
"Dagens","https://www.eu-startups.com/directory/dagens/"
"Coupler","https://www.eu-startups.com/directory/coupler/"
"Askeladden & Co","https://www.eu-startups.com/directory/askeladden-co/"
"Skyfri","https://www.eu-startups.com/directory/skyfri/"
"Mesier","https://www.eu-startups.com/directory/mesier/"
"Powerzeek","https://www.eu-startups.com/directory/powerzeek/"
"Aprila Bank","https://www.eu-startups.com/directory/aprila-bank/"
"Zeipt AS","https://www.eu-startups.com/directory/zeipt-as/"
"Fluid Metal 3D","https://www.eu-startups.com/directory/fluid-metal-3d/"
"Wiral","https://www.eu-startups.com/directory/wiral/"
"Sanity","https://www.eu-startups.com/directory/sanity/"
"Otovo","https://www.eu-startups.com/directory/otovo/"
"Payr","https://www.eu-startups.com/directory/payr/"
"FJONG","https://www.eu-startups.com/directory/fjong/"
"Spacemaker","https://www.eu-startups.com/directory/spacemaker/"
"inzpire.me","https://www.eu-startups.com/directory/inzpire-me/"
"SAGA ROBOTICS / THORVALD","https://www.eu-startups.com/directory/saga-robotics-thorvald/"
"CrowdWorks","https://www.eu-startups.com/directory/crowdworks/"
"Brandpad","https://www.eu-startups.com/directory/brandpad/"
"MIRIS","https://www.eu-startups.com/directory/miris/"
"Mode Sensors","https://www.eu-startups.com/directory/mode-sensors/"
"Monetor","https://www.eu-startups.com/directory/monetor/"
"Monner","https://www.eu-startups.com/directory/monner/"
"Mediability","https://www.eu-startups.com/directory/mediability/"
"Marketer Technologies","https://www.eu-startups.com/directory/marketer-technologies/"
"Movel","https://www.eu-startups.com/directory/movel/"
"MovieMask","https://www.eu-startups.com/directory/moviemask/"
"MyProduction","https://www.eu-startups.com/directory/myproduction/"
"MakePlans","https://www.eu-startups.com/directory/makeplans/"
"Machine Prognostics","https://www.eu-startups.com/directory/machine-prognostics/"
"Lucidtech","https://www.eu-startups.com/directory/lucidtech/"
"IOT Solutions","https://www.eu-startups.com/directory/iot-solutions/"
"Pandion Energy","https://www.eu-startups.com/directory/pandion-energy/"
"Pawa","https://www.eu-startups.com/directory/pawa/"
"Intelecy","https://www.eu-startups.com/directory/intelecy/"
"Perx","https://www.eu-startups.com/directory/perx/"
"IncludeOS","https://www.eu-startups.com/directory/includeos/"
"Pineleaf Studio","https://www.eu-startups.com/directory/pineleaf-studio/"
"Ignite Procurement","https://www.eu-startups.com/directory/ignite-procurement/"
"Porterbuddy","https://www.eu-startups.com/directory/porterbuddy/"
"Proff","https://www.eu-startups.com/directory/proff/"
"Getonnet","https://www.eu-startups.com/directory/getonnet/"
"Geddit","https://www.eu-startups.com/directory/geddit/"
"FundingPartner","https://www.eu-startups.com/directory/fundingpartner/"
"RQSTIVAL","https://www.eu-startups.com/directory/rqstival/"
"SammeVei","https://www.eu-startups.com/directory/sammevei/"
"Scrimba","https://www.eu-startups.com/directory/scrimba/"
"Fonn Construction","https://www.eu-startups.com/directory/fonn-construction/"
"Semine","https://www.eu-startups.com/directory/semine/"
"Fixrate","https://www.eu-startups.com/directory/fixrate/"
"Sensibel","https://www.eu-startups.com/directory/sensibel/"
"Sevendof","https://www.eu-startups.com/directory/sevendof/"
"Sharebox","https://www.eu-startups.com/directory/sharebox/"
"Fieldmade","https://www.eu-startups.com/directory/fieldmade/"
"Exabel","https://www.eu-startups.com/directory/exabel/"
"Eyr","https://www.eu-startups.com/directory/eyr/"
"Simplylearn","https://www.eu-startups.com/directory/simplylearn/"
"Sonoclear","https://www.eu-startups.com/directory/sonoclear/"
"Skooler","https://www.eu-startups.com/directory/skooler/"
"Spacemaker AI","https://www.eu-startups.com/directory/spacemaker-ai/"
"Ecura","https://www.eu-startups.com/directory/ecura/"
"Earth Science Analytics","https://www.eu-startups.com/directory/earth-science-analytics/"
"dojob","https://www.eu-startups.com/directory/dojob/"
"Decisions","https://www.eu-startups.com/directory/decisions/"
"Dataunitor","https://www.eu-startups.com/directory/dataunitor/"
"Crimson","https://www.eu-startups.com/directory/crimson/"
"Convertelligence","https://www.eu-startups.com/directory/convertelligence/"
"Styletime","https://www.eu-startups.com/directory/styletime/"
"CloudWay","https://www.eu-startups.com/directory/cloudway/"
"Cloud Insurance","https://www.eu-startups.com/directory/cloud-insurance/"
"Task Analytics","https://www.eu-startups.com/directory/task-analytics/"
"Techstep ASA","https://www.eu-startups.com/directory/techstep-asa/"
"Teknett","https://www.eu-startups.com/directory/teknett/"
"CarePacks","https://www.eu-startups.com/directory/carepacks/"
"BuiltOn","https://www.eu-startups.com/directory/builton/"
"Bruse","https://www.eu-startups.com/directory/bruse/"
"Brevio","https://www.eu-startups.com/directory/brevio/"
"Bredvid","https://www.eu-startups.com/directory/bredvid/"
"Bookis","https://www.eu-startups.com/directory/bookis/"
"BoldBooks","https://www.eu-startups.com/directory/boldbooks/"
"TikkTalk","https://www.eu-startups.com/directory/tikktalk/"
"Tixio Technologies","https://www.eu-startups.com/directory/tixio-technologies/"
"Bits","https://www.eu-startups.com/directory/bits/"
"Tribe Insurance","https://www.eu-startups.com/directory/tribe-insurance/"
"Be Your Best","https://www.eu-startups.com/directory/be-your-best/"
"Turbulent Flux","https://www.eu-startups.com/directory/turbulent-flux/"
"Unite Living","https://www.eu-startups.com/directory/unite-living/"
"ayfie Group","https://www.eu-startups.com/directory/ayfie-group/"
"Versor","https://www.eu-startups.com/directory/versor/"
"Vilect AI","https://www.eu-startups.com/directory/vilect-ai/"
"Vizda","https://www.eu-startups.com/directory/vizda/"
"Atilika","https://www.eu-startups.com/directory/atilika/"
"Wide Assessment","https://www.eu-startups.com/directory/wide-assessment/"
"AquacultureTalent","https://www.eu-startups.com/directory/aquaculturetalent/"
"Zelluna","https://www.eu-startups.com/directory/zelluna/"
"Airtight","https://www.eu-startups.com/directory/airtight/"
"AIA Science","https://www.eu-startups.com/directory/aia-science/"
"AdTube","https://www.eu-startups.com/directory/adtube/"
"Adnuntius","https://www.eu-startups.com/directory/adnuntius/"
"4 PHASES","https://www.eu-startups.com/directory/4-phases-as/"
"LANARS","https://www.eu-startups.com/directory/lanars/"
"Marketer Technologies","https://www.eu-startups.com/directory/marketer-technologies-2/"
"Hudya","https://www.eu-startups.com/directory/hudya/"
"Payr","https://www.eu-startups.com/directory/payr-2/"
"Eyr","https://www.eu-startups.com/directory/eyr-2/"
"Cycled Technologies","https://www.eu-startups.com/directory/cycled-technologies/"
"Kindly","https://www.eu-startups.com/directory/kindly/"
"Kindernay","https://www.eu-startups.com/directory/kindernay/"
"Spacemaker AI","https://www.eu-startups.com/directory/spacemaker-ai-2/"
"Tibber","https://www.eu-startups.com/directory/tibber-2/"
"ClevAir","https://www.eu-startups.com/directory/clevair/"
"Spiff","https://www.eu-startups.com/directory/spiff/"
"Leieting.no","https://www.eu-startups.com/directory/leieting-no/"
"No Isolation","https://www.eu-startups.com/directory/no-isolation/"
"Gobi Technologies","https://www.eu-startups.com/directory/gobi-technologies/"
"Smart Plants","https://www.eu-startups.com/directory/smart-plants/"
"Nabobil by Getaround","https://www.eu-startups.com/directory/nabobil-by-getaround/"
"RetailFlux","https://www.eu-startups.com/directory/retailflux-inc/"
"ScanReach","https://www.eu-startups.com/directory/scanreach/"
"Blueye Robotics","https://www.eu-startups.com/directory/blueye-robotics/"
"Heimdall Power","https://www.eu-startups.com/directory/heimdall-power/"
"Ably Medical","https://www.eu-startups.com/directory/ably-medical/"
"Way Trafikkskole","https://www.eu-startups.com/directory/way-trafikkskole/"
"GRIFF Aviation","https://www.eu-startups.com/directory/griff-aviation/"
"Servebolt","https://www.eu-startups.com/directory/servebolt/"
"Villoid","https://www.eu-startups.com/directory/villoid/"
"Blockbonds","https://www.eu-startups.com/directory/blockbonds/"
"reTyre","https://www.eu-startups.com/directory/retyre/"
"Picterus","https://www.eu-startups.com/directory/picterus/"
"SurplusHub International","https://www.eu-startups.com/directory/surplushub-international-as/"
"Anzyz Technologies","https://www.eu-startups.com/directory/anzyz-technologies/"
"Imerso","https://www.eu-startups.com/directory/imerso/"
"Ducky","https://www.eu-startups.com/directory/ducky/"
"Xeneta","https://www.eu-startups.com/directory/xeneta/"
"Alginor ASA","https://www.eu-startups.com/directory/alginor-asa/"
"Documaster","https://www.eu-startups.com/directory/documaster/"
"SalesScreen","https://www.eu-startups.com/directory/salesscreen/"
"Quantafuel","https://www.eu-startups.com/directory/quantafuel/"
"Spond","https://www.eu-startups.com/directory/spond/"
"VISAVI Technology","https://www.eu-startups.com/directory/visavi-technology/"
"Liber Finance Group","https://www.eu-startups.com/directory/liber-finance-group/"
"Terp","https://www.eu-startups.com/directory/terp/"
"Vivaldi","https://www.eu-startups.com/directory/vivaldi/"
"Whereby","https://www.eu-startups.com/directory/whereby/"
"Memory","https://www.eu-startups.com/directory/memory/"
"Meshcrafts","https://www.eu-startups.com/directory/meshcrafts-as/"
"KUBAS Labs","https://www.eu-startups.com/directory/kubas-labs/"
"LiftIT","https://www.eu-startups.com/directory/liftit/"
"Greenbird Integration Technology","https://www.eu-startups.com/directory/greenbird-integration-technology/"
"Greenbird","https://www.eu-startups.com/directory/greenbird/"
"Bimsync","https://www.eu-startups.com/directory/bimsync/"
"Rattle Tech","https://www.eu-startups.com/directory/rattle-tech-iot-mobile-app-development/"