Name,Link
"InAppStory","https://www.eu-startups.com/directory/inappstory-2/"
"Widget.video","https://www.eu-startups.com/directory/widgetvideo/"
"Papayya","https://www.eu-startups.com/directory/papayya/"
"HostyAI","https://www.eu-startups.com/directory/hostyai/"
"GiGzy","https://www.eu-startups.com/directory/gigzy/"
"Maven Pet","https://www.eu-startups.com/directory/maven-pet/"
"InAppStory","https://www.eu-startups.com/directory/inappstory/"
"Rent Anything","https://www.eu-startups.com/directory/rent-anything/"
"Enline","https://www.eu-startups.com/directory/enline/"
"Seamoretech","https://www.eu-startups.com/directory/seamoretech/"
"Blue Insight Technologies","https://www.eu-startups.com/directory/blue-insight-technologies/"
"Tradebp","https://www.eu-startups.com/directory/tradebp/"
"Bamble","https://www.eu-startups.com/directory/bamble/"
"RD2Buzz Europa","https://www.eu-startups.com/directory/rd2buzz-europa/"
"Vet Before Peet","https://www.eu-startups.com/directory/vet-before-peet/"
"ScholarLink","https://www.eu-startups.com/directory/scholarlink/"
"Endo","https://www.eu-startups.com/directory/endo/"
"VedeVolta","https://www.eu-startups.com/directory/vedevolta/"
"Glidescale","https://www.eu-startups.com/directory/glidescale/"
"Niara","https://www.eu-startups.com/directory/niara/"
"Seeds on Wheels","https://www.eu-startups.com/directory/seeds-on-wheels/"
"Jsonify","https://www.eu-startups.com/directory/jsonify/"
"hosyAI","https://www.eu-startups.com/directory/hosyai/"
"Midcontract","https://www.eu-startups.com/directory/midcontract/"
"Susplus","https://www.eu-startups.com/directory/susplus/"
"F4A – Forest for All","https://www.eu-startups.com/directory/f4a-forest-for-all/"
"URBNED","https://www.eu-startups.com/directory/urbned/"
"Apollo Medica","https://www.eu-startups.com/directory/apollo-medica/"
"ByTheLaw","https://www.eu-startups.com/directory/bythelaw/"
"Denergyfarm","https://www.eu-startups.com/directory/denergyfarm/"
"Laya cycle","https://www.eu-startups.com/directory/laya-cycle/"
"Assumart","https://www.eu-startups.com/directory/assumart/"
"Lighttheworldhub","https://www.eu-startups.com/directory/lighttheworldhub/"
"Jetconf","https://www.eu-startups.com/directory/jetconf/"
"LogisticsWMS","https://www.eu-startups.com/directory/logisticswms/"
"Tilect","https://www.eu-startups.com/directory/tilect/"
"Vume","https://www.eu-startups.com/directory/vume/"
"OpticalBackup","https://www.eu-startups.com/directory/opticalbackup/"
"Whalegistic","https://www.eu-startups.com/directory/whalegistic/"
"& Smart Solutions Platform","https://www.eu-startups.com/directory/smart-solutions-platform/"
"nn.partners","https://www.eu-startups.com/directory/nnpartners/"
"mindswiftly","https://www.eu-startups.com/directory/mindswiftly/"
"Text Repeater","https://www.eu-startups.com/directory/text-repeater/"
"Medgical","https://www.eu-startups.com/directory/medgical/"
"AI Answer Generator","https://www.eu-startups.com/directory/ai-answer-generator/"
"Emoji Generator AI","https://www.eu-startups.com/directory/emoji-generator-ai/"
"Smarty Care","https://www.eu-startups.com/directory/smarty-care/"
"Social Growth Engineers","https://www.eu-startups.com/directory/social-growth-engineers/"
"Infinite Craft Guide","https://www.eu-startups.com/directory/infinite-craft-guide/"
"CATCH","https://www.eu-startups.com/directory/catch/"
"PostSprouts","https://www.eu-startups.com/directory/postsprouts/"
"Squad Central","https://www.eu-startups.com/directory/squad-central/"
"Bleisured","https://www.eu-startups.com/directory/bleisured/"
"The Craft Joy","https://www.eu-startups.com/directory/the-craft-joy/"
"Globemonitor","https://www.eu-startups.com/directory/globemonitor/"
"Summ","https://www.eu-startups.com/directory/summ/"
"Yorba","https://www.eu-startups.com/directory/yorba/"
"DnD Name Generator","https://www.eu-startups.com/directory/dnd-name-generator/"
"Obi Helper","https://www.eu-startups.com/directory/obi-helper/"
"D-Squad Digital Media Agency","https://www.eu-startups.com/directory/d-squad-digital-media-agency/"
"Globemonitor","https://www.eu-startups.com/directory/globemonitor/"
"PRODUCT SCOPE LABS LLC","https://www.eu-startups.com/directory/product-scope-labs-llc/"
"Outlaw Parts Culture","https://www.eu-startups.com/directory/outlaw-parts-culture/"
"Holipay.io","https://www.eu-startups.com/directory/holipayio/"
"Zendo.cc","https://www.eu-startups.com/directory/zendocc/"
"BoostBerry","https://www.eu-startups.com/directory/boostberry/"
"BondSmartly","https://www.eu-startups.com/directory/bondsmartly/"
"Homeshot Pro","https://www.eu-startups.com/directory/homeshot-pro/"
"Phi Wallet","https://www.eu-startups.com/directory/phi-wallet/"
"Shortimize","https://www.eu-startups.com/directory/shortimize/"
"CleanSnap","https://www.eu-startups.com/directory/cleansnap/"
"FOOTAR","https://www.eu-startups.com/directory/footar/"
"AI Directories","https://www.eu-startups.com/directory/ai-directories/"
"Hygeia","https://www.eu-startups.com/directory/hygeia/"
"ablute_","https://www.eu-startups.com/directory/ablute_/"
"HeyFably","https://www.eu-startups.com/directory/heyfably/"
"TestaTek","https://www.eu-startups.com/directory/testatek/"
"Zesty","https://www.eu-startups.com/directory/zesty/"
"Zoomguide","https://www.eu-startups.com/directory/zoomguide/"
"VirtuaCrop","https://www.eu-startups.com/directory/virtuacrop/"
"Networkme","https://www.eu-startups.com/directory/networkme/"
"Indie Seguros","https://www.eu-startups.com/directory/indie-seguros/"
"impactMarket","https://www.eu-startups.com/directory/impactmarket/"
"GeekPay","https://www.eu-startups.com/directory/geekpay/"
"FiberSight","https://www.eu-startups.com/directory/fibersight/"
"Famility","https://www.eu-startups.com/directory/famility/"
"Eyecon","https://www.eu-startups.com/directory/eyecon/"
"The Equal Food Co.","https://www.eu-startups.com/directory/the-equal-food-co/"
"CycleAI","https://www.eu-startups.com/directory/cycleai/"
"AMO KOMBUCHA","https://www.eu-startups.com/directory/amo-kombucha/"
"WindCredible","https://www.eu-startups.com/directory/windcredible/"
"SentiVue","https://www.eu-startups.com/directory/sentivue/"
"NILG.AI","https://www.eu-startups.com/directory/nilgai/"
"Lever.tax","https://www.eu-startups.com/directory/lever.tax"
"JSIO","https://www.eu-startups.com/directory/jsio/"
"Hortee","https://www.eu-startups.com/directory/hortee/"
"Intuitivo","https://www.eu-startups.com/directory/intuitivo/"
"Madeira Banana Hearts","https://www.eu-startups.com/directory/madeira-banana-hearts/"
"Elpind","https://www.eu-startups.com/directory/elpind/"
"Paynest","https://www.eu-startups.com/directory/paynest/"
"Connected","https://www.eu-startups.com/directory/connected/"
"Powerdot","https://www.eu-startups.com/directory/powerdot/"
"APEX Capital","https://www.eu-startups.com/directory/apex-capital/"
"Chrono Health","https://www.eu-startups.com/directory/chrono-health/"
"uClockit","https://www.eu-startups.com/directory/uclockit/"
"Tagpeak","https://www.eu-startups.com/directory/tagpeak/"
"StudentAI","https://www.eu-startups.com/directory/studentai/"
"CIRCULAR CLOSETS","https://www.eu-startups.com/directory/circular-closets/"
"Lunardesk.io","https://www.eu-startups.com/directory/lunardeskio/"
"Loopack","https://www.eu-startups.com/directory/loopack/"
"TakeCarbon","https://www.eu-startups.com/directory/takecarbon/"
"WiseWorld","https://www.eu-startups.com/directory/wiseworld/"
"BreastScreening-AI","https://www.eu-startups.com/directory/breastscreening-ai/"
"Balvia Ecosystems","https://www.eu-startups.com/directory/balvia-ecosystems/"
"VisuInnovation Lda","https://www.eu-startups.com/directory/visuinnovation-lda/"
"CodePlatform","https://www.eu-startups.com/directory/codeplatform/"
"iTRecruiter","https://www.eu-startups.com/directory/itrecruiter/"
"GoalsWon","https://www.eu-startups.com/directory/goalswon/"
"TIME&SPACE","https://www.eu-startups.com/directory/timespace/"
"SOS Obras Portugal | Handyman.app | SOSBrico.ch","https://www.eu-startups.com/directory/sos-obras-portugal-handymanapp-sosbricoch/"
"Bettertech Software","https://www.eu-startups.com/directory/bettertech-software/"
"Trendout","https://www.eu-startups.com/directory/trendout/"
"SDA Solutions","https://www.eu-startups.com/directory/sda-solutions/"
"InSouto – Industrial Network","https://www.eu-startups.com/directory/insouto-industrial-network/"
"OPTISIGMA – ENERGIA & AMBIENTE, LDA.","https://www.eu-startups.com/directory/optisigma-energia-ambiente-lda/"
"AskCory.ai","https://www.eu-startups.com/directory/askcoryai/"
"Uma Minuta","https://www.eu-startups.com/directory/uma-minuta/"
"SoulcareAI","https://www.eu-startups.com/directory/soulcareai/"
"BUDFARMA","https://www.eu-startups.com/directory/budfarma/"
"FIDEtechnology","https://www.eu-startups.com/directory/fidetechnology/"
"Wetuks","https://www.eu-startups.com/directory/wetuks/"
"Cluster.dev","https://www.eu-startups.com/directory/cluster.dev"
"Condoroo","https://www.eu-startups.com/directory/condoroo/"
"Atlanse.pt","https://www.eu-startups.com/directory/atlanse-pt/"
"BetterConcepts unipessoal Lda","https://www.eu-startups.com/directory/betterconcepts-unipessoal-lda/"
"Checkfirst Ltd","https://www.eu-startups.com/directory/checkfirst-ltd/"
"Agile HRO","https://www.eu-startups.com/directory/agile-hro/"
"Trespasse.com","https://www.eu-startups.com/directory/trespasse-com/"
"BitCompare","https://www.eu-startups.com/directory/bitcompare-3/"
"Actif","https://www.eu-startups.com/directory/actif/"
"Connectome Homes","https://www.eu-startups.com/directory/connectome-homes/"
"HydroTWIN – Smart Acoustic Solutions Lda","https://www.eu-startups.com/directory/hydrotwin-smart-acoustic-solutions-lda/"
"Bandeira Disciplinada","https://www.eu-startups.com/directory/bandeira-disciplinada/"
"WebElevate","https://www.eu-startups.com/directory/webelevate/"
"PromptPal","https://www.eu-startups.com/directory/promptpal/"
"MC² Finance","https://www.eu-startups.com/directory/mc%c2%b2-finance/"
"CodePlatform","https://www.eu-startups.com/directory/codeplatform/"
"simpli.codes","https://www.eu-startups.com/directory/simpli-codes/"
"Diligised","https://www.eu-startups.com/directory/diligised/"
"FullyOps","https://www.eu-startups.com/directory/fullyops/"
"Corows","https://www.eu-startups.com/directory/corows/"
"Bubbaleads","https://www.eu-startups.com/directory/bubbaleads/"
"BlockBee","https://www.eu-startups.com/directory/blockbee/"
"ScoutDecision","https://www.eu-startups.com/directory/scoutdecision/"
"Unilinkr","https://www.eu-startups.com/directory/unilinkr/"
"Tugbot","https://www.eu-startups.com/directory/tugbot/"
"Ethiack","https://www.eu-startups.com/directory/ethiack/"
"2Gather","https://www.eu-startups.com/directory/2gather/"
"OURSUPPORT","https://www.eu-startups.com/directory/oursupport/"
"Dire Byte","https://www.eu-startups.com/directory/dire-byte/"
"RealtyZone","https://www.eu-startups.com/directory/realtyzone/"
"Human Ready","https://www.eu-startups.com/directory/human-ready/"
"Web3 Antivirus","https://www.eu-startups.com/directory/web3-antivirus/"
"ScoutDecision","https://www.eu-startups.com/directory/scoutdecision-2/"
"Purrmi","https://www.eu-startups.com/directory/purrmi/"
"Hortee","https://www.eu-startups.com/directory/hortee/"
"Crowdclass","https://www.eu-startups.com/directory/crowdclass/"
"Com.passo consulting","https://www.eu-startups.com/directory/com-passo-consulting/"
"FLOOVLY","https://www.eu-startups.com/directory/floovly/"
"TechRivo","https://www.eu-startups.com/directory/techrivo/"
"Digital Matters","https://www.eu-startups.com/directory/digital-matters/"
"Rauva","https://www.eu-startups.com/directory/rauva/"
"Pluggable.AI","https://www.eu-startups.com/directory/pluggable-ai/"
"NOTCyberSec","https://www.eu-startups.com/directory/notcybersec/"
"TheCoded","https://www.eu-startups.com/directory/thecoded/"
"Merix Coin","https://www.eu-startups.com/directory/merix-coin/"
"Trifork Portugal","https://www.eu-startups.com/directory/trifork-portugal/"
"Interface Labs","https://www.eu-startups.com/directory/interface-labs/"
"Reflora","https://www.eu-startups.com/directory/reflora/"
"Clevermeals","https://www.eu-startups.com/directory/clevermeals/"
"UshowMe","https://www.eu-startups.com/directory/ushowme/"
"Voita APP","https://www.eu-startups.com/directory/voita-app/"
"AGIS","https://www.eu-startups.com/directory/agis/"
"AssetFloow","https://www.eu-startups.com/directory/assetfloow/"
"Sway Money","https://www.eu-startups.com/directory/sway-payments/"
"Rely.io","https://www.eu-startups.com/directory/rely-io/"
"BAUOUT","https://www.eu-startups.com/directory/bauout/"
"SocialTalk","https://www.eu-startups.com/directory/socialtalk/"
"Iusify","https://www.eu-startups.com/directory/iusify/"
"The Newsroom","https://www.eu-startups.com/directory/the-newsroom/"
"Indie Games Pass","https://www.eu-startups.com/directory/indie-games-pass-2/"
"Indie Games Pass","https://www.eu-startups.com/directory/indie-games-pass/"
"detech.ai","https://www.eu-startups.com/directory/detech-ai/"
"MyCareforce","https://www.eu-startups.com/directory/mycareforce/"
"ebsss.com","https://www.eu-startups.com/directory/ebsss-com/"
"noytrall","https://www.eu-startups.com/directory/noytrall/"
"Gobuyed","https://www.eu-startups.com/directory/gobuyed/"
"Rewaex","https://www.eu-startups.com/directory/rewaex/"
"CLAIRE","https://www.eu-startups.com/directory/claire-contact-lens-artificial-intelligence-research-and-engineering/"
"ScorePlay","https://www.eu-startups.com/directory/scoreplay/"
"SkyPowerLines","https://www.eu-startups.com/directory/skypowerlines/"
"Bee3ds","https://www.eu-startups.com/directory/bee3ds/"
"China Facture","https://www.eu-startups.com/directory/china-facture/"
"Ccrave","https://www.eu-startups.com/directory/ccrave/"
"Neural Solar","https://www.eu-startups.com/directory/neural-solar/"
"Terral Wind Portugal","https://www.eu-startups.com/directory/terral-wind-portugal/"
"Bephex","https://www.eu-startups.com/directory/bephex/"
"Trisolaris","https://www.eu-startups.com/directory/trisolaris/"
"TRUE Future","https://www.eu-startups.com/directory/true-future/"
"Maven","https://www.eu-startups.com/directory/maven/"
"Invisit","https://www.eu-startups.com/directory/invisit-smart-sustainable-technologies/"
"Circful","https://www.eu-startups.com/directory/circful/"
"Mae’s Food","https://www.eu-startups.com/directory/maes-food/"
"Shoevenir","https://www.eu-startups.com/directory/shoevenir/"
"The Spectrum House","https://www.eu-startups.com/directory/the-spectrum-house/"
"Pledged Capital","https://www.eu-startups.com/directory/pledged-capital/"
"CASFLO APP","https://www.eu-startups.com/directory/casflo-app/"
"Noty.ai","https://www.eu-startups.com/directory/noty-ai/"
"nostrum","https://www.eu-startups.com/directory/nostrum/"
"WiseShot","https://www.eu-startups.com/directory/wiseshot/"
"blueOASIS","https://www.eu-startups.com/directory/blueoasis/"
"Oddsgate","https://www.eu-startups.com/directory/oddsgate/"
"Circular Unity","https://www.eu-startups.com/directory/circular-unity/"
"Talent Protocol","https://www.eu-startups.com/directory/talent-protocol/"
"ExcerWise","https://www.eu-startups.com/directory/excerwise/"
"Drummond & Vieira","https://www.eu-startups.com/directory/drummond-vieira/"
"DIPAZIO","https://www.eu-startups.com/directory/dipazio/"
"Crypto Cheetahs","https://www.eu-startups.com/directory/crypto-cheetahs/"
"BrandHero","https://www.eu-startups.com/directory/brandhero/"
"Inductiva.AI","https://www.eu-startups.com/directory/inductiva-ai/"
"Reflora","https://www.eu-startups.com/directory/reflora-2/"
"Doglabs","https://www.eu-startups.com/directory/doglabs/"
"APWin","https://www.eu-startups.com/directory/apwin/"
"SCOOCS","https://www.eu-startups.com/directory/scoocs/"
"Digital Émigré","https://www.eu-startups.com/directory/digital-emigre/"
"TripMarvel","https://www.eu-startups.com/directory/tripmarvel/"
"UNION Venture Builders","https://www.eu-startups.com/directory/union-venture-builders/"
"Airdesk.ai","https://www.eu-startups.com/directory/airdesk-ai/"
"NAORIS","https://www.eu-startups.com/directory/naoris/"
"Etseo Underwear","https://www.eu-startups.com/directory/etseo-underwear/"
"Bairro","https://www.eu-startups.com/directory/bairro/"
"MyLADS","https://www.eu-startups.com/directory/mylads/"
"AquaInSilico Lda","https://www.eu-startups.com/directory/aquainsilico-lda/"
"Global Expansion","https://www.eu-startups.com/directory/global-expansion/"
"sheerME","https://www.eu-startups.com/directory/sheerme/"
"Get Boarded","https://www.eu-startups.com/directory/get-boarded/"
"Onalytics","https://www.eu-startups.com/directory/onalytics/"
"Ruenta","https://www.eu-startups.com/directory/ruenta/"
"Fintech House","https://www.eu-startups.com/directory/fintech-house/"
"Relive","https://www.eu-startups.com/directory/relive/"
"Tripmaka","https://www.eu-startups.com/directory/tripmaka/"
"GORODATA","https://www.eu-startups.com/directory/gorodata/"
"friends in the arts","https://www.eu-startups.com/directory/friends-in-the-arts/"
"FinBox Solutions","https://www.eu-startups.com/directory/finbox-solutions/"
"P55.art","https://www.eu-startups.com/directory/p55-art/"
"Pluckd","https://www.eu-startups.com/directory/pluckd/"
"SCEMAI","https://www.eu-startups.com/directory/scemai/"
"NutrilifeIO","https://www.eu-startups.com/directory/nutrilifeio-2/"
"Neuraspace","https://www.eu-startups.com/directory/neuraspace/"
"Gigantic Digital Growth","https://www.eu-startups.com/directory/gigantic-digital-growth/"
"Polkastarter","https://www.eu-startups.com/directory/polkastarter-2/"
"S&DG Consulting","https://www.eu-startups.com/directory/sdg-consulting/"
"CriptoLoja","https://www.eu-startups.com/directory/criptoloja/"
"Cleanwatts","https://www.eu-startups.com/directory/cleanwatts/"
"Bioworld","https://www.eu-startups.com/directory/bioworld/"
"Beeyard","https://www.eu-startups.com/directory/beeyard/"
"NeuroSoV","https://www.eu-startups.com/directory/neurosov/"
"Yes Yes Yes","https://www.eu-startups.com/directory/yes-yes-yes/"
"360hyper","https://www.eu-startups.com/directory/360hyper/"
"HandyHostel","https://www.eu-startups.com/directory/handyhostel/"
"ProprHome","https://www.eu-startups.com/directory/proprhome/"
"BRIDGE IN","https://www.eu-startups.com/directory/bridge-in/"
"100etiqueta","https://www.eu-startups.com/directory/100etiqueta/"
"Orgavalue","https://www.eu-startups.com/directory/orgavalue/"
"ProxiedMail","https://www.eu-startups.com/directory/proxiedmail/"
"Communications Star","https://www.eu-startups.com/directory/communications-star-llc/"
"HUUB","https://www.eu-startups.com/directory/huub/"
"FabInventors","https://www.eu-startups.com/directory/fabinventors/"
"Pleez","https://www.eu-startups.com/directory/pleez/"
"Revault","https://www.eu-startups.com/directory/revault/"
"Extension One","https://www.eu-startups.com/directory/extension-one/"
"COSMETIKKE","https://www.eu-startups.com/directory/cosmetikke/"
"Swood","https://www.eu-startups.com/directory/swood/"
"Skinvaders","https://www.eu-startups.com/directory/skinvaders/"
"Mapify IoT","https://www.eu-startups.com/directory/mapify-iot/"
"Zimobi","https://www.eu-startups.com/directory/zimobi/"
"Clementine Take Good Care","https://www.eu-startups.com/directory/clementine-take-good-care/"
"Starkdata","https://www.eu-startups.com/directory/starkdata/"
"Ablute","https://www.eu-startups.com/directory/ablute-2/"
"3e60 Soluções Imersivas","https://www.eu-startups.com/directory/3e60-solucoes-imersivas/"
"To Guests","https://www.eu-startups.com/directory/to-guests/"
"8000Kicks","https://www.eu-startups.com/directory/8000kicks/"
"zenPrice","https://www.eu-startups.com/directory/zenprice/"
"CYBERSEC LDA","https://www.eu-startups.com/directory/cybersec-lda/"
"Kitch","https://www.eu-startups.com/directory/kitch/"
"Replai","https://www.eu-startups.com/directory/replai/"
"NutrilifeIO","https://www.eu-startups.com/directory/nutrilifeio/"
"InsurAds","https://www.eu-startups.com/directory/insurads/"
"Neroes","https://www.eu-startups.com/directory/neroes/"
"Nemobile Applications","https://www.eu-startups.com/directory/nemobile-applications/"
"GoWithFlow","https://www.eu-startups.com/directory/gowithflow/"
"PipeCodes","https://www.eu-startups.com/directory/pipecodes/"
"EVIO","https://www.eu-startups.com/directory/evio/"
"redcatpig","https://www.eu-startups.com/directory/redcatpig/"
"Decision Eyes","https://www.eu-startups.com/directory/decision-eyes/"
"Skoach","https://www.eu-startups.com/directory/skoach/"
"CellmAbs","https://www.eu-startups.com/directory/cellmabs/"
"TargTex","https://www.eu-startups.com/directory/targtex/"
"Merytu","https://www.eu-startups.com/directory/merytu/"
"OREYEON","https://www.eu-startups.com/directory/oreyeon/"
"Paycritical","https://www.eu-startups.com/directory/paycritical/"
"FastCompChem","https://www.eu-startups.com/directory/fastcompchem/"
"Dalma Robotics","https://www.eu-startups.com/directory/dalma-robotics/"
"DareData Engineering","https://www.eu-startups.com/directory/daredata-engineering/"
"SIDIS AI","https://www.eu-startups.com/directory/sidis-ai/"
"Coverflex","https://www.eu-startups.com/directory/coverflex/"
"Catappult Console","https://www.eu-startups.com/directory/catappult-console/"
"Ticolas","https://www.eu-startups.com/directory/ticolas/"
"BetProtocol","https://www.eu-startups.com/directory/betprotocol/"
"Art Curator Grid","https://www.eu-startups.com/directory/art-curator-grid/"
"AceCann","https://www.eu-startups.com/directory/acecann/"
"A/B Smartly","https://www.eu-startups.com/directory/a-b-smartly/"
"3cket","https://www.eu-startups.com/directory/3cket/"
"Brands&Ninjas","https://www.eu-startups.com/directory/brandsninjas/"
"BondLayer","https://www.eu-startups.com/directory/bondlayer/"
"Bloq.it","https://www.eu-startups.com/directory/bloq-it/"
"Beamian","https://www.eu-startups.com/directory/beamian/"
"TSOLNETWORKS","https://www.eu-startups.com/directory/tsolnetworks/"
"United Boutiques","https://www.eu-startups.com/directory/united-boutiques/"
"UNI 2ALL","https://www.eu-startups.com/directory/uni-2all/"
"WeChangers","https://www.eu-startups.com/directory/wechangers/"
"AKTO","https://www.eu-startups.com/directory/akto/"
"VOY","https://www.eu-startups.com/directory/voy-entertainment-business-management/"
"Wysensing","https://www.eu-startups.com/directory/wysensing/"
"XCUDO","https://www.eu-startups.com/directory/xcudo/"
"YooniK","https://www.eu-startups.com/directory/yoonik/"
"Zecoda","https://www.eu-startups.com/directory/zecoda/"
"50 Rebels Company","https://www.eu-startups.com/directory/50-rebels-company/"
"SAFIOO","https://www.eu-startups.com/directory/safioo/"
"Hyperstage","https://www.eu-startups.com/directory/hyperstage/"
"C-mo Medical Solutions","https://www.eu-startups.com/directory/c-mo-medical-solutions/"
"Edinok","https://www.eu-startups.com/directory/edinok/"
"GAMEBOX52","https://www.eu-startups.com/directory/gamebox52/"
"Parqist","https://www.eu-startups.com/directory/parqist/"
"Shimejito Urban Farming","https://www.eu-startups.com/directory/shimejito-urban-farming/"
"Stouz","https://www.eu-startups.com/directory/stouz/"
"The Algarve Trading","https://www.eu-startups.com/directory/the-algarve-trading-compny/"
"B-CULTURE","https://www.eu-startups.com/directory/b-culture/"
"Delloop","https://www.eu-startups.com/directory/delloop/"
"Nevaro","https://www.eu-startups.com/directory/nevaro-2/"
"YData","https://www.eu-startups.com/directory/ydata/"
"LUGGit","https://www.eu-startups.com/directory/luggit/"
"HomeCarShare","https://www.eu-startups.com/directory/homecarshare/"
"Skizo","https://www.eu-startups.com/directory/skizo/"
"Leanmat","https://www.eu-startups.com/directory/leanmat/"
"Vantta","https://www.eu-startups.com/directory/vantta/"
"SensoMatt","https://www.eu-startups.com/directory/sensomatt/"
"Spaceway","https://www.eu-startups.com/directory/spaceway/"
"X-Plora","https://www.eu-startups.com/directory/x-plora/"
"Doppio","https://www.eu-startups.com/directory/doppio/"
"Sprint CV","https://www.eu-startups.com/directory/sprint-cv/"
"Horizon 47","https://www.eu-startups.com/directory/horizon-47/"
"BudFarma","https://www.eu-startups.com/directory/budfarma-lda/"
"Virtuleap","https://www.eu-startups.com/directory/virtuleap/"
"IOTECH","https://www.eu-startups.com/directory/iotech/"
"Kiss my Score","https://www.eu-startups.com/directory/kiss-my-score/"
"Just Mary","https://www.eu-startups.com/directory/just-mary/"
"ITSCREDIT","https://www.eu-startups.com/directory/itscredit/"
"INDIGIT","https://www.eu-startups.com/directory/indigit/"
"nBanks","https://www.eu-startups.com/directory/nbanks/"
"Piauhy Labs","https://www.eu-startups.com/directory/piauhy-labs/"
"Flowco","https://www.eu-startups.com/directory/flowco/"
"Plicca","https://www.eu-startups.com/directory/plicca/"
"Flaner","https://www.eu-startups.com/directory/flaner/"
"EYESO","https://www.eu-startups.com/directory/eyeso/"
"REATIA","https://www.eu-startups.com/directory/reatia/"
"Enline","https://www.eu-startups.com/directory/enline/"
"EMOTAI","https://www.eu-startups.com/directory/emotai/"
"Doppio Games","https://www.eu-startups.com/directory/doppio-games/"
"Delox","https://www.eu-startups.com/directory/delox/"
"Critical TechWorks","https://www.eu-startups.com/directory/critical-techworks/"
"ChemiTek","https://www.eu-startups.com/directory/chemitek/"
"KaFe Rocks","https://www.eu-startups.com/directory/kafe-rocks/"
"Meight","https://www.eu-startups.com/directory/meight/"
"InBet","https://www.eu-startups.com/directory/inbet/"
"Power Dot","https://www.eu-startups.com/directory/power-dot/"
"DontDateHimGirl","https://www.eu-startups.com/directory/dontdatehimgirl/"
"Shimejito","https://www.eu-startups.com/directory/shimejito/"
"Socios.com","https://www.eu-startups.com/directory/socios-com/"
"tb.lx by Daimler Trucks & Buses","https://www.eu-startups.com/directory/tb-lx-by-daimler-trucks-buses/"
"BiLD Analytics","https://www.eu-startups.com/directory/bild-analytics/"
"Balancer Labs","https://www.eu-startups.com/directory/balancer-labs/"
"Wisify","https://www.eu-startups.com/directory/wisify/"
"ActivBookings","https://www.eu-startups.com/directory/activbookings/"
"Cargofive","https://www.eu-startups.com/directory/cargofive/"
"The ICO ShowCase","https://www.eu-startups.com/directory/the-ico-showcase/"
"The Rotten Fruit Box","https://www.eu-startups.com/directory/the-rotten-fruit-box/"
"Betmarkets","https://www.eu-startups.com/directory/betmarkets/"
"Ubirider","https://www.eu-startups.com/directory/ubirider/"
"Updone","https://www.eu-startups.com/directory/updone/"
"VelvetFormula","https://www.eu-startups.com/directory/velvetformula/"
"WalliD","https://www.eu-startups.com/directory/wallid/"
"AQVA MORE","https://www.eu-startups.com/directory/aqva-more/"
"We Can Charge","https://www.eu-startups.com/directory/we-can-charge/"
"Wegho","https://www.eu-startups.com/directory/wegho/"
"WEEZIE","https://www.eu-startups.com/directory/weezie/"
"Enlightenment.AI","https://www.eu-startups.com/directory/enlightenment-ai-seculo-das-luzes-lda/"
"Geocrafter – Geospatial Studio","https://www.eu-startups.com/directory/geocrafter-geospatial-studio/"
"YouTravel.me","https://www.eu-startups.com/directory/youtravel-me/"
"LikeWise Pro","https://www.eu-startups.com/directory/likewise-pro/"
"Shimejito Urban Farms","https://www.eu-startups.com/directory/shimejito-urban-farms/"
"Clynx","https://www.eu-startups.com/directory/clynx/"
"Codavel","https://www.eu-startups.com/directory/codavel/"
"Builtrix","https://www.eu-startups.com/directory/builtrix/"
"Ablute","https://www.eu-startups.com/directory/ablute/"
"Piccoli Motors","https://www.eu-startups.com/directory/piccoli-motors-green-technology/"
"RUBYnanomed","https://www.eu-startups.com/directory/rubynanomed/"
"Buy A Part","https://www.eu-startups.com/directory/buy-a-part/"
"Hug-a-Group","https://www.eu-startups.com/directory/hug-a-group/"
"Smart Business Modeler","https://www.eu-startups.com/directory/smart-business-modeler/"
"RipATrip","https://www.eu-startups.com/directory/ripatrip/"
"ZenVow","https://www.eu-startups.com/directory/zenvow/"
"Innovation Scene","https://www.eu-startups.com/directory/innovation-scene/"
"Aptoide","https://www.eu-startups.com/directory/aptoide/"
"Tropik Dinosaur LDA","https://www.eu-startups.com/directory/tropik-dinosaur-lda/"
"TekPrivacy","https://www.eu-startups.com/directory/tekprivacy/"
"Generosa","https://www.eu-startups.com/directory/generosa/"
"20tree.ai","https://www.eu-startups.com/directory/20tree-ai/"
"Citycheck","https://www.eu-startups.com/directory/citycheck/"
"Vawlt","https://www.eu-startups.com/directory/vawlt/"
"ABtrace","https://www.eu-startups.com/directory/abtrace/"
"Taikai","https://www.eu-startups.com/directory/taikai-2/"
"ChromatikVertig","https://www.eu-startups.com/directory/chromatikvertig-lda/"
"Musiversal","https://www.eu-startups.com/directory/musiversal/"
"Quantum Leap","https://www.eu-startups.com/directory/quantum-leap/"
"Klugit Energy","https://www.eu-startups.com/directory/klugit-energy/"
"BlogInMail","https://www.eu-startups.com/directory/bloginmail/"
"Apres","https://www.eu-startups.com/directory/apres/"
"Warpcom","https://www.eu-startups.com/directory/warpcom/"
"Mercadão","https://www.eu-startups.com/directory/mercadao/"
"NOMADX","https://www.eu-startups.com/directory/nomadx/"
"Goma","https://www.eu-startups.com/directory/goma/"
"GitScrum","https://www.eu-startups.com/directory/gitscrum/"
"G.AI.A","https://www.eu-startups.com/directory/g-ai-a/"
"Planless.io","https://www.eu-startups.com/directory/planless-io/"
"Reckon.ai","https://www.eu-startups.com/directory/reckon-ai/"
"Digital Manager Guru","https://www.eu-startups.com/directory/digital-manager-guru/"
"Semapa Next","https://www.eu-startups.com/directory/semapa-next/"
"imovendo","https://www.eu-startups.com/directory/imovendo/"
"Shiptimize","https://www.eu-startups.com/directory/shiptimize/"
"SKORR","https://www.eu-startups.com/directory/skorr/"
"DART Diagnostics","https://www.eu-startups.com/directory/dart-diagnostics/"
"Spawnfoam","https://www.eu-startups.com/directory/spawnfoam/"
"Brightcare Solutions","https://www.eu-startups.com/directory/brightcare-solutions/"
"THEIA","https://www.eu-startups.com/directory/theia/"
"Biocol Labs","https://www.eu-startups.com/directory/biocol-labs/"
"Bandora","https://www.eu-startups.com/directory/bandora-2/"
"Bandora","https://www.eu-startups.com/directory/bandora/"
"Atidium","https://www.eu-startups.com/directory/atidium/"
"Animal Virtual","https://www.eu-startups.com/directory/animal-virtual/"
"WhiteRabbit","https://www.eu-startups.com/directory/whiterabbit/"
"Tesselo","https://www.eu-startups.com/directory/tesselo/"
"Secret City Trails","https://www.eu-startups.com/directory/secret-city-trails/"
"Azitek","https://www.eu-startups.com/directory/azitek/"
"FairMeals","https://www.eu-startups.com/directory/fairmeals-portugal/"
"LIVE ELECTRIC TOURS","https://www.eu-startups.com/directory/live-electric-tours/"
"Be Outdare","https://www.eu-startups.com/directory/be-outdare/"
"Pavnext","https://www.eu-startups.com/directory/pavnext/"
"SPEAK","https://www.eu-startups.com/directory/speak/"
"Mosano","https://www.eu-startups.com/directory/mosano/"
"Ttaxi Travel","https://www.eu-startups.com/directory/ttaxi-travel-2/"
"Probe.ly","https://www.eu-startups.com/directory/probe-ly/"
"Buildtoo","https://www.eu-startups.com/directory/buildtoo/"
"Heptasense","https://www.eu-startups.com/directory/heptasense/"
"Stratio","https://www.eu-startups.com/directory/stratio-2/"
"BestHealth4U","https://www.eu-startups.com/directory/besthealth4u/"
"Barkyn","https://www.eu-startups.com/directory/barkyn/"
"Nina Space","https://www.eu-startups.com/directory/nina-space/"
"Automaise","https://www.eu-startups.com/directory/automaise/"
"Sensei","https://www.eu-startups.com/directory/sensei-2/"
"Utrust","https://www.eu-startups.com/directory/utrust/"
"Advertio","https://www.eu-startups.com/directory/advertio/"
"DocDigitizer","https://www.eu-startups.com/directory/docdigitizer/"
"Jungle AI","https://www.eu-startups.com/directory/jungle-ai/"
"oko","https://www.eu-startups.com/directory/oko/"
"Freddie Med","https://www.eu-startups.com/directory/freddie-med/"
"Probely","https://www.eu-startups.com/directory/probely/"
"Rnters","https://www.eu-startups.com/directory/rnters/"
"EcoXperience","https://www.eu-startups.com/directory/ecoxperience/"
"Ship","https://www.eu-startups.com/directory/ship/"
"Shelf.AI","https://www.eu-startups.com/directory/shelf-ai/"
"Data H","https://www.eu-startups.com/directory/data-h/"
"Criam","https://www.eu-startups.com/directory/criam/"
"Craft Wallet","https://www.eu-startups.com/directory/craft-wallet/"
"Spot Marketing Solutions","https://www.eu-startups.com/directory/spot-marketing-solutions/"
"TBee","https://www.eu-startups.com/directory/tbee/"
"Tonic App","https://www.eu-startups.com/directory/tonic-app-2/"
"Bet Entertainment Technologies","https://www.eu-startups.com/directory/bet-entertainment-technologies/"
"Betarena","https://www.eu-startups.com/directory/betarena/"
"Undersee","https://www.eu-startups.com/directory/undersee/"
"Visor.ai","https://www.eu-startups.com/wpbdp_listing/visor-ai/"
"AirCourts","https://www.eu-startups.com/directory/aircourts/"
"Agri Marketplace","https://www.eu-startups.com/directory/agri-marketplace/"
"Agentifai","https://www.eu-startups.com/directory/agentifai/"
"FarmCloud","https://www.eu-startups.com/directory/farmcloud/"
"MUB cargo","https://www.eu-startups.com/directory/mub-cargo/"
"EatTasty","https://www.eu-startups.com/directory/eattasty/"
"Didimo","https://www.eu-startups.com/directory/didimo/"
"Tonic App","https://www.eu-startups.com/directory/tonic-app/"
"Portugalist","https://www.eu-startups.com/directory/portugalist/"
"Invisible Collector","https://www.eu-startups.com/directory/invisible-collector-2/"
"What up in town","https://www.eu-startups.com/directory/what-up-in-town/"
"Sound Particles","https://www.eu-startups.com/directory/sound-particles/"
"Kinetikos","https://www.eu-startups.com/directory/kinetikos/"
"Forall Phones","https://www.eu-startups.com/directory/forall-phones/"
"Findster Technologies","https://www.eu-startups.com/directory/findster-technologies/"
"Twevo","https://www.eu-startups.com/directory/twevo/"
"Planetiers","https://www.eu-startups.com/directory/planetiers/"
"TravelCentral24","https://www.eu-startups.com/directory/travelcentral24/"
"SeaBookings","https://www.eu-startups.com/directory/seabookings/"
"Twistkites company","https://www.eu-startups.com/directory/twistkites-company/"
"Probely","https://www.eu-startups.com/directory/probely-2/"
"haikus","https://www.eu-startups.com/directory/haikus/"
"Knokcare","https://www.eu-startups.com/directory/knokcare/"
"Nutrium","https://www.eu-startups.com/directory/nutrium/"
"Findster Technologies","https://www.eu-startups.com/directory/findster-technologies-2/"
"Delnext","https://www.eu-startups.com/directory/delnext/"
"Platforme","https://www.eu-startups.com/directory/platforme/"
"Sensefinity","https://www.eu-startups.com/directory/sensefinity/"
"Outplanr","https://www.eu-startups.com/directory/outplanr/"
"Casafari","https://www.eu-startups.com/directory/casafari/"
"Landratech","https://www.eu-startups.com/directory/landratech/"
"Liqui.do","https://www.eu-startups.com/directory/liqui-do/"
"LOQR","https://www.eu-startups.com/directory/loqr-2/"
"MagniFinance","https://www.eu-startups.com/directory/magnifinance/"
"Morphis Technologies","https://www.eu-startups.com/directory/morphis-technologies/"
"MOVELIFE","https://www.eu-startups.com/directory/movelife/"
"musicyou","https://www.eu-startups.com/directory/musicyou/"
"HiJiffy","https://www.eu-startups.com/directory/hijiffy/"
"Helppier","https://www.eu-startups.com/directory/helppier/"
"LOQR","https://www.eu-startups.com/directory/loqr/"
"Hapibot Studio","https://www.eu-startups.com/directory/hapibot-studio/"
"Heaboo","https://www.eu-startups.com/directory/heaboo/"
"Noocity","https://www.eu-startups.com/directory/noocity/"
"NU-RISE LDA","https://www.eu-startups.com/directory/nu-rise-lda/"
"Oceano Fresco","https://www.eu-startups.com/directory/oceano-fresco/"
"Ophiomics","https://www.eu-startups.com/directory/ophiomics/"
"PeekMed","https://www.eu-startups.com/directory/peekmed/"
"Performetric","https://www.eu-startups.com/directory/performetric/"
"Polygon","https://www.eu-startups.com/directory/polygon/"
"Portugal 2020","https://www.eu-startups.com/directory/portugal-2020/"
"Proj4me","https://www.eu-startups.com/directory/proj4me/"
"Fibersail","https://www.eu-startups.com/directory/fibersail/"
"Finance Technology","https://www.eu-startups.com/directory/finance-technology/"
"euPago","https://www.eu-startups.com/directory/eupago/"
"Radiation Imaging","https://www.eu-startups.com/directory/radiation-imaging/"
"Cubo","https://www.eu-startups.com/directory/cubo/"
"Connect Robotics","https://www.eu-startups.com/directory/connect-robotics/"
"Climber RMS","https://www.eu-startups.com/directory/climber-rms/"
"BladeInsight","https://www.eu-startups.com/directory/bladeinsight/"
"BeON energy","https://www.eu-startups.com/directory/beon-energy/"
"TWISTAG","https://www.eu-startups.com/directory/twistag/"
"UpHill","https://www.eu-startups.com/directory/uphill/"
"Vetherapy","https://www.eu-startups.com/directory/vetherapy/"
"Viur","https://www.eu-startups.com/directory/viur/"
"Graphenest","https://www.eu-startups.com/directory/graphenest/"
"YouClap","https://www.eu-startups.com/directory/youclap/"
"AgroInsider","https://www.eu-startups.com/directory/agroinsider/"
"Magikbee","https://www.eu-startups.com/directory/magikbee/"
"Infraspeak","https://www.eu-startups.com/directory/infraspeak/"
"Undandy","https://www.eu-startups.com/directory/undandy/"
"HypeLabs","https://www.eu-startups.com/directory/hypelabs/"
"Appuro","https://www.eu-startups.com/directory/appuro/"
"Fractal Mind/Outliers","https://www.eu-startups.com/directory/fractal-mindoutliers/"
"Adyta","https://www.eu-startups.com/directory/adyta/"
"Biometrid","https://www.eu-startups.com/directory/biometrid/"
"Knok","https://www.eu-startups.com/directory/knok-healthcare/"
"Attentive","https://www.eu-startups.com/directory/attentive/"
"doDOC","https://www.eu-startups.com/directory/dodoc/"
"HiSonia","https://www.eu-startups.com/directory/hisonia/"
"BANTUMEN","https://www.eu-startups.com/directory/bantumen/"
"Tugabox","https://www.eu-startups.com/directory/tugabox/"
"MUFIP","https://www.eu-startups.com/directory/mufip/"
"bugle","https://www.eu-startups.com/directory/bugle/"
"Primetag","https://www.eu-startups.com/directory/primetag/"
"Watgrid","https://www.eu-startups.com/directory/watgrid/"
"Cuckuu","https://www.eu-startups.com/directory/cuckuu/"
"GFoundry","https://www.eu-startups.com/directory/gfoundry/"
"Mindera","https://www.eu-startups.com/directory/mindera/"
"Unbabel","https://www.eu-startups.com/directory/unbabel/"
"BITCLIQ","https://www.eu-startups.com/directory/bitcliq/"
"Petable","https://www.eu-startups.com/directory/petable/"
"Landing.Jobs","https://www.eu-startups.com/directory/landing-jobs/"
"GetSocial","https://www.eu-startups.com/directory/getsocial/"
"Kosmonavt Studio","https://www.eu-startups.com/directory/kosmonavt-studio/"
"HotelBuzz","https://www.eu-startups.com/directory/hotelbuzz/"
"Tap My Back","https://www.eu-startups.com/directory/tap-my-back/"
"Prodsmart","https://www.eu-startups.com/directory/prodsmart/"
"Swogo","https://www.eu-startups.com/directory/swogo/"
"Codacy","https://www.eu-startups.com/directory/codacy/"
"Mobiag","https://www.eu-startups.com/directory/mobiag/"
"Wishareit","https://www.eu-startups.com/directory/wishareit/"
"Pet Land","https://www.eu-startups.com/directory/pet-land-artigos-para-animais/"
"Luminar Neo","https://www.eu-startups.com/directory/luminar-neo/"
"Beta-i","https://www.eu-startups.com/directory/beta-i/"
"Take a City","https://www.eu-startups.com/directory/take-a-city/"
"INOVRETAIL","https://www.eu-startups.com/directory/inovretail/"
"NETNBUY.COM","https://www.eu-startups.com/directory/netnbuy-com/"
"Lakshya International","https://www.eu-startups.com/directory/lakshya-international/"
"ZNETGURU","https://www.eu-startups.com/directory/znetguru-web-design-portugal/"