name,link
"Kliv","https://www.eu-startups.com/directory/kliv/"
"Abrande","https://www.eu-startups.com/directory/abrande/"
"SERPGrid","https://www.eu-startups.com/directory/serpgrid/"
"Afterwind","https://www.eu-startups.com/directory/afterwind/"
"Xbrandify","https://www.eu-startups.com/directory/xbrandify/"
"Book My Ride (Isla app ab)","https://www.eu-startups.com/directory/book-my-ride-isla-app-ab/"
"Svenry","https://www.eu-startups.com/directory/svenry/"
"Fundra","https://www.eu-startups.com/directory/fundra/"
"NameRiffle","https://www.eu-startups.com/directory/nameriffle/"
"Chik","https://www.eu-startups.com/directory/chik/"
"Hamphi AB","https://www.eu-startups.com/directory/hamphi-ab/"
"DRYE","https://www.eu-startups.com/directory/drye/"
"DecarbAI","https://www.eu-startups.com/directory/decarbai/"
"Circulaire","https://www.eu-startups.com/directory/circulaire/"
"Kitocoat","https://www.eu-startups.com/directory/kitocoat/"
"Artist Arena","https://www.eu-startups.com/directory/artist-arena/"
"IDfier","https://www.eu-startups.com/directory/idfier/"
"Humy.ai","https://www.eu-startups.com/directory/humyai/"
"VISS.AI","https://www.eu-startups.com/directory/vissai/"
"Fitbybalder","https://www.eu-startups.com/directory/fitbybalder/"
"Pryvx","https://www.eu-startups.com/directory/pryvx/"
"Pango","https://www.eu-startups.com/directory/pango/"
"LayerLogic","https://www.eu-startups.com/directory/layerlogic/"
"Migma.ai","https://www.eu-startups.com/directory/migmaai/"
"Verdantic","https://www.eu-startups.com/directory/verdantic/"
"Swirl your wines","https://www.eu-startups.com/directory/swirl-your-wines/"
"Nordic Loop","https://www.eu-startups.com/directory/nordic-loop/"
"Digiculum","https://www.eu-startups.com/directory/digiculum/"
"Frostbite","https://www.eu-startups.com/directory/frostbite/"
"The Virtual Mind","https://www.eu-startups.com/directory/the-virtual-mind/"
"Compira","https://www.eu-startups.com/directory/compira/"
"Gryning","https://www.eu-startups.com/directory/gryning/"
"Nexus by Sweden","https://www.eu-startups.com/directory/nexus-by-sweden/"
"Fieldstream AI","https://www.eu-startups.com/directory/fieldstream-ai/"
"Magnetlabbet AB","https://www.eu-startups.com/directory/magnetlabbet-ab/"
"Idea Screening Lab","https://www.eu-startups.com/directory/idea-screening-lab/"
"Appylar","https://www.eu-startups.com/directory/appylar/"
"Public Speaking with Maria","https://www.eu-startups.com/directory/public-speaking-with-maria/"
"VyPack AB","https://www.eu-startups.com/directory/vypack-ab/"
"MailTester.Ninja","https://www.eu-startups.com/directory/mailtesterninja/"
"Remiball","https://www.eu-startups.com/directory/remiball/"
"Xplir AB","https://www.eu-startups.com/directory/xplir-ab/"
"Piccnic","https://www.eu-startups.com/directory/piccnic/"
"CXO Centre","https://www.eu-startups.com/directory/cxo-centre/"
"Cvshelf","https://www.eu-startups.com/directory/cvshelf/"
"Velory","https://www.eu-startups.com/directory/velory/"
"Jumper","https://www.eu-startups.com/directory/jumper/"
"Qala","https://www.eu-startups.com/directory/qala/"
"PinnOne","https://www.eu-startups.com/directory/pinnone/"
"HumanizeAI.now","https://www.eu-startups.com/directory/humanizeai.now"
"HandyDay AB","https://www.eu-startups.com/directory/handyday-ab/"
"JSONREPO","https://www.eu-startups.com/directory/jsonrepo/"
"Jord AB","https://www.eu-startups.com/directory/jord-ab/"
"Tiivis","https://www.eu-startups.com/directory/tiivis/"
"Alex Therapeutics","https://www.eu-startups.com/directory/alex-therapeutics/"
"Rank Tank","https://www.eu-startups.com/directory/rank-tank/"
"AVAY","https://www.eu-startups.com/directory/avay/"
"Dunderutveckling","https://www.eu-startups.com/directory/dunderutveckling/"
"Hology Interactive AB","https://www.eu-startups.com/directory/hology-interactive-ab/"
"YourWayHome","https://www.eu-startups.com/directory/yourwayhome/"
"TravelTail","https://www.eu-startups.com/directory/traveltail/"
"TeraSi","https://www.eu-startups.com/directory/terasi/"
"Talendary","https://www.eu-startups.com/directory/talendary/"
"Southern Lights","https://www.eu-startups.com/directory/southern-lights/"
"Sea Technology","https://www.eu-startups.com/directory/sea-technology/"
"Scatterin","https://www.eu-startups.com/directory/scatterin/"
"Qlerify","https://www.eu-startups.com/directory/qlerify/"
"PlayD8","https://www.eu-startups.com/directory/playd8/"
"Pillai","https://www.eu-startups.com/directory/pillai/"
"ML Genics","https://www.eu-startups.com/directory/ml-genics/"
"MeetYu","https://www.eu-startups.com/directory/meetyu/"
"Mappi","https://www.eu-startups.com/directory/mappi/"
"Lingoberry","https://www.eu-startups.com/directory/lingoberry/"
"Legimeet","https://www.eu-startups.com/directory/legimeet/"
"LanguifyAI","https://www.eu-startups.com/directory/languifyai/"
"Ifigenia","https://www.eu-startups.com/directory/ifigenia/"
"Hymdal","https://www.eu-startups.com/directory/hymdal/"
"Dweller","https://www.eu-startups.com/directory/dweller/"
"Fictive Reality","https://www.eu-startups.com/directory/fictive-reality/"
"Enabler","https://www.eu-startups.com/directory/enabler/"
"Emigreat","https://www.eu-startups.com/directory/emigreat/"
"CARBONACT","https://www.eu-startups.com/directory/carbonact/"
"bijou.fm","https://www.eu-startups.com/directory/bijoufm/"
"Atonemo","https://www.eu-startups.com/directory/atonemo/"
"Asker Technologies","https://www.eu-startups.com/directory/asker-technologies/"
"Vidde Snow Mobility","https://www.eu-startups.com/directory/vidde-snow-mobility/"
"Scholaro","https://www.eu-startups.com/directory/scholaro/"
"Rounded News","https://www.eu-startups.com/directory/rounded-news/"
"RemotiveLabs","https://www.eu-startups.com/directory/remotivelabs/"
"Rebaba","https://www.eu-startups.com/directory/rebaba/"
"Qluent","https://www.eu-startups.com/directory/qluent/"
"Peak Energy","https://www.eu-startups.com/directory/peak-energy/"
"OE Systems","https://www.eu-startups.com/directory/oe-systems/"
"Nudgd","https://www.eu-startups.com/directory/nudgd/"
"PaperShell","https://www.eu-startups.com/directory/papershell/"
"Hopen","https://www.eu-startups.com/directory/hopen/"
"Goodfeed","https://www.eu-startups.com/directory/goodfeed/"
"KoalaClick","https://www.eu-startups.com/directory/koalaclick/"
"Charly Equity","https://www.eu-startups.com/directory/charly-equity/"
"Airzyme","https://www.eu-startups.com/directory/airzyme/"
"Alterspace","https://www.eu-startups.com/directory/alterspace/"
"Agteria Biotech","https://www.eu-startups.com/directory/agteria-biotech/"
"Myrspoven","https://www.eu-startups.com/directory/myrspoven/"
"MANTLE","https://www.eu-startups.com/directory/mantle/"
"1x.com","https://www.eu-startups.com/directory/1x.com"
"FineCell","https://www.eu-startups.com/directory/finecell/"
"SharesFX","https://www.eu-startups.com/directory/sharesfx/"
"Serverpod","https://www.eu-startups.com/directory/serverpod/"
"eComID","https://www.eu-startups.com/directory/ecomid/"
"Brite Payments","https://www.eu-startups.com/directory/brite-payments/"
"Younium","https://www.eu-startups.com/directory/younium/"
"Cemvision","https://www.eu-startups.com/directory/cemvision/"
"Scayl","https://www.eu-startups.com/directory/scayl/"
"Ironic Biotech","https://www.eu-startups.com/directory/ironic-biotech/"
"Gilion","https://www.eu-startups.com/directory/gilion/"
"Saveggy","https://www.eu-startups.com/directory/saveggy/"
"Antler","https://www.eu-startups.com/directory/antler/"
"Treyd","https://www.eu-startups.com/directory/treyd/"
"Grasp","https://www.eu-startups.com/directory/grasp/"
"Tjing","https://www.eu-startups.com/directory/tjing/"
"SwipeJobb","https://www.eu-startups.com/directory/swipejobb/"
"Ebie","https://www.eu-startups.com/directory/ebie/"
"EODynamics","https://www.eu-startups.com/directory/eodynamics/"
"Fruit is Food","https://www.eu-startups.com/directory/fruit-is-food/"
"Monok.com","https://www.eu-startups.com/directory/monok.com"
"Optima Planta","https://www.eu-startups.com/directory/optima-planta/"
"Your Beet","https://www.eu-startups.com/directory/your-beet/"
"Membly","https://www.eu-startups.com/directory/membly/"
"Inex One","https://www.eu-startups.com/directory/inex-one/"
"Firstact","https://www.eu-startups.com/directory/firstact/"
"Flatpack","https://www.eu-startups.com/directory/flatpack/"
"MODSIM Pharma","https://www.eu-startups.com/directory/modsim-pharma/"
"Shelf Planner","https://www.eu-startups.com/directory/shelf-planner/"
"Blykalla","https://www.eu-startups.com/directory/blykalla/"
"Scriptme AB","https://www.eu-startups.com/directory/scriptme-ab/"
"Measurementplan","https://www.eu-startups.com/directory/measurementplan/"
"Forwood AB","https://www.eu-startups.com/directory/forwood-ab/"
"BOGIO","https://www.eu-startups.com/directory/bogio/"
"Dunya Living","https://www.eu-startups.com/directory/dunya-living/"
"CYVI","https://www.eu-startups.com/directory/cyvi/"
"Hybridremote","https://www.eu-startups.com/directory/hybridremote/"
"The eillom company","https://www.eu-startups.com/directory/the-eillom-company/"
"AI Medical Technology","https://www.eu-startups.com/directory/ai-medical-technology/"
"London DJ Stockholm","https://www.eu-startups.com/directory/london-dj-stockholm/"
"Swekki Technology AB","https://www.eu-startups.com/directory/swekki-technology-ab/"
"Alwy","https://www.eu-startups.com/directory/alwy/"
"PriceAgent International AB","https://www.eu-startups.com/directory/priceagent-international-ab/"
"Aigility Industries AB","https://www.eu-startups.com/directory/aigility-industries-ab/"
"Yangi","https://www.eu-startups.com/directory/yangi/"
"Net Zero Build","https://www.eu-startups.com/directory/net-zero-build/"
"Resly AB","https://www.eu-startups.com/directory/resly-ab/"
"KanEL Sweden AB","https://www.eu-startups.com/directory/kanel-sweden-ab/"
"AKIRA Science","https://www.eu-startups.com/directory/akira-science/"
"Minutemailer","https://www.eu-startups.com/directory/minutemailer/"
"Oxide AI","https://www.eu-startups.com/directory/oxide-ai/"
"Baby Journey","https://www.eu-startups.com/directory/baby-journey/"
"Xplorafory Test AB","https://www.eu-startups.com/directory/xplorafory-test-ab/"
"Homer","https://www.eu-startups.com/directory/homer/"
"Fabeo AB","https://www.eu-startups.com/directory/fabeo-ab/"
"FloorFred","https://www.eu-startups.com/directory/floorfred/"
"Nordark","https://www.eu-startups.com/directory/nordark/"
"Tertie","https://www.eu-startups.com/directory/tertie/"
"Wats Solar","https://www.eu-startups.com/directory/wats-solar/"
"Visus","https://www.eu-startups.com/directory/visus/"
"Metvibee","https://www.eu-startups.com/directory/metvibee/"
"Magic Refunds","https://www.eu-startups.com/directory/magic-refunds/"
"Lokaalt","https://www.eu-startups.com/directory/lokaalt/"
"DREM","https://www.eu-startups.com/directory/drem/"
"Qlubo","https://www.eu-startups.com/directory/qlubo/"
"Verduro","https://www.eu-startups.com/directory/verduro/"
"Vesiro","https://www.eu-startups.com/directory/vesiro/"
"Victoriahem","https://www.eu-startups.com/directory/victoriahem/"
"Earth3.0","https://www.eu-startups.com/directory/earth3-0/"
"Dromiland","https://www.eu-startups.com/directory/dromiland/"
"Dwellir","https://www.eu-startups.com/directory/dwellir/"
"Dema.ai","https://www.eu-startups.com/directory/dema-ai/"
"Bits Technology","https://www.eu-startups.com/directory/bits-technology/"
"Atlar","https://www.eu-startups.com/directory/atlar/"
"Doerkit","https://www.eu-startups.com/directory/doerkit/"
"Dreamy","https://www.eu-startups.com/directory/dreamy/"
"Changerz","https://www.eu-startups.com/directory/changerz/"
"Telness Tech","https://www.eu-startups.com/directory/telness-tech/"
"MasterExchange","https://www.eu-startups.com/directory/masterexchange/"
"Volca","https://www.eu-startups.com/directory/volca/"
"Capitevo AB","https://www.eu-startups.com/directory/capitevo-ab/"
"Codeasy","https://www.eu-startups.com/directory/codeasy/"
"HappyLife","https://www.eu-startups.com/directory/happylife/"
"GreenEmissions","https://www.eu-startups.com/directory/greenemissions/"
"Northsence","https://www.eu-startups.com/directory/northsence/"
"FACING IT","https://www.eu-startups.com/directory/facing-it/"
"Rerun","https://www.eu-startups.com/directory/rerun/"
"ROYC Group","https://www.eu-startups.com/directory/royc-group/"
"RapAdd MFG","https://www.eu-startups.com/directory/rapadd-mfg/"
"Quiritis","https://www.eu-startups.com/directory/quiritis/"
"Semble","https://www.eu-startups.com/directory/semble/"
"Novatron","https://www.eu-startups.com/directory/novatron/"
"Spatio","https://www.eu-startups.com/directory/spatio/"
"Norgald","https://www.eu-startups.com/directory/norgald/"
"New Native","https://www.eu-startups.com/directory/new-native/"
"Twyg","https://www.eu-startups.com/directory/twyg/"
"The Space Company","https://www.eu-startups.com/directory/the-space-company/"
"FarmersCorner","https://www.eu-startups.com/directory/farmerscorner/"
"Labelf AI","https://www.eu-startups.com/directory/labelf-ai-2/"
"&Repeat","https://www.eu-startups.com/directory/repeat/"
"Webbstart","https://www.eu-startups.com/directory/webbstart/"
"Biohackeri","https://www.eu-startups.com/directory/biohackeri/"
"Bemannica","https://www.eu-startups.com/directory/bemannica/"
"Banxt","https://www.eu-startups.com/directory/banxt/"
"Bantaba","https://www.eu-startups.com/directory/bantaba/"
"AREA Blocks","https://www.eu-startups.com/directory/area-blocks/"
"Amino Health","https://www.eu-startups.com/directory/amino-health/"
"Aerit","https://www.eu-startups.com/directory/aerit/"
"home decor- art candles","https://www.eu-startups.com/directory/home-decor-art-candles/"
"Fragnet","https://www.eu-startups.com/directory/fragnet/"
"scientifyRESEARCH","https://www.eu-startups.com/directory/scientifyresearch/"
"TROOPR","https://www.eu-startups.com/directory/troopr/"
"Growloop","https://www.eu-startups.com/directory/growloop/"
"Cyclebit Group LTD","https://www.eu-startups.com/directory/cyclebit-group-ltd/"
"Scapin’","https://www.eu-startups.com/directory/scapin/"
"Cellfion","https://www.eu-startups.com/directory/cellfion/"
"Labelf AI","https://www.eu-startups.com/directory/labelf-ai/"
"Plugin Mixer","https://www.eu-startups.com/directory/plugin-mixer/"
"Nightstorm Limited","https://www.eu-startups.com/directory/nightstorm-limited/"
"Digmak","https://www.eu-startups.com/directory/digmak/"
"Glenntex","https://www.eu-startups.com/directory/glenntex/"
"Sesamy","https://www.eu-startups.com/directory/sesamy/"
"Meme.com","https://www.eu-startups.com/directory/meme-com/"
"Hypertype","https://www.eu-startups.com/directory/hypertype/"
"Orboroi AB","https://www.eu-startups.com/directory/orboroi-ab/"
"Gokind","https://www.eu-startups.com/directory/gokind/"
"Proptech Farm","https://www.eu-startups.com/directory/proptech-farm/"
"Fast Trek","https://www.eu-startups.com/directory/fast-trek/"
"LeDap","https://www.eu-startups.com/directory/ledap/"
"Logcast","https://www.eu-startups.com/directory/logcast/"
"masspredict","https://www.eu-startups.com/directory/masspredict/"
"Moralis","https://www.eu-startups.com/directory/moralis/"
"Goals","https://www.eu-startups.com/directory/goals/"
"Peyya","https://www.eu-startups.com/directory/peyya/"
"Picture This","https://www.eu-startups.com/directory/picture-this/"
"Ella","https://www.eu-startups.com/directory/ella/"
"Eitrium","https://www.eu-startups.com/directory/eitrium/"
"Cysel","https://www.eu-startups.com/directory/cysel/"
"Chroma","https://www.eu-startups.com/directory/chroma/"
"Sturdy","https://www.eu-startups.com/directory/sturdy/"
"Cardo Health","https://www.eu-startups.com/directory/cardo-health/"
"Calibur","https://www.eu-startups.com/directory/calibur/"
"Stroll IN AB","https://www.eu-startups.com/directory/stroll-in-ab/"
"Vimian Group","https://www.eu-startups.com/directory/vimian-group/"
"Arriver","https://www.eu-startups.com/directory/arriver/"
"Ark Kapital","https://www.eu-startups.com/directory/ark-kapital/"
"Anotherblock","https://www.eu-startups.com/directory/anotherblock/"
"Aline","https://www.eu-startups.com/directory/aline-2/"
"Pitchago","https://www.eu-startups.com/directory/pitchago/"
"Myhomefield","https://www.eu-startups.com/directory/myhomefield/"
"Furrychamp","https://www.eu-startups.com/directory/furrychamp/"
"Fastaway","https://www.eu-startups.com/directory/fastaway/"
"Elementric AB","https://www.eu-startups.com/directory/elementric-ab/"
"POMMINE","https://www.eu-startups.com/directory/pommine/"
"Orb","https://www.eu-startups.com/directory/orb-2/"
"stage.one","https://www.eu-startups.com/directory/stage-one/"
"Bumpy","https://www.eu-startups.com/directory/bumpy/"
"Circulaire","https://www.eu-startups.com/directory/circulaire/"
"Budvee","https://www.eu-startups.com/directory/budvee/"
"Recoma AB","https://www.eu-startups.com/directory/recoma-ab/"
"Estrid","https://www.eu-startups.com/directory/estrid/"
"Rekonnect","https://www.eu-startups.com/directory/rekonnect/"
"Nordic Stone Studio","https://www.eu-startups.com/directory/nordic-stone-studio/"
"NxNANO AB","https://www.eu-startups.com/directory/nxnano-ab/"
"Laundry Sheets","https://www.eu-startups.com/directory/laundry-sheets/"
"Forza Ikonia","https://www.eu-startups.com/directory/forza-ikonia/"
"Forloop.ai","https://www.eu-startups.com/directory/forloop-ai/"
"Flowpass","https://www.eu-startups.com/directory/flowpass/"
"fibblar","https://www.eu-startups.com/directory/fibblar/"
"Elbyte","https://www.eu-startups.com/directory/elbyte/"
"Circulate","https://www.eu-startups.com/directory/circulate/"
"Causiq","https://www.eu-startups.com/directory/causiq/"
"I Pair U","https://www.eu-startups.com/directory/i-pair-u/"
"INFRION","https://www.eu-startups.com/directory/infrion/"
"ROI Media","https://www.eu-startups.com/directory/roi-media/"
"Medoma","https://www.eu-startups.com/directory/medoma/"
"Norvea","https://www.eu-startups.com/directory/norvea/"
"NuLink","https://www.eu-startups.com/directory/nulink/"
"Paragast","https://www.eu-startups.com/directory/paragast/"
"Parsly","https://www.eu-startups.com/directory/parsly/"
"PersiFund","https://www.eu-startups.com/directory/persifund/"
"Plasero","https://www.eu-startups.com/directory/plasero/"
"Reeler","https://www.eu-startups.com/directory/reeler/"
"Veoneer","https://www.eu-startups.com/directory/veoneer/"
"EGG","https://www.eu-startups.com/directory/egg/"
"Coffydoor","https://www.eu-startups.com/directory/coffydoor/"
"Compular","https://www.eu-startups.com/directory/compular/"
"Curb Food","https://www.eu-startups.com/directory/curb-food/"
"Mathquizily","https://www.eu-startups.com/directory/mathquizily/"
"BasedOn","https://www.eu-startups.com/directory/basedon/"
"Auricula","https://www.eu-startups.com/directory/auricula/"
"ARGO Gaming Group","https://www.eu-startups.com/directory/argo-gaming-group/"
"Elevri","https://www.eu-startups.com/directory/elevri/"
"SuperNormal","https://www.eu-startups.com/directory/supernormal/"
"Alloverse","https://www.eu-startups.com/directory/alloverse/"
"Juni","https://www.eu-startups.com/directory/juni/"
"SourceMe","https://www.eu-startups.com/directory/sourceme-2/"
"Urban Oasis","https://www.eu-startups.com/directory/urban-oasis/"
"Convas","https://www.eu-startups.com/directory/convas/"
"CommuteSaver","https://www.eu-startups.com/directory/commutesaver/"
"CustomerVox","https://www.eu-startups.com/directory/customervox/"
"Carla","https://www.eu-startups.com/directory/carla/"
"Raymond Media AB","https://www.eu-startups.com/directory/raymond-media-ab/"
"HardSkills","https://www.eu-startups.com/directory/hardskills-2/"
"Freshsound","https://www.eu-startups.com/directory/freshsound/"
"Bicelo","https://www.eu-startups.com/directory/bicelo/"
"Layke Analytics","https://www.eu-startups.com/directory/layke-analytics/"
"Curoflow","https://www.eu-startups.com/directory/curoflow/"
"SourceMe","https://www.eu-startups.com/directory/sourceme/"
"Repuzen","https://www.eu-startups.com/directory/repuzen/"
"yayloh","https://www.eu-startups.com/directory/yayloh/"
"Gridly","https://www.eu-startups.com/directory/gridly/"
"Incubator List","https://www.eu-startups.com/directory/incubator-list/"
"B3 Kodify","https://www.eu-startups.com/directory/b3-kodify/"
"NanoScientifica Scandinavia","https://www.eu-startups.com/directory/nanoscientifica-scandinavia-ab/"
"Depict.ai","https://www.eu-startups.com/directory/depict-ai/"
"Courate","https://www.eu-startups.com/directory/courate/"
"Starprise","https://www.eu-startups.com/directory/starprise/"
"NAG Studios","https://www.eu-startups.com/directory/nag-studios/"
"Little Snooze","https://www.eu-startups.com/directory/little-snooze/"
"Krafthem","https://www.eu-startups.com/directory/krafthem/"
"Sendify","https://www.eu-startups.com/directory/sendify/"
"Sharkmob","https://www.eu-startups.com/directory/sharkmob/"
"Thrillism","https://www.eu-startups.com/directory/thrillism/"
"SustainLab","https://www.eu-startups.com/directory/sustainlab-2/"
"CoronaFree","https://www.eu-startups.com/directory/coronafree/"
"SustainLab","https://www.eu-startups.com/directory/sustainlab/"
"MoonRise","https://www.eu-startups.com/directory/moonrise/"
"Logary Analytics","https://www.eu-startups.com/directory/logary-analytics/"
"Nineteen Media Group","https://www.eu-startups.com/directory/nineteen-media-group/"
"Genvalues","https://www.eu-startups.com/directory/genvalues/"
"Future Dining","https://www.eu-startups.com/directory/future-dining/"
"FUNCiFUR","https://www.eu-startups.com/directory/funcifur/"
"Resly AB","https://www.eu-startups.com/directory/resly-ab/"
"Envar","https://www.eu-startups.com/directory/envar/"
"DevSkills","https://www.eu-startups.com/directory/devskills/"
"SLPanda","https://www.eu-startups.com/directory/slpanda/"
"Meitner","https://www.eu-startups.com/directory/meitner/"
"Hemavi","https://www.eu-startups.com/directory/hemavi/"
"Hailey HR","https://www.eu-startups.com/directory/hailey-hr/"
"Navian Investment Group","https://www.eu-startups.com/directory/navian-investment-group/"
"Go North","https://www.eu-startups.com/directory/go-north/"
"OPPORTUNI","https://www.eu-startups.com/directory/opportuni/"
"Flower","https://www.eu-startups.com/directory/flower/"
"porkchop","https://www.eu-startups.com/directory/porkchop/"
"Encore","https://www.eu-startups.com/directory/encore-2/"
"Ecommatrix","https://www.eu-startups.com/directory/ecommatrix/"
"Decode","https://www.eu-startups.com/directory/decode/"
"Scrintal","https://www.eu-startups.com/directory/scrintal/"
"Sizzle","https://www.eu-startups.com/directory/sizzle/"
"SKOSH","https://www.eu-startups.com/directory/skosh/"
"Consenz","https://www.eu-startups.com/directory/consenz/"
"Chimer","https://www.eu-startups.com/directory/chimer/"
"Caterking","https://www.eu-startups.com/directory/caterking/"
"Cappy","https://www.eu-startups.com/directory/cappy/"
"CanaryBit","https://www.eu-startups.com/directory/canarybit/"
"Call Knut","https://www.eu-startups.com/directory/call-knut/"
"Brink Commerce","https://www.eu-startups.com/directory/brink-commerce/"
"Bemlo (YC W22)","https://www.eu-startups.com/directory/bemlo-yc-w22/"
"UXStream","https://www.eu-startups.com/directory/uxstream/"
"Vetrik","https://www.eu-startups.com/directory/vetrik/"
"Vividye AB","https://www.eu-startups.com/directory/vividye-ab/"
"Allihoop","https://www.eu-startups.com/directory/allihoop/"
"WordDiagnostics","https://www.eu-startups.com/directory/worddiagnostics/"
"Women Cycles","https://www.eu-startups.com/directory/women-cycles/"
"Vaam","https://www.eu-startups.com/directory/vaam/"
"Urban Oasis","https://www.eu-startups.com/directory/urban-oasis-2/"
"VEAT","https://www.eu-startups.com/directory/veat/"
"Aline","https://www.eu-startups.com/directory/aline/"
"Platehero","https://www.eu-startups.com/directory/platehero/"
"Sparly","https://www.eu-startups.com/directory/sparly/"
"Swiftly","https://www.eu-startups.com/directory/swiftly/"
"Wavi Analytics AB","https://www.eu-startups.com/directory/wavi-analytics-ab/"
"Spher","https://www.eu-startups.com/directory/spher/"
"Svadia","https://www.eu-startups.com/directory/svadia/"
"Bosnok","https://www.eu-startups.com/directory/bosnok/"
"Aalva","https://www.eu-startups.com/directory/aalva/"
"Qopywriter.ai","https://www.eu-startups.com/directory/qopywriter-ai/"
"Turbotic","https://www.eu-startups.com/directory/turbotic-2/"
"Ecobloom","https://www.eu-startups.com/directory/ecobloom/"
"ADix","https://www.eu-startups.com/directory/adix/"
"Capcito","https://www.eu-startups.com/directory/capcito/"
"MERPHI","https://www.eu-startups.com/directory/merphi-ab/"
"SWITCHR","https://www.eu-startups.com/directory/switchr/"
"NAG Studios","https://www.eu-startups.com/directory/nag-studios-2/"
"Madden Analytics","https://www.eu-startups.com/directory/madden-analytics/"
"Local Purse","https://www.eu-startups.com/directory/local-purse/"
"Off Script","https://www.eu-startups.com/directory/off-script/"
"Redare","https://www.eu-startups.com/directory/redare/"
"Respaces","https://www.eu-startups.com/directory/respaces/"
"Ezeride","https://www.eu-startups.com/directory/ezeride/"
"Buddywise","https://www.eu-startups.com/directory/buddywise/"
"Plexigrid","https://www.eu-startups.com/directory/plexigrid/"
"Pixelgen Technologies","https://www.eu-startups.com/directory/pixelgen-technologies/"
"Ouriginal","https://www.eu-startups.com/directory/ouriginal/"
"Ohcleo","https://www.eu-startups.com/directory/ohcleo/"
"Olivia","https://www.eu-startups.com/directory/olivia/"
"Nyctea Technologies","https://www.eu-startups.com/directory/nyctea-technologies/"
"Nutrie","https://www.eu-startups.com/directory/nutrie/"
"Noodl","https://www.eu-startups.com/directory/noodl/"
"Nordtech Group","https://www.eu-startups.com/directory/nordtech-group/"
"New Logic","https://www.eu-startups.com/directory/new-logic/"
"Movesta","https://www.eu-startups.com/directory/movesta/"
"Mothership","https://www.eu-startups.com/directory/mothership/"
"Mallax Pharmaceuticals","https://www.eu-startups.com/directory/mallax-pharmaceuticals/"
"Lucero","https://www.eu-startups.com/directory/lucero/"
"Lassie","https://www.eu-startups.com/directory/lassie/"
"Kavall","https://www.eu-startups.com/directory/kavall/"
"K Sweden","https://www.eu-startups.com/directory/k-sweden/"
"GydEd","https://www.eu-startups.com/directory/gyded/"
"H2 Green Steel","https://www.eu-startups.com/directory/h2-green-steel/"
"SweGreen","https://www.eu-startups.com/directory/swegreen/"
"Movvio","https://www.eu-startups.com/directory/movvio/"
"iconik","https://www.eu-startups.com/directory/iconik/"
"MIOO CYCLING","https://www.eu-startups.com/directory/mioo-cycling/"
"Sensorem AB","https://www.eu-startups.com/directory/sensorem-ab/"
"Adapteo","https://www.eu-startups.com/directory/adapteo/"
"Appmost","https://www.eu-startups.com/directory/appmost/"
"Norban","https://www.eu-startups.com/directory/norban/"
"Allies","https://www.eu-startups.com/directory/allies/"
"Assently","https://www.eu-startups.com/directory/assently/"
"Gronbil.se","https://www.eu-startups.com/directory/gronbil-se-miljobilar-pa-natet/"
"Starmony","https://www.eu-startups.com/directory/starmony/"
"Lunch.co","https://www.eu-startups.com/directory/lunch-co/"
"Alissa","https://www.eu-startups.com/directory/alissa/"
"Ellure AB","https://www.eu-startups.com/directory/ellure-ab/"
"Mynt","https://www.eu-startups.com/directory/mynt/"
"Estabild","https://www.eu-startups.com/directory/estabild/"
"MuchSkills","https://www.eu-startups.com/directory/muchskills/"
"Carcare Systems","https://www.eu-startups.com/directory/carcare-systems/"
"Doit.io","https://www.eu-startups.com/directory/doit-io/"
"Napper","https://www.eu-startups.com/directory/napper/"
"Wild Games","https://www.eu-startups.com/directory/wild-games/"
"Nhost","https://www.eu-startups.com/directory/nhost/"
"SWAY Technology","https://www.eu-startups.com/directory/sway-technology/"
"Lifelong","https://www.eu-startups.com/directory/lifelong/"
"memmo.me","https://www.eu-startups.com/directory/memmo-me/"
"Collabify","https://www.eu-startups.com/directory/collabify/"
"Limina","https://www.eu-startups.com/directory/limina/"
"Univid","https://www.eu-startups.com/directory/univid/"
"Memmo","https://www.eu-startups.com/directory/memmo/"
"Vembla","https://www.eu-startups.com/directory/vembla/"
"Privacy1","https://www.eu-startups.com/directory/privacy1/"
"Digip","https://www.eu-startups.com/directory/digip/"
"Hooked Foods","https://www.eu-startups.com/directory/hooked-foods/"
"Teemyco","https://www.eu-startups.com/directory/teemyco/"
"Cerve","https://www.eu-startups.com/directory/cerve/"
"LootLocker","https://www.eu-startups.com/directory/lootlocker/"
"Lolo Company","https://www.eu-startups.com/directory/lolo-company/"
"Lunar Strategy","https://www.eu-startups.com/directory/lunar-strategy/"
"Macade Golf","https://www.eu-startups.com/directory/macade-golf/"
"Kärnfull","https://www.eu-startups.com/directory/karnfull/"
"Medarca","https://www.eu-startups.com/directory/medarca/"
"Itchy","https://www.eu-startups.com/directory/itchy/"
"Iver","https://www.eu-startups.com/directory/iver/"
"Migranhjalpen","https://www.eu-startups.com/directory/migranhjalpen/"
"Hackyourcloset.com","https://www.eu-startups.com/directory/hackyourcloset-com/"
"Gofido","https://www.eu-startups.com/directory/gofido/"
"Gigantic Duck","https://www.eu-startups.com/directory/gigantic-duck/"
"Nortb","https://www.eu-startups.com/directory/nortb/"
"Gamifiera","https://www.eu-startups.com/directory/gamifiera/"
"Oak Universe","https://www.eu-startups.com/directory/oak-universe/"
"OMEN Technologies AB","https://www.eu-startups.com/directory/omen-technologies-ab/"
"FLOAT","https://www.eu-startups.com/directory/float-2/"
"Oterlu","https://www.eu-startups.com/directory/oterlu/"
"Fixi","https://www.eu-startups.com/directory/fixi/"
"P27 Nordic Payments","https://www.eu-startups.com/directory/p27-nordic-payments/"
"Filestar","https://www.eu-startups.com/directory/filestar/"
"Pepicon","https://www.eu-startups.com/directory/pepicon/"
"Pembio","https://www.eu-startups.com/directory/pembio/"
"Phyron","https://www.eu-startups.com/directory/phyron/"
"Picsmart","https://www.eu-startups.com/directory/picsmart/"
"Pigello","https://www.eu-startups.com/directory/pigello/"
"Polhem Infra","https://www.eu-startups.com/directory/polhem-infra/"
"evoli","https://www.eu-startups.com/directory/evoli/"
"Preactlys","https://www.eu-startups.com/directory/preactlys/"
"EpinovaTech","https://www.eu-startups.com/directory/epinovatech/"
"Emollivet","https://www.eu-startups.com/directory/emollivet/"
"Profundus Imaging","https://www.eu-startups.com/directory/profundus-imaging/"
"Dropmed","https://www.eu-startups.com/directory/dropmed/"
"DSruptive Subdermals","https://www.eu-startups.com/directory/dsruptive-subdermals/"
"Done","https://www.eu-startups.com/directory/done-2/"
"Din Psykolog","https://www.eu-startups.com/directory/din-psykolog/"
"Dentalum","https://www.eu-startups.com/directory/dentalum/"
"SecureBug","https://www.eu-startups.com/directory/securebug/"
"Semicon Service Nordic AB","https://www.eu-startups.com/directory/semicon-service-nordic-ab/"
"Skinfo","https://www.eu-startups.com/directory/skinfo/"
"SNAFU Records","https://www.eu-startups.com/directory/snafu-records/"
"Coupleness","https://www.eu-startups.com/directory/coupleness/"
"Confirma Software","https://www.eu-startups.com/directory/confirma-software/"
"Commended.ai","https://www.eu-startups.com/directory/commended-ai/"
"Stockrepublic","https://www.eu-startups.com/directory/stockrepublic/"
"Stratipath Medical","https://www.eu-startups.com/directory/stratipath-medical/"
"Celcibus","https://www.eu-startups.com/directory/celcibus/"
"Surfboard Payments","https://www.eu-startups.com/directory/surfboard-payments-2/"
"Symbiome.io","https://www.eu-startups.com/directory/symbiome-io/"
"Swedish Temptations","https://www.eu-startups.com/directory/swedish-temptations/"
"SWATI Cosmetics","https://www.eu-startups.com/directory/swati-cosmetics/"
"Tecta","https://www.eu-startups.com/directory/tecta/"
"Tengai","https://www.eu-startups.com/directory/tengai/"
"Texelio","https://www.eu-startups.com/directory/texelio/"
"TensionCam","https://www.eu-startups.com/directory/tensioncam/"
"Carcare Systems Europe","https://www.eu-startups.com/directory/carcare-systems-europe/"
"Cangoroo Tech","https://www.eu-startups.com/directory/cangoroo-tech/"
"Tilly","https://www.eu-startups.com/directory/tilly/"
"Usurpator AB","https://www.eu-startups.com/directory/usurpator-ab/"
"Volta Trucks","https://www.eu-startups.com/directory/volta-trucks-2/"
"ARC","https://www.eu-startups.com/directory/arc/"
"WeTal","https://www.eu-startups.com/directory/wetal/"
"Wiser Media","https://www.eu-startups.com/directory/wiser-media-2/"
"Angelchat","https://www.eu-startups.com/directory/angelchat/"
"Wiser Media","https://www.eu-startups.com/directory/wiser-media/"
"All Aboard","https://www.eu-startups.com/directory/all-aboard/"
"AirForestry","https://www.eu-startups.com/directory/airforestry/"
"Accurator","https://www.eu-startups.com/directory/accurator/"
"Acorai","https://www.eu-startups.com/directory/acorai/"
"Matador Meggings","https://www.eu-startups.com/directory/matador-meggings/"
"Earthbanc","https://www.eu-startups.com/directory/earthbanc/"
"E-GOGO E-SPORTS","https://www.eu-startups.com/directory/e-gogo-e-sports/"
"Noteful","https://www.eu-startups.com/directory/noteful/"
"Datia","https://www.eu-startups.com/directory/datia/"
"Bower","https://www.eu-startups.com/directory/bower/"
"Spacept","https://www.eu-startups.com/directory/spacept/"
"Brick Technology","https://www.eu-startups.com/directory/brick-technology-2/"
"xNomad","https://www.eu-startups.com/directory/xnomad/"
"Karma Bot","https://www.eu-startups.com/directory/karma-bot/"
"Astrid Wild","https://www.eu-startups.com/directory/astrid-wild/"
"Skyqraft","https://www.eu-startups.com/directory/skyqraft/"
"Ami Lab","https://www.eu-startups.com/directory/ami-lab/"
"Playground TV","https://www.eu-startups.com/directory/playground-tv/"
"Trukatu","https://www.eu-startups.com/directory/trukatu/"
"Volta Trucks","https://www.eu-startups.com/directory/volta-trucks/"
"Noquo Foods","https://www.eu-startups.com/directory/noquo-foods/"
"MedTech Concept","https://www.eu-startups.com/directory/medtech-concept-ab/"
"Saga","https://www.eu-startups.com/directory/saga/"
"Safety-Bolts","https://www.eu-startups.com/directory/safety-bolts/"
"vagon","https://www.eu-startups.com/directory/vagon/"
"Stockeld Dreamery","https://www.eu-startups.com/directory/stockeld-dreamery/"
"Occtoo","https://www.eu-startups.com/directory/occtoo/"
"Kive","https://www.eu-startups.com/directory/kive/"
"WAP dog care products","https://www.eu-startups.com/directory/wap-dog-care-products/"
"Rational BI","https://www.eu-startups.com/directory/rational-bi/"
"PlugXR EMEA","https://www.eu-startups.com/directory/plugxr-emea/"
"Mendi","https://www.eu-startups.com/directory/mendi/"
"Petbuddy","https://www.eu-startups.com/directory/petbuddy/"
"Insert Coin","https://www.eu-startups.com/directory/insert-coin/"
"Okawi AB (Leafymade)","https://www.eu-startups.com/directory/okawi-ab-leafymade/"
"Embark Studios","https://www.eu-startups.com/directory/embark-studios-ab/"
"Mindsed","https://www.eu-startups.com/directory/mindsed/"
"Nectarine Health","https://www.eu-startups.com/directory/nectarine-health/"
"Mindler","https://www.eu-startups.com/directory/mindler/"
"Invoier","https://www.eu-startups.com/directory/invoier/"
"Curiooso","https://www.eu-startups.com/directory/curiooso/"
"Agorify","https://www.eu-startups.com/directory/agorify/"
"Apotekamo","https://www.eu-startups.com/directory/apotekamo/"
"Pulpac","https://www.eu-startups.com/directory/pulpac/"
"imagiLabs","https://www.eu-startups.com/directory/imagilabs/"
"BoardClic","https://www.eu-startups.com/directory/boardclic/"
"Bizzcoo AB","https://www.eu-startups.com/directory/bizzcoo-ab/"
"Corite","https://www.eu-startups.com/directory/corite/"
"WineTourism.com","https://www.eu-startups.com/directory/winetourism-com/"
"Sensorbee","https://www.eu-startups.com/directory/sensorbee/"
"Nordluft Automation","https://www.eu-startups.com/directory/nordluft-automation/"
"Foodla","https://www.eu-startups.com/directory/foodla/"
"Farmpharma","https://www.eu-startups.com/directory/farmpharma/"
"Dukanji","https://www.eu-startups.com/directory/dukanji/"
"Substly","https://www.eu-startups.com/directory/substly/"
"Krea","https://www.eu-startups.com/directory/krea/"
"KOMPAR","https://www.eu-startups.com/directory/kompar/"
"Laundrop.se","https://www.eu-startups.com/directory/laundrop-se/"
"Knodd","https://www.eu-startups.com/directory/knodd/"
"Lace Laboratory","https://www.eu-startups.com/directory/lace-laboratory/"
"Kind","https://www.eu-startups.com/directory/kind/"
"Kavalri Games","https://www.eu-startups.com/directory/kavalri-games/"
"Kale United","https://www.eu-startups.com/directory/kale-united/"
"IOT Communications","https://www.eu-startups.com/directory/iot-communications/"
"imagiCase","https://www.eu-startups.com/directory/imagicase/"
"Immedica","https://www.eu-startups.com/directory/immedica/"
"MOBA Network","https://www.eu-startups.com/directory/moba-network/"
"Hubins.com","https://www.eu-startups.com/directory/hubins-com/"
"Homepal","https://www.eu-startups.com/directory/homepal-2/"
"Housecar","https://www.eu-startups.com/directory/housecar/"
"Hemset","https://www.eu-startups.com/directory/hemset/"
"Heap Carsharing","https://www.eu-startups.com/directory/heap-carsharing/"
"Hardskills","https://www.eu-startups.com/directory/hardskills/"
"Gigway","https://www.eu-startups.com/directory/gigway/"
"Gigapay","https://www.eu-startups.com/directory/gigapay/"
"NorthWorx","https://www.eu-startups.com/directory/northworx/"
"OmMej","https://www.eu-startups.com/directory/ommej/"
"Flaxta","https://www.eu-startups.com/directory/flaxta/"
"Finshark","https://www.eu-startups.com/directory/finshark/"
"PainDrainer","https://www.eu-startups.com/directory/paindrainer/"
"Ozon Rides","https://www.eu-startups.com/directory/ozon-rides/"
"Pet Media Group","https://www.eu-startups.com/directory/pet-media-group-2/"
"Pliance","https://www.eu-startups.com/directory/pliance/"
"Pluck","https://www.eu-startups.com/directory/pluck/"
"Procella Therapeutics","https://www.eu-startups.com/directory/procella-therapeutics/"
"EmbeDL","https://www.eu-startups.com/directory/embedl/"
"Ridesum","https://www.eu-startups.com/directory/ridesum/"
"Detecht","https://www.eu-startups.com/directory/detecht/"
"Dicot","https://www.eu-startups.com/directory/dicot/"
"SchoolParrot.com","https://www.eu-startups.com/directory/schoolparrot-com/"
"settr.","https://www.eu-startups.com/directory/settr/"
"Shewy","https://www.eu-startups.com/directory/shewy/"
"CVX Ventures","https://www.eu-startups.com/directory/cvx-ventures/"
"Coherence","https://www.eu-startups.com/directory/coherence/"
"Colearn","https://www.eu-startups.com/directory/colearn/"
"Colive","https://www.eu-startups.com/directory/colive/"
"CloudBackend","https://www.eu-startups.com/directory/cloudbackend/"
"Stellar","https://www.eu-startups.com/directory/stellar/"
"Superblocks","https://www.eu-startups.com/directory/superblocks/"
"swimbird","https://www.eu-startups.com/directory/swimbird/"
"Care to Translate","https://www.eu-startups.com/directory/care-to-translate/"
"Bytesafe","https://www.eu-startups.com/directory/bytesafe/"
"C-Phrase","https://www.eu-startups.com/directory/c-phrase/"
"Third Act Financial Services","https://www.eu-startups.com/directory/third-act-financial-services/"
"Borgo","https://www.eu-startups.com/directory/borgo/"
"TIGERQ","https://www.eu-startups.com/directory/tigerq/"
"Brightly Ventures","https://www.eu-startups.com/directory/brightly-ventures/"
"Binary Brains AB","https://www.eu-startups.com/directory/binary-brains-ab/"
"blipp.se","https://www.eu-startups.com/directory/blipp-se/"
"Blixt","https://www.eu-startups.com/directory/blixt/"
"Backtick Technologies","https://www.eu-startups.com/directory/backtick-technologies/"
"Truesec Inspect","https://www.eu-startups.com/directory/truesec-inspect/"
"AudioHarvest","https://www.eu-startups.com/directory/audioharvest/"
"Up Strategy Lab","https://www.eu-startups.com/directory/up-strategy-lab/"
"Aspia","https://www.eu-startups.com/directory/aspia/"
"Asgard Therapeutics","https://www.eu-startups.com/directory/asgard-therapeutics/"
"Vourity AB","https://www.eu-startups.com/directory/vourity-ab/"
"Amferia","https://www.eu-startups.com/directory/amferia/"
"Anch.ai","https://www.eu-startups.com/directory/anch-ai/"
"Amanda AI","https://www.eu-startups.com/directory/amanda-ai/"
"Wrlds Creations","https://www.eu-startups.com/directory/wrlds-creations/"
"XIOS/3","https://www.eu-startups.com/directory/xios-3/"
"Adgrabber","https://www.eu-startups.com/directory/adgrabber/"
"LOOP","https://www.eu-startups.com/directory/loop-2/"
"Northman VR","https://www.eu-startups.com/directory/northman-vr/"
"Alex Therapeutics","https://www.eu-startups.com/directory/alex-therapeutics/"
"Modulai","https://www.eu-startups.com/directory/modulai/"
"Spowdi","https://www.eu-startups.com/directory/spowdi/"
"Invoier","https://www.eu-startups.com/directory/invoier-2/"
"Indivd Ai","https://www.eu-startups.com/directory/indivd-ai/"
"Echo State","https://www.eu-startups.com/directory/echo-state/"
"Chromia","https://www.eu-startups.com/directory/chromia/"
"Annotell","https://www.eu-startups.com/directory/annotell/"
"Binary Brains","https://www.eu-startups.com/directory/binary-brains/"
"Luxuryhotel.guru","https://www.eu-startups.com/directory/luxuryhotel-guru/"
"Relate","https://www.eu-startups.com/directory/relate/"
"Milkywire","https://www.eu-startups.com/directory/milkywire/"
"Nordiska Firmalån","https://www.eu-startups.com/directory/nordiska-firmalan/"
"MIPARO","https://www.eu-startups.com/directory/miparo/"
"Yogakollektivet Sverige","https://www.eu-startups.com/directory/yogakollektivet-sverige-ab/"
"Bringwash","https://www.eu-startups.com/directory/bringwash/"
"The Virtual Mind","https://www.eu-startups.com/directory/the-virtual-mind/"
"Rawstraw","https://www.eu-startups.com/directory/rawstraw/"
"We Mark You","https://www.eu-startups.com/directory/we-mark-you/"
"Enerpoly AB","https://www.eu-startups.com/directory/enerpoly-ab/"
"Dcipher Analytics","https://www.eu-startups.com/directory/dcipher-analytics/"
"Volubus","https://www.eu-startups.com/directory/volubus/"
"Flashe Gaming","https://www.eu-startups.com/directory/flashe-gaming/"
"Thermtest Europe","https://www.eu-startups.com/directory/thermtest-europe-ab/"
"Voi Technology","https://www.eu-startups.com/directory/voi-technology/"
"Bookself","https://www.eu-startups.com/directory/bookself/"
"Voi","https://www.eu-startups.com/directory/voi/"
"Bintel","https://www.eu-startups.com/directory/bintel/"
"My Telescope","https://www.eu-startups.com/directory/my-telescope/"
"AlgoDx","https://www.eu-startups.com/directory/algodx/"
"Heart Aerospace","https://www.eu-startups.com/directory/heart-aerospace/"
"VReel","https://www.eu-startups.com/directory/vreel/"
"Stockholm Water Technology","https://www.eu-startups.com/directory/stockholm-water-technology/"
"Panion","https://www.eu-startups.com/directory/panion-2/"
"voi.","https://www.eu-startups.com/directory/voi-3/"
"VISBOK","https://www.eu-startups.com/directory/visbok/"
"Kreditz","https://www.eu-startups.com/directory/kreditz/"
"Volta Greentech","https://www.eu-startups.com/directory/volta-greentech/"
"Voi","https://www.eu-startups.com/directory/voi-2/"
"Unbiased","https://www.eu-startups.com/directory/unbiased-2/"
"Acuminor","https://www.eu-startups.com/directory/acuminor/"
"Tendium","https://www.eu-startups.com/directory/tendium/"
"Petbuddy Group","https://www.eu-startups.com/directory/petbuddy-group/"
"ClimateView","https://www.eu-startups.com/directory/climateview/"
"PocketLaw","https://www.eu-startups.com/directory/pocketlaw/"
"Collegial","https://www.eu-startups.com/directory/collegial/"
"Nordlo Group","https://www.eu-startups.com/directory/nordlo-group/"
"Epiroc","https://www.eu-startups.com/directory/epiroc/"
"Lifvs","https://www.eu-startups.com/directory/lifvs/"
"Invoier AB","https://www.eu-startups.com/directory/invoier-ab/"
"Lectogo","https://www.eu-startups.com/directory/lectogo/"
"Econans","https://www.eu-startups.com/directory/econans/"
"Doconomy","https://www.eu-startups.com/directory/doconomy/"
"Debricked","https://www.eu-startups.com/directory/debricked/"
"Sproud","https://www.eu-startups.com/directory/sproud/"
"A Good Company","https://www.eu-startups.com/directory/a-good-company/"
"Zynapp","https://www.eu-startups.com/directory/zynapp/"
"Sanctify Financial Technologies","https://www.eu-startups.com/directory/sanctify-financial-technologies/"
"Platform24","https://www.eu-startups.com/directory/platform24/"
"Quality Pharma Medtech","https://www.eu-startups.com/directory/quality-pharma-medtech/"
"Pet Media Group","https://www.eu-startups.com/directory/pet-media-group/"
"Mindler","https://www.eu-startups.com/directory/mindler-2/"
"Creed Media","https://www.eu-startups.com/directory/creed-media/"
"Docly","https://www.eu-startups.com/directory/docly/"
"Scaleout","https://www.eu-startups.com/directory/scaleout/"
"Particle3D","https://www.eu-startups.com/directory/particle3d-2/"
"Material Exchange","https://www.eu-startups.com/directory/material-exchange/"
"Elypta AB","https://www.eu-startups.com/directory/elypta-ab/"
"Instaroom","https://www.eu-startups.com/directory/instaroom/"
"Carrinet AB","https://www.eu-startups.com/directory/carrinet-ab-2/"
"BøthOfUs","https://www.eu-startups.com/directory/bothofus/"
"Seravi","https://www.eu-startups.com/directory/seravi/"
"Jiggsoft","https://www.eu-startups.com/directory/jiggsoft/"
"REPORTERS.io","https://www.eu-startups.com/directory/reporters-io/"
"Appjobs","https://www.eu-startups.com/directory/appjobs/"
"Heja","https://www.eu-startups.com/directory/heja/"
"Vässla","https://www.eu-startups.com/directory/vassla/"
"Caterbee","https://www.eu-startups.com/directory/caterbee/"
"We Don’t Have Time","https://www.eu-startups.com/directory/we-dont-have-time/"
"Molecular Attraction","https://www.eu-startups.com/directory/molecular-attraction/"
"Norrfolks","https://www.eu-startups.com/directory/norrfolks/"
"Vinden Storage","https://www.eu-startups.com/directory/vinden-storage/"
"Youcal","https://www.eu-startups.com/directory/youcal/"
"Collective Minds Radiology","https://www.eu-startups.com/directory/collective-minds-radiology-2/"
"Whalebone","https://www.eu-startups.com/directory/whalebone/"
"Quandify AB","https://www.eu-startups.com/directory/labtrino-ab/"
"Imaginecare","https://www.eu-startups.com/directory/imaginecare/"
"Insurely","https://www.eu-startups.com/directory/insurely/"
"Collective Minds Radiology","https://www.eu-startups.com/directory/collective-minds-radiology/"
"PreVet","https://www.eu-startups.com/directory/prevet/"
"Anyfin","https://www.eu-startups.com/directory/anyfin/"
"Dockstr","https://www.eu-startups.com/directory/dockstr/"
"MyVox Ultrasonics","https://www.eu-startups.com/directory/myvox-ultrasonics/"
"Open Payments","https://www.eu-startups.com/directory/open-payments/"
"Phase Space Computing","https://www.eu-startups.com/directory/phase-space-computing/"
"GigsGuide","https://www.eu-startups.com/directory/gigsguide/"
"PavoSolution","https://www.eu-startups.com/directory/pavosolution/"
"AirGhost Helicopter","https://www.eu-startups.com/directory/airghost-helicopter-ab/"
"Combuyit","https://www.eu-startups.com/directory/combuyit-ab/"
"Flype","https://www.eu-startups.com/directory/flype/"
"Donna","https://www.eu-startups.com/directory/donna/"
"Bredbandsval.se","https://www.eu-startups.com/directory/bredbandsval-se/"
"Qoitech","https://www.eu-startups.com/directory/qoitech/"
"Enpointer","https://www.eu-startups.com/directory/enpointer/"
"Edventures","https://www.eu-startups.com/directory/edventures/"
"Thillism","https://www.eu-startups.com/directory/thillism/"
"Asgardcasinon","https://www.eu-startups.com/directory/asgardcasinon/"
"GoodOnes","https://www.eu-startups.com/directory/goodones/"
"Preglife","https://www.eu-startups.com/directory/preglife/"
"Dicopay","https://www.eu-startups.com/directory/dicopay/"
"Baffin Bay Networks","https://www.eu-startups.com/directory/baffin-bay-networks/"
"Grace Health","https://www.eu-startups.com/directory/grace-health/"
"MEDS Apotek","https://www.eu-startups.com/directory/meds-apotek/"
"Newsvoice","https://www.eu-startups.com/directory/newsvoice/"
"Woilà","https://www.eu-startups.com/directory/woila/"
"Around Co","https://www.eu-startups.com/directory/around-co/"
"Elsa Science","https://www.eu-startups.com/directory/elsa-science/"
"Stravito","https://www.eu-startups.com/directory/stravito/"
"Viking Analytics AB","https://www.eu-startups.com/directory/viking-analytics-ab/"
"Alva Labs","https://www.eu-startups.com/directory/alva-labs/"
"Kind Socks AB","https://www.eu-startups.com/directory/kind-socks-ab/"
"OnDosis","https://www.eu-startups.com/directory/ondosis/"
"Regily","https://www.eu-startups.com/directory/regily/"
"Apohem","https://www.eu-startups.com/directory/apohem/"
"Xenergic","https://www.eu-startups.com/directory/xenergic/"
"AppJobs.com","https://www.eu-startups.com/directory/appjobs-com/"
"Material Exchange","https://www.eu-startups.com/directory/material-exchange-2/"
"Mavenoid","https://www.eu-startups.com/directory/mavenoid-2/"
"Learnster","https://www.eu-startups.com/directory/learnster/"
"Healo","https://www.eu-startups.com/directory/healo/"
"Future Ordering","https://www.eu-startups.com/directory/future-ordering/"
"Klimato","https://www.eu-startups.com/directory/klimato/"
"Omocom","https://www.eu-startups.com/directory/omocom/"
"Skipperi","https://www.eu-startups.com/directory/skipperi/"
"Yabie","https://www.eu-startups.com/directory/yabie/"
"Yaytrade","https://www.eu-startups.com/directory/yaytrade/"
"Zaver","https://www.eu-startups.com/directory/zaver/"
"Firstvet","https://www.eu-startups.com/directory/firstvet-2/"
"Cultural Cruises Europe","https://www.eu-startups.com/directory/cultural-cruises-europe-b-v/"
"Telness","https://www.eu-startups.com/directory/telness/"
"Dinghy Rings Sweden","https://www.eu-startups.com/directory/dinghy-rings-sweden/"
"Carrinet AB","https://www.eu-startups.com/directory/carrinet-ab/"
"Medpeople","https://www.eu-startups.com/directory/medpeople/"
"Minna Technologies","https://www.eu-startups.com/directory/minna-technologies/"
"Znipe","https://www.eu-startups.com/directory/znipe/"
"Melt&Marble","https://www.eu-startups.com/directory/meltmarble/"
"Epishine","https://www.eu-startups.com/directory/epishine/"
"Goava","https://www.eu-startups.com/directory/goava/"
"Hoylu","https://www.eu-startups.com/directory/hoylu/"
"Centra","https://www.eu-startups.com/directory/centra/"
"AdvaaH","https://www.eu-startups.com/directory/advaah-ab/"
"IPscreener","https://www.eu-startups.com/directory/ipscreener/"
"Workaround","https://www.eu-startups.com/directory/workaround/"
"Vellora","https://www.eu-startups.com/directory/vellora/"
"Mimbly","https://www.eu-startups.com/directory/mimbly/"
"Sentian.AI","https://www.eu-startups.com/directory/sentian-ai/"
"Uniti Electric Car","https://www.eu-startups.com/directory/uniti-electric-car-2/"
"Swiftcourt","https://www.eu-startups.com/directory/swiftcourt/"
"Flowfactory","https://www.eu-startups.com/directory/flowfactory/"
"Colivia","https://www.eu-startups.com/directory/colivia/"
"Swiftr","https://www.eu-startups.com/directory/swiftr/"
"Northfork","https://www.eu-startups.com/directory/northfork/"
"GoFrendly","https://www.eu-startups.com/directory/gofrendly/"
"Equilab","https://www.eu-startups.com/directory/equilab/"
"Ridely","https://www.eu-startups.com/directory/ridely/"
"Uniti Sweden","https://www.eu-startups.com/directory/uniti-sweden/"
"svrvive","https://www.eu-startups.com/directory/svrvive/"
"CELLINK","https://www.eu-startups.com/directory/cellink/"
"Doctrin","https://www.eu-startups.com/directory/doctrin/"
"Aponomy","https://www.eu-startups.com/directory/aponomy/"
"Hedvig","https://www.eu-startups.com/directory/hedvig/"
"Tibber","https://www.eu-startups.com/directory/tibber/"
"Triple","https://www.eu-startups.com/directory/triple/"
"Crosser","https://www.eu-startups.com/directory/crosser/"
"Insurello","https://www.eu-startups.com/directory/insurello/"
"Doktor.se","https://www.eu-startups.com/directory/doktor-se/"
"Einride","https://www.eu-startups.com/directory/einride/"
"Northvolt","https://www.eu-startups.com/directory/northvolt-2/"
"BlueCall","https://www.eu-startups.com/directory/bluecall/"
"itch","https://www.eu-startups.com/directory/itch/"
"Flow Neuroscience","https://www.eu-startups.com/directory/flow-neuroscience/"
"CE Check","https://www.eu-startups.com/directory/ce-check/"
"Hygglo","https://www.eu-startups.com/directory/hygglo/"
"Karma","https://www.eu-startups.com/directory/karma/"
"Just Arrived","https://www.eu-startups.com/directory/just-arrived/"
"Uniti Electric Car","https://www.eu-startups.com/directory/uniti-electric-car/"
"Sana Labs","https://www.eu-startups.com/directory/sana-labs/"
"Airmee","https://www.eu-startups.com/directory/airmee/"
"Flowbox","https://www.eu-startups.com/directory/flowbox-2/"
"CAKE","https://www.eu-startups.com/directory/cake/"
"Norrsken","https://www.eu-startups.com/directory/norrsken/"
"Capitainer","https://www.eu-startups.com/directory/capitainer/"
"Rocker","https://www.eu-startups.com/directory/rocker/"
"Formulate","https://www.eu-startups.com/directory/formulate/"
"Mavenoid","https://www.eu-startups.com/directory/mavenoid/"
"Hyber","https://www.eu-startups.com/directory/hyber/"
"TechBuddy","https://www.eu-startups.com/directory/techbuddy/"
"Einride","https://www.eu-startups.com/directory/einride-2/"
"Pangara","https://www.eu-startups.com/directory/pangara/"
"Fan League","https://www.eu-startups.com/directory/fan-league/"
"Doctor24","https://www.eu-startups.com/directory/doctor24/"
"All Ears","https://www.eu-startups.com/directory/all-ears/"
"Advinans","https://www.eu-startups.com/directory/advinans/"
"CARTANA","https://www.eu-startups.com/directory/cartana/"
"ZeroPoint","https://www.eu-startups.com/directory/zeropoint/"
"Woshapp","https://www.eu-startups.com/directory/woshapp/"
"AIAR EdTech","https://www.eu-startups.com/directory/aiar-edtech/"
"Wehype","https://www.eu-startups.com/directory/wehype/"
"Warpin","https://www.eu-startups.com/directory/warpin/"
"Vultus AB","https://www.eu-startups.com/directory/vultus-ab/"
"Typelane","https://www.eu-startups.com/directory/typelane/"
"Stoer","https://www.eu-startups.com/directory/stoer/"
"roaring.io","https://www.eu-startups.com/directory/roaring-io/"
"Bynk","https://www.eu-startups.com/directory/bynk/"
"norbloc","https://www.eu-startups.com/directory/norbloc/"
"Nudient","https://www.eu-startups.com/directory/nudient/"
"Logical Clocks","https://www.eu-startups.com/directory/logical-clocks/"
"Favro","https://www.eu-startups.com/directory/favro/"
"Deedster","https://www.eu-startups.com/directory/deedster/"
"Kronaby","https://www.eu-startups.com/directory/kronaby/"
"Leaseum","https://www.eu-startups.com/directory/leaseum-2/"
"CarbonCloud","https://www.eu-startups.com/directory/carboncloud/"
"Beleco","https://www.eu-startups.com/directory/beleco/"
"Adverty","https://www.eu-startups.com/directory/adverty/"
"Once Upon Publishing","https://www.eu-startups.com/directory/once-upon-publishing/"
"United Robots","https://www.eu-startups.com/directory/united-robots-2/"
"SAGA Diagnostics","https://www.eu-startups.com/directory/saga-diagnostics/"
"SAVR","https://www.eu-startups.com/directory/savr/"
"Cake Bikes","https://www.eu-startups.com/directory/cake-bikes/"
"Playpilot","https://www.eu-startups.com/directory/playpilot/"
"Maven Wireless","https://www.eu-startups.com/directory/maven-wireless/"
"Steven","https://www.eu-startups.com/directory/steven/"
"TrusTrace","https://www.eu-startups.com/directory/trustrace/"
"Ekkono Solutions","https://www.eu-startups.com/directory/ekkono-solutions/"
"Cortopia Studios","https://www.eu-startups.com/directory/cortopia-studios/"
"Ponture","https://www.eu-startups.com/directory/ponture/"
"OzonStockholm","https://www.eu-startups.com/directory/ozonstockholm/"
"Visit24 – Billiga flyg","https://www.eu-startups.com/directory/visit24-billiga-flyg/"
"ShowTrack","https://www.eu-startups.com/directory/showtrack/"
"TRINE","https://www.eu-startups.com/directory/trine/"
"Innoscentia","https://www.eu-startups.com/directory/innoscentia/"
"Dodiss.com","https://www.eu-startups.com/directory/dodiss-com/"
"Modvion","https://www.eu-startups.com/directory/modvion/"
"Resolution Games","https://www.eu-startups.com/directory/resolution-games/"
"Yodiwo","https://www.eu-startups.com/directory/yodiwo/"
"Snow Print Studios","https://www.eu-startups.com/directory/snow-print-studios/"
"NA-KD.com","https://www.eu-startups.com/directory/na-kd-com/"
"Dooer","https://www.eu-startups.com/directory/dooer/"
"BYON8","https://www.eu-startups.com/directory/byon8/"
"Easy Urban Gardening","https://www.eu-startups.com/directory/easy-urban-gardening-ab/"
"Adaptive Simulations","https://www.eu-startups.com/directory/adaptive-simulations/"
"Gaia Grow System","https://www.eu-startups.com/directory/gaia-grow-system/"
"Instabox","https://www.eu-startups.com/directory/instabox/"
"Handiscover","https://www.eu-startups.com/directory/handiscover/"
"Snowprint Studios","https://www.eu-startups.com/directory/snowprint-studios/"
"Braive","https://www.eu-startups.com/directory/braive/"
"Budbee","https://www.eu-startups.com/directory/budbee/"
"Amuse","https://www.eu-startups.com/directory/amuse/"
"Aifloo","https://www.eu-startups.com/directory/aifloo/"
"NA-KD","https://www.eu-startups.com/directory/na-kd/"
"SKYSENSE AB","https://www.eu-startups.com/directory/skysense-ab/"
"Oblique Therapeutics","https://www.eu-startups.com/directory/oblique-therapeutics/"
"Mapiful","https://www.eu-startups.com/directory/mapiful/"
"BuildSafe","https://www.eu-startups.com/directory/buildsafe/"
"Planima","https://www.eu-startups.com/directory/planima/"
"Lifee","https://www.eu-startups.com/directory/lifee/"
"Poppice","https://www.eu-startups.com/directory/poppice/"
"DPOrganizer","https://www.eu-startups.com/directory/dporganizer/"
"G-Loot","https://www.eu-startups.com/directory/g-loot/"
"Fragbite Group","https://www.eu-startups.com/directory/fragbite-group/"
"Tiptapp","https://www.eu-startups.com/directory/tiptapp/"
"Albert","https://www.eu-startups.com/directory/albert/"
"Lysa","https://www.eu-startups.com/directory/lysa/"
"CodeScene","https://www.eu-startups.com/directory/codescene/"
"Ingrid","https://www.eu-startups.com/directory/ingrid/"
"Dugga","https://www.eu-startups.com/directory/dugga/"
"Holm Security","https://www.eu-startups.com/directory/holm-security/"
"Lexplore","https://www.eu-startups.com/directory/lexplore/"
"Bublar","https://www.eu-startups.com/directory/bublar/"
"Match2One","https://www.eu-startups.com/directory/match2one/"
"Audiodo","https://www.eu-startups.com/directory/audiodo/"
"Dashl","https://www.eu-startups.com/directory/dashl/"
"Kodiak Hub","https://www.eu-startups.com/directory/kodiak-hub/"
"24 Storage","https://www.eu-startups.com/directory/24-storage/"
"ManoMotion","https://www.eu-startups.com/directory/manomotion/"
"Empe Diagnostics","https://www.eu-startups.com/directory/empe-diagnostics/"
"Anima","https://www.eu-startups.com/directory/anima/"
"Ahum","https://www.eu-startups.com/directory/ahum/"
"Fundler","https://www.eu-startups.com/directory/fundler/"
"Univrses","https://www.eu-startups.com/directory/univrses/"
"DIB Travel","https://www.eu-startups.com/directory/dib-travel/"
"MiMove","https://www.eu-startups.com/directory/mimove/"
"Velove","https://www.eu-startups.com/directory/velove/"
"Pilloxa","https://www.eu-startups.com/directory/pilloxa/"
"Ingrid Cloud","https://www.eu-startups.com/directory/ingrid-cloud/"
"Sqore","https://www.eu-startups.com/directory/sqore/"
"Froda","https://www.eu-startups.com/directory/froda/"
"Ellevio","https://www.eu-startups.com/directory/ellevio/"
"Motatos","https://www.eu-startups.com/directory/motatos/"
"Story Wars","https://www.eu-startups.com/directory/story-wars/"
"Planhat","https://www.eu-startups.com/directory/planhat/"
"Minut","https://www.eu-startups.com/directory/minut/"
"Greenely","https://www.eu-startups.com/directory/greenely/"
"Intergiro","https://www.eu-startups.com/directory/intergiro/"
"Universal Avenue","https://www.eu-startups.com/directory/universal-avenue/"
"Matsmart","https://www.eu-startups.com/directory/matsmart/"
"KRY","https://www.eu-startups.com/directory/kry/"
"Healx","https://www.eu-startups.com/directory/healx/"
"Challengermode","https://www.eu-startups.com/directory/challengermode/"
"Parakey","https://www.eu-startups.com/directory/parakey/"
"Precisely","https://www.eu-startups.com/directory/precisely/"
"Tracklib","https://www.eu-startups.com/directory/tracklib/"
"Lendify","https://www.eu-startups.com/directory/lendify/"
"Winningtemp","https://www.eu-startups.com/directory/winningtemp/"
"EarLabs","https://www.eu-startups.com/directory/earlabs/"
"Automile","https://www.eu-startups.com/directory/automile/"
"Acast","https://www.eu-startups.com/directory/acast/"
"Dreams","https://www.eu-startups.com/directory/dreams/"
"Musqot","https://www.eu-startups.com/directory/musqot/"
"Tessin","https://www.eu-startups.com/directory/tessin/"
"Mentimeter","https://www.eu-startups.com/directory/mentimeter/"
"Elk","https://www.eu-startups.com/directory/elk/"
"Auxy","https://www.eu-startups.com/directory/auxy/"
"Funnel","https://www.eu-startups.com/directory/funnel/"
"Furhat Robotics","https://www.eu-startups.com/directory/furhat-robotics/"
"Ava Women","https://www.eu-startups.com/directory/ava-women/"
"Bzzt","https://www.eu-startups.com/directory/bzzt/"
"Greater Than","https://www.eu-startups.com/directory/greater-than/"
"HAAARTLAND","https://www.eu-startups.com/directory/haaartland/"
"iGOTCHA","https://www.eu-startups.com/directory/igotcha/"
"Bitrefill","https://www.eu-startups.com/directory/bitrefill/"
"Pensionskraft","https://www.eu-startups.com/directory/pensionskraft/"
"Adfenix","https://www.eu-startups.com/directory/adfenix-2/"
"Sigrid Therapeutics","https://www.eu-startups.com/directory/sigrid-therapeutics/"
"Single Technologies","https://www.eu-startups.com/directory/single-technologies/"
"Svea Solar","https://www.eu-startups.com/directory/svea-solar/"
"Adfenix","https://www.eu-startups.com/directory/adfenix/"
"1928 Diagnostics","https://www.eu-startups.com/directory/1928-diagnostics/"
"SweGaN","https://www.eu-startups.com/directory/swegan/"
"Axel Arigato","https://www.eu-startups.com/directory/axel-arigato/"
"Attach","https://www.eu-startups.com/directory/attach/"
"Candela Speed Boat","https://www.eu-startups.com/directory/candela-speed-boat/"
"Lohilo","https://www.eu-startups.com/directory/lohilo/"
"Normative.io","https://www.eu-startups.com/directory/normative-io/"
"Reve","https://www.eu-startups.com/directory/reve/"
"TempOnline","https://www.eu-startups.com/directory/temponline/"
"Sellpy","https://www.eu-startups.com/directory/sellpy/"
"Urb-IT","https://www.eu-startups.com/directory/urb-it/"
"WeAreCube","https://www.eu-startups.com/directory/wearecube/"
"Aim’n","https://www.eu-startups.com/directory/aimn/"
"aiFi","https://www.eu-startups.com/directory/aifi/"
"Brocc","https://www.eu-startups.com/directory/brocc/"
"Capcito","https://www.eu-startups.com/directory/capcito-2/"
"Cure Media","https://www.eu-startups.com/directory/cure-media/"
"Foreseeti","https://www.eu-startups.com/directory/foreseeti/"
"Mitigram","https://www.eu-startups.com/directory/mitigram/"
"Immuneed","https://www.eu-startups.com/directory/immuneed/"
"Innovation 360","https://www.eu-startups.com/directory/innovation-360/"
"Sweden","https://www.eu-startups.com/directory/sweden/"
"Hazelight","https://www.eu-startups.com/directory/hazelight/"
"Candela","https://www.eu-startups.com/directory/candela/"
"4light","https://www.eu-startups.com/directory/4light/"
"NOWO","https://www.eu-startups.com/directory/nowo-2/"
"Quartiers Properties","https://www.eu-startups.com/directory/quartiers-properties/"
"Stockfiller","https://www.eu-startups.com/directory/stockfiller/"
"SunRoof","https://www.eu-startups.com/directory/sunroof/"
"Mapillary","https://www.eu-startups.com/directory/mapillary/"
"DanAds","https://www.eu-startups.com/directory/danads/"
"Natural Cycles","https://www.eu-startups.com/directory/natural-cycles/"
"Albacross","https://www.eu-startups.com/directory/albacross/"
"Lifesum","https://www.eu-startups.com/directory/lifesum/"
"Soundtrack Your Brand","https://www.eu-startups.com/directory/soundtrack-your-brand/"
"Readly","https://www.eu-startups.com/directory/readly/"
"VERDE biopharma","https://www.eu-startups.com/directory/verde-biopharma/"
"Watty","https://www.eu-startups.com/directory/watty/"
"CryptTalk","https://www.eu-startups.com/directory/crypttalk/"
"Lookback","https://www.eu-startups.com/directory/lookback/"
"Teamtailor","https://www.eu-startups.com/directory/teamtailor/"
"Quindo","https://www.eu-startups.com/directory/quindo/"
"Textar","https://www.eu-startups.com/directory/textar/"
"Bokemarks","https://www.eu-startups.com/directory/bokemarks/"
"Metry","https://www.eu-startups.com/directory/metry/"
"MegaBooker","https://www.eu-startups.com/directory/megabooker/"
"The Socks United","https://www.eu-startups.com/directory/the-socks-united/"
"Charge Amps","https://www.eu-startups.com/directory/charge-amps/"
"Soundtrap","https://www.eu-startups.com/directory/soundtrap/"
"Orbital Systems","https://www.eu-startups.com/directory/orbital-systems/"
"Bokio","https://www.eu-startups.com/directory/bokio/"
"Detectify","https://www.eu-startups.com/directory/detectify/"
"YouPic","https://www.eu-startups.com/directory/youpic/"
"Tink","https://www.eu-startups.com/directory/tink/"
"Responster","https://www.eu-startups.com/directory/responster/"
"Shopit","https://www.eu-startups.com/directory/shopit/"
"Remente","https://www.eu-startups.com/directory/remente/"
"Evolticom","https://www.eu-startups.com/directory/evolticom/"
"Reliefed Technologies","https://www.eu-startups.com/directory/reliefed-technologies-z-trusion/"
"Worldfavor","https://www.eu-startups.com/directory/worldfavor/"
"iZettle","https://www.eu-startups.com/directory/izettle/"
"Billogram","https://www.eu-startups.com/directory/billogram/"
"4ire Labs","https://www.eu-startups.com/directory/4ire-labs/"
"Fishbrain","https://www.eu-startups.com/directory/fishbrain/"
"Red Apple Technologies","https://www.eu-startups.com/directory/red-apple-technologies/"
"Learning to Sleep","https://www.eu-startups.com/directory/learning-to-sleep/"
"Now Interact","https://www.eu-startups.com/directory/now-interact/"
"FundedByMe","https://www.eu-startups.com/directory/fundedbyme/"
"Flattr","https://www.eu-startups.com/directory/flattr/"
"Leather Collection","https://www.eu-startups.com/directory/leather-collection-9/"
"Ignitia","https://www.eu-startups.com/directory/ignitia/"
"Truecaller","https://www.eu-startups.com/directory/truecaller/"
"Telenor Connexion","https://www.eu-startups.com/directory/telenor-connexion/"
"Skandek AB","https://www.eu-startups.com/directory/skandek-ab/"
"Alanza Möbler","https://www.eu-startups.com/directory/alanza-mobler/"
"Qvalia","https://www.eu-startups.com/directory/qvalia/"
"MatchOffice Sweden","https://www.eu-startups.com/directory/matchoffice-sweden/"
"Klarna","https://www.eu-startups.com/directory/klarna/"