Name,Link
"EHOSS","https://www.eu-startups.com/directory/ehoss/"
"Quantpedia","https://www.eu-startups.com/directory/quantpedia/"
"Remediata","https://www.eu-startups.com/directory/remediata/"
"Contentbase","https://www.eu-startups.com/directory/contentbase/"
"Teretane Novi Sad","https://www.eu-startups.com/directory/teretane-novi-sad/"
"Such A Spot","https://www.eu-startups.com/directory/such-a-spot/"
"ScopilotAI","https://www.eu-startups.com/directory/scopilotai/"
"PowereX Energy","https://www.eu-startups.com/directory/powerex-energy/"
"Luigi’s Box","https://www.eu-startups.com/directory/luigis-box/"
"TrollWall AI","https://www.eu-startups.com/directory/trollwall-ai/"
"DAITABLE","https://www.eu-startups.com/directory/daitable/"
"Climefarm","https://www.eu-startups.com/directory/climefarm/"
"Carameet","https://www.eu-startups.com/directory/carameet/"
"Triveria","https://www.eu-startups.com/directory/triveria/"
"TestZebra.com","https://www.eu-startups.com/directory/testzebra.com"
"Uniomarket","https://www.eu-startups.com/directory/uniomarket/"
"Cerebria Tech","https://www.eu-startups.com/directory/cerebria-tech/"
"CulturePulse s.r.o","https://www.eu-startups.com/directory/culturepulse-sro/"
"norriv","https://www.eu-startups.com/directory/norriv/"
"Excalibur","https://www.eu-startups.com/directory/excalibur/"
"Decent Cybersecurity s.r.o.","https://www.eu-startups.com/directory/decent-cybersecurity-sro/"
"Decent Cybersecurity s.r.o.","https://www.eu-startups.com/directory/decent-cybersecurity-sro/"
"Soficreo","https://www.eu-startups.com/directory/soficreo/"
"Axelgate","https://www.eu-startups.com/directory/axelgate/"
"TrollWall","https://www.eu-startups.com/directory/trollwall/"
"HR Support","https://www.eu-startups.com/directory/hr-support/"
"GETBID Inc.","https://www.eu-startups.com/directory/getbid-inc/"
"Nostradamus","https://www.eu-startups.com/directory/nostradamus/"
"MentionFunnel","https://www.eu-startups.com/directory/mentionfunnel/"
"KudosLink","https://www.eu-startups.com/directory/kudoslink/"
"EHOSS","https://www.eu-startups.com/directory/ehoss/"
"AUGLIO","https://www.eu-startups.com/directory/auglio/"
"BinarBase","https://www.eu-startups.com/directory/binarbase/"
"GETBID","https://www.eu-startups.com/directory/getbid/"
"AlgorithMc- The Growth Marketing Studio","https://www.eu-startups.com/directory/algorithmc-the-growth-marketing-studio-2/"
"Flywize","https://www.eu-startups.com/directory/flywize/"
"listinger","https://www.eu-startups.com/directory/listinger/"
"Solvedio","https://www.eu-startups.com/directory/solvedio/"
"KDV plant, communal waste processing","https://www.eu-startups.com/directory/kdv-plant-communal-waste-processing/"
"United Jobs","https://www.eu-startups.com/directory/united-jobs/"
"TRIPA","https://www.eu-startups.com/directory/tripa-2/"
"Own App","https://www.eu-startups.com/directory/own-app/"
"Bookee.ai","https://www.eu-startups.com/directory/bookee-ai/"
"Veles Farming","https://www.eu-startups.com/directory/veles-farming/"
"Trustmatic","https://www.eu-startups.com/directory/trustmatic/"
"SIMPLIO","https://www.eu-startups.com/directory/simplio/"
"Sensible Biotechnologies","https://www.eu-startups.com/directory/sensible-biotechnologies/"
"Mobilyze.it","https://www.eu-startups.com/directory/mobilyze-it/"
"G-Force","https://www.eu-startups.com/directory/g-force/"
"DimensionLab","https://www.eu-startups.com/directory/dimensionlab/"
"CulturePulse","https://www.eu-startups.com/directory/culturepulse/"
"Capila","https://www.eu-startups.com/directory/capila/"
"Blockmate","https://www.eu-startups.com/directory/blockmate/"
"Ayanza","https://www.eu-startups.com/directory/ayanza/"
"Archideal","https://www.eu-startups.com/directory/archideal/"
"Nacellelabs","https://www.eu-startups.com/directory/nacellelabs/"
"NetBoom Cloud","https://www.eu-startups.com/directory/netboom-cloud/"
"eBusiness Cards","https://www.eu-startups.com/directory/ebusiness-cards/"
"Stuffig","https://www.eu-startups.com/directory/stuffig/"
"Switchboard","https://www.eu-startups.com/directory/switchboard/"
"TRIPA","https://www.eu-startups.com/directory/tripa/"
"Work-Force.ai","https://www.eu-startups.com/directory/work-force-ai/"
"GPRO Global","https://www.eu-startups.com/directory/gpro-global/"
"finstora.","https://www.eu-startups.com/directory/finstora/"
"Pricemania","https://www.eu-startups.com/directory/pricemania/"
"UXtweak","https://www.eu-startups.com/directory/uxtweak-2/"
"Unione Digital","https://www.eu-startups.com/directory/unione-digital/"
"Elysium Tech","https://www.eu-startups.com/directory/elysium-tech/"
"Vineway","https://www.eu-startups.com/directory/vineway/"
"Twinzo","https://www.eu-startups.com/directory/twinzo/"
"Trovi Business Services","https://www.eu-startups.com/directory/trovi-business-services/"
"Nordics.io","https://www.eu-startups.com/directory/nordics-io-2/"
"Nikub","https://www.eu-startups.com/directory/nikub/"
"Eatster","https://www.eu-startups.com/directory/eatster/"
"Airvolute","https://www.eu-startups.com/directory/airvolute/"
"Grow2FIT","https://www.eu-startups.com/directory/grow2fit/"
"Darwin & the Machines","https://www.eu-startups.com/directory/darwin-the-machines/"
"Sciengineers","https://www.eu-startups.com/directory/sciengineers/"
"theshop.dev","https://www.eu-startups.com/directory/theshop-dev/"
"Trovi","https://www.eu-startups.com/directory/trovi/"
"Nordics IO","https://www.eu-startups.com/directory/nordics-io/"
"Panza Robotics","https://www.eu-startups.com/directory/panza-robotics/"
"Elysium Tech","https://www.eu-startups.com/directory/elysium-tech-2/"
"Stacktape","https://www.eu-startups.com/directory/stacktape/"
"ElysiumSpa","https://www.eu-startups.com/directory/elysiumspa/"
"Pikk","https://www.eu-startups.com/directory/pikk/"
"Victory Coffee","https://www.eu-startups.com/directory/victory-coffee-kava-vitazov/"
"Spinbotics","https://www.eu-startups.com/directory/spinbotics/"
"Rodller","https://www.eu-startups.com/directory/rodller/"
"AirLaw.Pro","https://www.eu-startups.com/directory/airlaw-pro/"
"Peelo","https://www.eu-startups.com/directory/peelo/"
"Nativero","https://www.eu-startups.com/directory/nativero/"
"HitHorizons.com","https://www.eu-startups.com/directory/hithorizons-com/"
"DECENT MEDIA GROUP","https://www.eu-startups.com/directory/decent-media-group/"
"Curo ambulatory system","https://www.eu-startups.com/directory/curo-ambulatory-system/"
"Artzenal","https://www.eu-startups.com/directory/artzenal/"
"AirlogyLabs","https://www.eu-startups.com/directory/airlogylabs/"
"KALM:IT","https://www.eu-startups.com/directory/kalmit/"
"Indoortech","https://www.eu-startups.com/directory/indoortech/"
"iERP.ai","https://www.eu-startups.com/directory/ierp-ai/"
"FlutLab","https://www.eu-startups.com/directory/flutlab/"
"Rentalport.com","https://www.eu-startups.com/directory/rentalport-com/"
"Scase","https://www.eu-startups.com/directory/scase/"
"Calcurates by Amasty","https://www.eu-startups.com/directory/calcurates-by-amasty/"
"InteractionUp","https://www.eu-startups.com/directory/interactionup/"
"Snetch","https://www.eu-startups.com/directory/snetch/"
"SM Cloud","https://www.eu-startups.com/directory/sm-cloud/"
"3IPK","https://www.eu-startups.com/directory/3ipk/"
"iERP","https://www.eu-startups.com/directory/ierp/"
"UXtweak","https://www.eu-startups.com/directory/uxtweak/"
"AgeVolt","https://www.eu-startups.com/directory/agevolt/"
"Filmzie","https://www.eu-startups.com/directory/filmzie/"
"Vestberry","https://www.eu-startups.com/directory/vestberry/"
"FeedBear","https://www.eu-startups.com/directory/feedbear/"
"neseda","https://www.eu-startups.com/directory/neseda/"
"Nitroterra","https://www.eu-startups.com/directory/nitroterra/"
"Directbus","https://www.eu-startups.com/directory/directbus-s-r-o/"
"Sensoneo","https://www.eu-startups.com/directory/sensoneo-smart-waste-management/"
"Remoover","https://www.eu-startups.com/directory/remoover-the-worlds-first-real-time-television-ad-blocking/"
"Expandeco","https://www.eu-startups.com/directory/expandeco/"
"Nettle","https://www.eu-startups.com/directory/nettle/"
"Mother Flower","https://www.eu-startups.com/directory/mother-flower/"
"cvmango.com","https://www.eu-startups.com/directory/cvmango-com/"
"Inobat","https://www.eu-startups.com/directory/inobat/"
"altFINS","https://www.eu-startups.com/directory/altfins/"
"Fuergy","https://www.eu-startups.com/directory/fuergy/"
"CloudTalk","https://www.eu-startups.com/directory/cloudtalk/"
"KSK Engineering","https://www.eu-startups.com/directory/ksk-engineering-s-r-o/"
"GRISSP","https://www.eu-startups.com/directory/grissp-j-s-a/"
"CargoX","https://www.eu-startups.com/directory/cargox/"
"Sensoneo","https://www.eu-startups.com/directory/sensoneo/"
"Quickshoelace","https://www.eu-startups.com/directory/quickshoelace/"
"CEQUENCE","https://www.eu-startups.com/directory/cequence-future-of-contracting/"
"Crypto Voucher","https://www.eu-startups.com/directory/crypto-voucher/"
"AR Visual","https://www.eu-startups.com/directory/ar-visual/"
"Directbus","https://www.eu-startups.com/directory/directbus-s-r-o-2/"
"FinGo","https://www.eu-startups.com/directory/fingo/"
"Powerful Medical","https://www.eu-startups.com/directory/powerful-medical/"
"Moire Labs","https://www.eu-startups.com/directory/moire-labs/"
"Kontentino","https://www.eu-startups.com/directory/kontentino/"
"LURITY","https://www.eu-startups.com/directory/lurity/"
"YesElf","https://www.eu-startups.com/directory/yeself/"
"HubHub","https://www.eu-startups.com/directory/hubhub/"
"Figurama","https://www.eu-startups.com/directory/figurama/"
"Praxuj","https://www.eu-startups.com/directory/praxuj/"
"MATSUKO","https://www.eu-startups.com/directory/matsuko/"
"RVmagnetics","https://www.eu-startups.com/directory/rvmagnetics-a-s/"
"E-Vision Systems","https://www.eu-startups.com/directory/e-vision-systems-s-r-o/"
"Exponea","https://www.eu-startups.com/directory/exponea/"
"Tenderio","https://www.eu-startups.com/directory/tenderio/"
"RVmagnetics","https://www.eu-startups.com/directory/rvmagnetics/"
"Euro Aero","https://www.eu-startups.com/directory/euro-aero-s-r-o/"
"RVmagnetics","https://www.eu-startups.com/directory/rvmagnetics-a-s-2/"
"eyerim","https://www.eu-startups.com/directory/eyerim/"
"Startit UP","https://www.eu-startups.com/directory/startit-up/"
"Mangools","https://www.eu-startups.com/directory/mangools/"
"Jobgres","https://www.eu-startups.com/directory/jobgres/"
"eDocu","https://www.eu-startups.com/directory/edocu/"
"Minit","https://www.eu-startups.com/directory/minit/"
"VECTARY","https://www.eu-startups.com/directory/vectary/"
"SaferPass","https://www.eu-startups.com/directory/saferpass/"
"Everifin","https://www.eu-startups.com/directory/everifin/"
"ecoheart","https://www.eu-startups.com/directory/ecoheart/"
"Photoneo","https://www.eu-startups.com/directory/photoneo/"
"CulCharge","https://www.eu-startups.com/directory/culcharge/"
"Kickresume","https://www.eu-startups.com/directory/kickresume/"
"AeroMobil","https://www.eu-startups.com/directory/aeromobil/"
"LiveAgent","https://www.eu-startups.com/directory/liveagent/"