Name,Link
"Upwordo – App to Learn German with Micro Stories","https://www.eu-startups.com/directory/upwordo-app-to-learn-german-with-micro-stories/"
"ubertiger","https://www.eu-startups.com/directory/ubertiger/"
"DeepDocs","https://www.eu-startups.com/directory/deepdocs/"
"Videreo GmbH","https://www.eu-startups.com/directory/videreo-gmbh/"
"Exped Tribe","https://www.eu-startups.com/directory/exped-tribe/"
"PaperCheck","https://www.eu-startups.com/directory/papercheck/"
"Tensor Suisse AG","https://www.eu-startups.com/directory/tensor-suisse-ag/"
"Generation Impact Global SA","https://www.eu-startups.com/directory/generation-impact-global-sa/"
"Neo-hypotheque","https://www.eu-startups.com/directory/neo-hypotheque/"
"ekona","https://www.eu-startups.com/directory/ekona/"
"Universallab GmbH","https://www.eu-startups.com/directory/universallab-gmbh/"
"SEOJuice","https://www.eu-startups.com/directory/seojuice/"
"Eiren AI: To-Do & Mindfulness App","https://www.eu-startups.com/directory/eiren-ai-to-do-mindfulness-app/"
"eFrontiers","https://www.eu-startups.com/directory/efrontiers/"
"Alterland","https://www.eu-startups.com/directory/alterland/"
"Gaia Tech","https://www.eu-startups.com/directory/gaia-tech/"
"LiYF 2G","https://www.eu-startups.com/directory/liyf-2g/"
"Neology","https://www.eu-startups.com/directory/neology/"
"3D Model-Based Analysis","https://www.eu-startups.com/directory/3d-model-based-analysis/"
"AssetKing","https://www.eu-startups.com/directory/assetking/"
"Toco","https://www.eu-startups.com/directory/toco/"
"Carbon Orchard","https://www.eu-startups.com/directory/carbon-orchard/"
"Vestir Technologies","https://www.eu-startups.com/directory/vestir-technologies/"
"BehaviorSMART","https://www.eu-startups.com/directory/behaviorsmart/"
"Cybee AI","https://www.eu-startups.com/directory/cybee-ai/"
"SPREP","https://www.eu-startups.com/directory/sprep/"
"First 2 Apply","https://www.eu-startups.com/directory/first-2-apply/"
"Webmobix Solutions AG","https://www.eu-startups.com/directory/webmobix-solutions-ag/"
"Swiss Helden – IT und Marketing Agentur","https://www.eu-startups.com/directory/swiss-helden-it-und-marketing-agentur/"
"EWM","https://www.eu-startups.com/directory/ewm/"
"SAVOIRR","https://www.eu-startups.com/directory/savoirr/"
"Orango AI","https://www.eu-startups.com/directory/orango-ai/"
"Securely Swiss","https://www.eu-startups.com/directory/securely-swiss/"
"Bloom Rocket GmbH","https://www.eu-startups.com/directory/bloom-rocket-gmbh/"
"tirreno","https://www.eu-startups.com/directory/tirreno/"
"Quarero AG","https://www.eu-startups.com/directory/quarero-ag/"
"ActorDO – AI Assistant","https://www.eu-startups.com/directory/actordo-ai-assistant/"
"Notis","https://www.eu-startups.com/directory/notis/"
"Escape Road","https://www.eu-startups.com/directory/escape-road/"
"KAQTU Design","https://www.eu-startups.com/directory/kaqtu-design/"
"كشف تسربات المياه بالدمام","https://www.eu-startups.com/directory/%D9%83%D8%B4%D9%81-%D8%AA%D8%B3%D8%B1%D8%A8%D8%A7%D8%AA-%D8%A7%D9%84%D9%85%D9%8A%D8%A7%D9%87-%D8%A8%D8%A7%D9%84%D8%AF%D9%85%D8%A7%D9%85/"
"Natzka","https://www.eu-startups.com/directory/natzka/"
"Limousine Hire","https://www.eu-startups.com/directory/limousine-hire/"
"Next Generation Energy Jobs","https://www.eu-startups.com/directory/next-generation-energy-jobs/"
"Nexova Dynamics AG","https://www.eu-startups.com/directory/nexova-dynamics-ag/"
"Fast Articles AI","https://www.eu-startups.com/directory/fast-articles-ai/"
"PraxTor","https://www.eu-startups.com/directory/praxtor/"
"csv2ai","https://www.eu-startups.com/directory/csv2ai/"
"PaperCheck","https://www.eu-startups.com/directory/papercheck/"
"Frameloop AI","https://www.eu-startups.com/directory/frameloop-ai/"
"Salesteq Inc.","https://www.eu-startups.com/directory/salesteq-inc/"
"Schreiner Finden","https://www.eu-startups.com/directory/schreiner-finden/"
"Dataoorts","https://www.eu-startups.com/directory/dataoorts/"
"Achromatic","https://www.eu-startups.com/directory/achromatic/"
"SustainabilitySoftwares","https://www.eu-startups.com/directory/sustainabilitysoftwares/"
"Blooper.ai","https://www.eu-startups.com/directory/blooperai/"
"TieTalent","https://www.eu-startups.com/directory/tietalent/"
"Ontoris","https://www.eu-startups.com/directory/ontoris/"
"xshot.me","https://www.eu-startups.com/directory/xshotme/"
"ConfettiSaaS.com","https://www.eu-startups.com/directory/confettisaas.com"
"GPT Workspace","https://www.eu-startups.com/directory/gpt-workspace/"
"AI Genie — Photo & Video Maker","https://www.eu-startups.com/directory/ai-genie-photo-video-maker/"
"Neobanque","https://www.eu-startups.com/directory/neobanque/"
"ExpenseMonkey","https://www.eu-startups.com/directory/expensemonkey/"
"BDCG GmbH","https://www.eu-startups.com/directory/bdcg-gmbh/"
"DuoKey","https://www.eu-startups.com/directory/duokey/"
"MeCarreira AG","https://www.eu-startups.com/directory/mecarreira-ag/"
"Nexova AG","https://www.eu-startups.com/directory/nexova-ag/"
"Alter Ego Technologies AG","https://www.eu-startups.com/directory/alter-ego-technologies-ag/"
"WasteFlow","https://www.eu-startups.com/directory/wasteflow/"
"Transmutex","https://www.eu-startups.com/directory/transmutex/"
"Solaxer","https://www.eu-startups.com/directory/solaxer/"
"Robo Wire","https://www.eu-startups.com/directory/robo-wire/"
"Popety.io","https://www.eu-startups.com/directory/popetyio/"
"PeriVision","https://www.eu-startups.com/directory/perivision/"
"NXI Therapeutics","https://www.eu-startups.com/directory/nxi-therapeutics/"
"MPC Therapeutics","https://www.eu-startups.com/directory/mpc-therapeutics/"
"Moost","https://www.eu-startups.com/directory/moost/"
"MC2 Finance","https://www.eu-startups.com/directory/mc2-finance/"
"Green-Y Energy AG","https://www.eu-startups.com/directory/green-y-energy-ag/"
"INVERTO","https://www.eu-startups.com/directory/inverto/"
"Healiva","https://www.eu-startups.com/directory/healiva/"
"Frigg","https://www.eu-startups.com/directory/frigg/"
"Fume","https://www.eu-startups.com/directory/fume/"
"FluoSphera","https://www.eu-startups.com/directory/fluosphera/"
"Faive robotics","https://www.eu-startups.com/directory/faive-robotics/"
"ESG Explorer","https://www.eu-startups.com/directory/esg-explorer/"
"DroneControl","https://www.eu-startups.com/directory/dronecontrol/"
"DePoly","https://www.eu-startups.com/directory/depoly/"
"DA insured","https://www.eu-startups.com/directory/da-insured/"
"Csky","https://www.eu-startups.com/directory/csky/"
"BTRY","https://www.eu-startups.com/directory/btry/"
"biped","https://www.eu-startups.com/directory/biped/"
"Kolbev GmbH","https://www.eu-startups.com/directory/kolbev-gmbh/"
"b-char","https://www.eu-startups.com/directory/b-char/"
"Ascento Robotics","https://www.eu-startups.com/directory/ascento-robotics/"
"ArcoScreen","https://www.eu-startups.com/directory/arcoscreen/"
"Alpamayo","https://www.eu-startups.com/directory/alpamayo/"
"Alpamayo","https://www.eu-startups.com/directory/alpamayo/"
"AdRegeneer","https://www.eu-startups.com/directory/adregeneer/"
"Transcality","https://www.eu-startups.com/directory/transcality/"
"Tethys Robotics","https://www.eu-startups.com/directory/tethys-robotics/"
"Terra Preta","https://www.eu-startups.com/directory/terra-preta/"
"syncroPro","https://www.eu-startups.com/directory/syncropro/"
"peaKFlow","https://www.eu-startups.com/directory/peakflow/"
"Pneumoscope","https://www.eu-startups.com/directory/pneumoscope/"
"niatsu","https://www.eu-startups.com/directory/niatsu/"
"Neuralworks","https://www.eu-startups.com/directory/neuralworks/"
"Mycrobez","https://www.eu-startups.com/directory/mycrobez/"
"Mondaic","https://www.eu-startups.com/directory/mondaic/"
"Makeina","https://www.eu-startups.com/directory/makeina/"
"KYLYS","https://www.eu-startups.com/directory/kylys/"
"Intuitive Science","https://www.eu-startups.com/directory/intuitive-science/"
"databaum","https://www.eu-startups.com/directory/databaum/"
"collectID","https://www.eu-startups.com/directory/collectid/"
"Clever.Care","https://www.eu-startups.com/directory/clever.care"
"Chatbotassist","https://www.eu-startups.com/directory/chatbotassist/"
"Carrat Sàrl","https://www.eu-startups.com/directory/carrat-sarl/"
"TheraMe!","https://www.eu-startups.com/directory/therame/"
"ArtemiX Biotech","https://www.eu-startups.com/directory/artemix-biotech/"
"algomia","https://www.eu-startups.com/directory/algomia/"
"FenX","https://www.eu-startups.com/directory/fenx/"
"Arkaiya","https://www.eu-startups.com/directory/arkaiya/"
"Outerform","https://www.eu-startups.com/directory/outerform/"
"APPLIC8","https://www.eu-startups.com/directory/applic8/"
"Limula","https://www.eu-startups.com/directory/limula/"
"CarbonPool","https://www.eu-startups.com/directory/carbonpool/"
"LEM surgical","https://www.eu-startups.com/directory/lem-surgical/"
"CareerFairy","https://www.eu-startups.com/directory/careerfairy/"
"CareerFairy","https://www.eu-startups.com/directory/careerfairy/"
"PLAN-B NET ZERO","https://www.eu-startups.com/directory/plan-b-net-zero/"
"Metafuels","https://www.eu-startups.com/directory/metafuels/"
"Founderful","https://www.eu-startups.com/directory/founderful/"
"Memox Innovations","https://www.eu-startups.com/directory/memox-innovations/"
"Cultivated Biosciences","https://www.eu-startups.com/directory/cultivated-biosciences/"
"Crosstown H2R","https://www.eu-startups.com/directory/crosstown-h2r/"
"Bcomp","https://www.eu-startups.com/directory/bcomp/"
"yeekatee","https://www.eu-startups.com/directory/yeekatee/"
"14Peaks","https://www.eu-startups.com/directory/14peaks/"
"Mimic","https://www.eu-startups.com/directory/mimic/"
"FMCG Land","https://www.eu-startups.com/directory/fmcg-land/"
"Odne","https://www.eu-startups.com/directory/odne/"
"Accorata","https://www.eu-startups.com/directory/accorata/"
"Sparrow Analytics","https://www.eu-startups.com/directory/sparrow-analytics/"
"Callirius AG","https://www.eu-startups.com/directory/callirius-ag/"
"Dazzle","https://www.eu-startups.com/directory/dazzle/"
"World YMCA","https://www.eu-startups.com/directory/world-ymca/"
"TechSchweiz Software Solutions GmbH","https://www.eu-startups.com/directory/techschweiz-software-solutions-gmbh/"
"Uptimewolf","https://www.eu-startups.com/directory/uptimewolf/"
"JB Synapse","https://www.eu-startups.com/directory/jb-synapse/"
"Moozz","https://www.eu-startups.com/directory/moozz/"
"Swiss Travel Market BD GmbH","https://www.eu-startups.com/directory/swiss-travel-market-bd-gmbh/"
"Ringless Voicemail Drops | Ringless Voicemail AI","https://www.eu-startups.com/directory/ringless-voicemail-drops-ringless-voicemail-ai/"
"ThroughWorld","https://www.eu-startups.com/directory/throughworld/"
"Peakora","https://www.eu-startups.com/directory/peakora/"
"SAVOIRR – PolitAnalytics AG","https://www.eu-startups.com/directory/savoirr-politanalytics-ag/"
"DJ Groovecellar","https://www.eu-startups.com/directory/dj-groovecellar/"
"MUGENBIO","https://www.eu-startups.com/directory/mugenbio/"
"Okoora","https://www.eu-startups.com/directory/okoora/"
"Zereneum Hedge Fund","https://www.eu-startups.com/directory/zereneum-hedge-fund/"
"MoreThanDigital","https://www.eu-startups.com/directory/morethandigital/"
"Global Inspector AI App","https://www.eu-startups.com/directory/global-inspector-ai-app/"
"Calenso","https://www.eu-startups.com/directory/calenso/"
"MoreThanDigital","https://www.eu-startups.com/directory/morethandigital/"
"Aimorphous Health","https://www.eu-startups.com/directory/aimorphous-health/"
"urltiger","https://www.eu-startups.com/directory/urltiger/"
"Showzone","https://www.eu-startups.com/directory/showzone/"
"NAK3D","https://www.eu-startups.com/directory/nak3d/"
"Trident Software Sàrl","https://www.eu-startups.com/wpbdp_listing/trident-software-sarl/"
"Brightside AI","https://www.eu-startups.com/directory/brightside-ai/"
"Naked. Clothing","https://www.eu-startups.com/directory/naked-clothing/"
"ChainAware.ai","https://www.eu-startups.com/directory/chainaware-ai/"
"Efrontier Markets SA","https://www.eu-startups.com/directory/efrontier-markets-sa/"
"LeaseTeq","https://www.eu-startups.com/directory/leaseteq-ag/"
"Mail Track for Gmail","https://www.eu-startups.com/directory/mail-track-for-gmail/"
"InvestConservation®","https://www.eu-startups.com/directory/investconservation/"
"mia&noa","https://www.eu-startups.com/directory/mianoa-sa/"
"Talentir","https://www.eu-startups.com/directory/talentir/"
"Highr","https://www.eu-startups.com/directory/highr/"
"FoundersRadar","https://www.eu-startups.com/directory/foundersradar/"
"A-Metal","https://www.eu-startups.com/directory/a-metal/"
"256 Management AG","https://www.eu-startups.com/directory/256-management-ag/"
"tiun","https://www.eu-startups.com/directory/tiun/"
"Swiss Battery","https://www.eu-startups.com/directory/swiss-battery/"
"Embley","https://www.eu-startups.com/directory/embley/"
"DX25 Labs","https://www.eu-startups.com/directory/dx25-labs/"
"Dream Sports Platform","https://www.eu-startups.com/directory/dream-sports-platform/"
"Albus Protocol","https://www.eu-startups.com/directory/albus-protocol/"
"WoodenCode","https://www.eu-startups.com/directory/woodencode/"
"DOGPAK","https://www.eu-startups.com/directory/dogpak/"
"gopf","https://www.eu-startups.com/directory/gopf/"
"Veax","https://www.eu-startups.com/directory/veax/"
"viboo","https://www.eu-startups.com/directory/viboo/"
"Genius Loci","https://www.eu-startups.com/directory/genius-loci/"
"FimmCyte","https://www.eu-startups.com/directory/fimmcyte/"
"Emissium","https://www.eu-startups.com/directory/emissium/"
"Enhance-d","https://www.eu-startups.com/directory/enhance-d/"
"eightinks","https://www.eu-startups.com/directory/eightinks/"
"Dragonlabz","https://www.eu-startups.com/directory/dragonlabz/"
"Corintis","https://www.eu-startups.com/directory/corintis/"
"ComplyTeq","https://www.eu-startups.com/directory/complyteq/"
"Zeitls","https://www.eu-startups.com/directory/zeitls/"
"Blitz Diagnostics","https://www.eu-startups.com/directory/blitz-diagnostics/"
"Xterio","https://www.eu-startups.com/directory/xterio/"
"Zurich Soft Robotics","https://www.eu-startups.com/directory/zurich-soft-robotics/"
"Bollwerk","https://www.eu-startups.com/directory/bollwerk/"
"Block Green","https://www.eu-startups.com/directory/block-green/"
"Biosimo","https://www.eu-startups.com/directory/biosimo/"
"Bcyber","https://www.eu-startups.com/directory/bcyber/"
"Batterylog","https://www.eu-startups.com/directory/batterylog/"
"Appik Studio","https://www.eu-startups.com/directory/appik-studio/"
"AirConsole","https://www.eu-startups.com/directory/airconsole/"
"Albusi","https://www.eu-startups.com/directory/albusi/"
"42hacks.com","https://www.eu-startups.com/directory/42hacks-com/"
"Jua","https://www.eu-startups.com/directory/jua/"
"SOORT®","https://www.eu-startups.com/directory/soort/"
"Mamimoves","https://www.eu-startups.com/directory/mamimoves/"
"Navignostics AG","https://www.eu-startups.com/directory/navignostics-ag/"
"CARRAT","https://www.eu-startups.com/directory/carrat/"
"PlayShuttle","https://www.eu-startups.com/directory/playshuttle/"
"Twyg AI","https://www.eu-startups.com/directory/twyg-ai/"
"PRODUCER","https://www.eu-startups.com/directory/producer/"
"Thinkgate","https://www.eu-startups.com/directory/thinkgate/"
"Sigoor","https://www.eu-startups.com/directory/sigoor/"
"Agnostic Intelligence","https://www.eu-startups.com/directory/agnostic-intelligence/"
"Happie","https://www.eu-startups.com/directory/happie/"
"Kleap","https://www.eu-startups.com/directory/kleap-2/"
"Simulatory","https://www.eu-startups.com/directory/simulatory-gmbh/"
"Cosmic Dolphins","https://www.eu-startups.com/directory/cosmic-dolphins/"
"Windmill","https://www.eu-startups.com/directory/windmill/"
"PeopleKult","https://www.eu-startups.com/directory/peoplekult/"
"CRUZO","https://www.eu-startups.com/directory/cruzo/"
"Remotion","https://www.eu-startups.com/directory/remotion/"
"Recolony","https://www.eu-startups.com/directory/recolony/"
"QuantX Analytics","https://www.eu-startups.com/directory/quantx-analytics/"
"Premium Diamond Solutions","https://www.eu-startups.com/directory/premium-diamond-solutions/"
"OZAM","https://www.eu-startups.com/directory/ozam/"
"Openversum","https://www.eu-startups.com/directory/openversum/"
"OPTIML","https://www.eu-startups.com/directory/optiml/"
"onXRP","https://www.eu-startups.com/directory/onxrp/"
"OneTwenty","https://www.eu-startups.com/directory/onetwenty/"
"Sensawear","https://www.eu-startups.com/directory/sensawear/"
"MindMetrix","https://www.eu-startups.com/directory/mindmetrix/"
"Top Fives Media","https://www.eu-startups.com/directory/top-fives-media/"
"Trenda","https://www.eu-startups.com/directory/trenda/"
"KUORI","https://www.eu-startups.com/directory/kuori/"
"GRN GRID","https://www.eu-startups.com/directory/grn-grid/"
"Voltex","https://www.eu-startups.com/directory/voltex/"
"Resyfy","https://www.eu-startups.com/directory/resyfy/"
"Senius","https://www.eu-startups.com/directory/senius/"
"carecircle AG","https://www.eu-startups.com/directory/carecircle-ag/"
"Snipd","https://www.eu-startups.com/directory/snipd/"
"Soleil One","https://www.eu-startups.com/directory/soleil-one/"
"StokenX","https://www.eu-startups.com/directory/stokenx/"
"Swiss Premium Doctors","https://www.eu-startups.com/directory/swiss-premium-doctors/"
"Testasy","https://www.eu-startups.com/directory/testasy/"
"tipi.build","https://www.eu-startups.com/directory/tipi-build/"
"TSURY+","https://www.eu-startups.com/directory/tsury/"
"UniX","https://www.eu-startups.com/directory/unix/"
"Unique AG","https://www.eu-startups.com/directory/unique-ag/"
"Bidayat","https://www.eu-startups.com/directory/bidayat/"
"Backed Finance","https://www.eu-startups.com/directory/backed-finance/"
"Agora Care","https://www.eu-startups.com/directory/agora-care/"
"ZeNPulsar","https://www.eu-startups.com/directory/zenpulsar/"
"ZYTLYN Technologies","https://www.eu-startups.com/directory/zytlyn-technologies/"
"CARTLYAPP.COM","https://www.eu-startups.com/directory/cartlyapp-com/"
"Liight – Solar Panel","https://www.eu-startups.com/directory/liight-solar-panel/"
"Simulatory","https://www.eu-startups.com/directory/simulatory/"
"Hedera Dx","https://www.eu-startups.com/directory/hedera-dx/"
"Grape","https://www.eu-startups.com/directory/grape/"
"Leather Collection","https://www.eu-startups.com/directory/leather-collection/"
"Kiwaw","https://www.eu-startups.com/directory/kiwaw/"
"ReTok","https://www.eu-startups.com/directory/retok/"
"Ydentity Organization","https://www.eu-startups.com/directory/ydentity-organization/"
"macu4 AG","https://www.eu-startups.com/directory/macu4-ag/"
"Headlessforms","https://www.eu-startups.com/directory/headlessforms/"
"Serai Spaces","https://www.eu-startups.com/directory/serai-spaces/"
"Numarics","https://www.eu-startups.com/directory/numarics/"
"Willis Sports Organization","https://www.eu-startups.com/directory/willis-sports-organization/"
"Morgen","https://www.eu-startups.com/directory/morgen/"
"vidby","https://www.eu-startups.com/directory/vidby/"
"Salarship","https://www.eu-startups.com/directory/salarship-2/"
"GreenState AG","https://www.eu-startups.com/directory/greenstate-ag/"
"Advertima Vision","https://www.eu-startups.com/directory/advertima/"
"Salarship","https://www.eu-startups.com/directory/salarship/"
"Syntheticus.ai","https://www.eu-startups.com/directory/syntheticus-ai/"
"ZYTLYN","https://www.eu-startups.com/directory/zytlyn/"
"Restor","https://www.eu-startups.com/directory/restor/"
"rready","https://www.eu-startups.com/directory/rready/"
"Gutmeister","https://www.eu-startups.com/directory/gutmeister/"
"Kyan Health","https://www.eu-startups.com/directory/kyan-health/"
"Get More Brain","https://www.eu-startups.com/directory/get-more-brain/"
"Carlavia","https://www.eu-startups.com/directory/carlavia/"
"Enso Finance","https://www.eu-startups.com/directory/enso-finance/"
"Single Broker","https://www.eu-startups.com/directory/single-broker/"
"handit","https://www.eu-startups.com/directory/handit/"
"Lakera AI","https://www.eu-startups.com/directory/lakera-ai/"
"GenPAx","https://www.eu-startups.com/directory/genpax/"
"Easy User Test","https://www.eu-startups.com/directory/easy-user-test/"
"Babylat","https://www.eu-startups.com/directory/babylat/"
"Covalo","https://www.eu-startups.com/directory/covalo/"
"DeepJudge AI","https://www.eu-startups.com/directory/deepjudge-ai/"
"Scrt.link","https://www.eu-startups.com/directory/scrt-link/"
"Zario","https://www.eu-startups.com/directory/zario-2/"
"Quarero AG","https://www.eu-startups.com/directory/quarero-ag/"
"Loggle","https://www.eu-startups.com/directory/loggle/"
"integritee","https://www.eu-startups.com/directory/integritee/"
"KAPSLY Ventures","https://www.eu-startups.com/directory/kapsly-ventures/"
"HipHipHub","https://www.eu-startups.com/directory/hiphiphub/"
"perseedU","https://www.eu-startups.com/directory/perseedu/"
"Planny","https://www.eu-startups.com/directory/planny/"
"Megaverse","https://www.eu-startups.com/directory/megaverse/"
"KAPSLY","https://www.eu-startups.com/directory/kapsly/"
"Virtuosis","https://www.eu-startups.com/directory/virtuosis/"
"Zario","https://www.eu-startups.com/directory/zario/"
"Buried Signals","https://www.eu-startups.com/directory/buried-signals/"
"Muuvr","https://www.eu-startups.com/directory/muuvr/"
"EthonAI","https://www.eu-startups.com/directory/ethonai/"
"Nanoflex Robotics","https://www.eu-startups.com/directory/nanoflex-robotics/"
"Destinus","https://www.eu-startups.com/directory/destinus/"
"kooky","https://www.eu-startups.com/directory/kooky/"
"Cirkel Supply Co.","https://www.eu-startups.com/directory/cirkel-supply-co/"
"Clanq","https://www.eu-startups.com/directory/clanq-ag-2/"
"Quiff","https://www.eu-startups.com/directory/quiff/"
"Timly.com","https://www.eu-startups.com/directory/timly-com/"
"Saporo","https://www.eu-startups.com/directory/saporo/"
"Geneva House Cleaners","https://www.eu-startups.com/directory/geneva-house-cleaners/"
"Dropz","https://www.eu-startups.com/directory/dropz-2/"
"yeekatee AG","https://www.eu-startups.com/directory/yeekatee-ag/"
"Onecasa","https://www.eu-startups.com/directory/onecasa/"
"Genius Yield","https://www.eu-startups.com/directory/genius-yield/"
"Fortean AI","https://www.eu-startups.com/directory/fortean-ai/"
"Fea Money Switzerland","https://www.eu-startups.com/directory/fea-money-switzerland/"
"Eulerpool","https://www.eu-startups.com/directory/eulerpool/"
"Ehminem","https://www.eu-startups.com/directory/ehminem/"
"Ecoo","https://www.eu-startups.com/directory/ecoo-2/"
"Ecoo","https://www.eu-startups.com/directory/ecoo/"
"Earny","https://www.eu-startups.com/directory/earny/"
"Dream Store","https://www.eu-startups.com/directory/dream-store/"
"DeepSquare","https://www.eu-startups.com/directory/deepsquare/"
"Dacoco","https://www.eu-startups.com/directory/dacoco/"
"Eidoo","https://www.eu-startups.com/directory/eidoo/"
"MARK Investment","https://www.eu-startups.com/directory/mark-investment/"
"Maximon","https://www.eu-startups.com/directory/maximon/"
"Luya Foods","https://www.eu-startups.com/directory/luya-foods/"
"Multifarm.fi","https://www.eu-startups.com/directory/multifarm-fi/"
"mympact","https://www.eu-startups.com/directory/mympact/"
"Nerve Global","https://www.eu-startups.com/directory/nerve-global/"
"Occam.fi","https://www.eu-startups.com/directory/occam-fi/"
"Peccala","https://www.eu-startups.com/directory/peccala/"
"Nexoya","https://www.eu-startups.com/directory/nexoya/"
"Power Partners","https://www.eu-startups.com/directory/power-partners/"
"Capskin","https://www.eu-startups.com/directory/capskin/"
"c-square","https://www.eu-startups.com/directory/c-square/"
"Brandfetch","https://www.eu-startups.com/directory/brandfetch/"
"Boostbar","https://www.eu-startups.com/directory/boostbar/"
"Batgroup","https://www.eu-startups.com/directory/batgroup/"
"Avoodoo","https://www.eu-startups.com/directory/avoodoo/"
"ASCENDO Earth","https://www.eu-startups.com/directory/ascendo-earth/"
"Artdeal","https://www.eu-startups.com/directory/artdeal/"
"Archimede Solutions","https://www.eu-startups.com/directory/archimede-solutions/"
"Aplauz","https://www.eu-startups.com/directory/aplauz/"
"Alithea Genomics","https://www.eu-startups.com/directory/alithea-genomics/"
"Impact Investing Solutions","https://www.eu-startups.com/directory/impact-investing-solutions/"
"Baobabooks","https://www.eu-startups.com/directory/baobabooks/"
"Flummox","https://www.eu-startups.com/directory/flummox/"
"Nivitec","https://www.eu-startups.com/directory/nivitec/"
"CompPair","https://www.eu-startups.com/directory/comppair/"
"MapTiler","https://www.eu-startups.com/directory/maptiler-2/"
"Magma Learning","https://www.eu-startups.com/directory/magma-learning/"
"Lyfa","https://www.eu-startups.com/directory/lyfa/"
"New Work City","https://www.eu-startups.com/directory/new-work-city/"
"LocalBini","https://www.eu-startups.com/directory/localbini/"
"LiUU","https://www.eu-startups.com/directory/liuu/"
"OptiChroniX","https://www.eu-startups.com/directory/optichronix/"
"LatticeFlow","https://www.eu-startups.com/directory/latticeflow-2/"
"Koj","https://www.eu-startups.com/directory/koj/"
"WeJob.ch","https://www.eu-startups.com/directory/wejob-ch/"
"kaiosID","https://www.eu-startups.com/directory/kaiosid/"
"Kleap","https://www.eu-startups.com/directory/kleap/"
"deskbird","https://www.eu-startups.com/directory/deskbird/"
"Oxyle","https://www.eu-startups.com/directory/oxyle/"
"HOPR","https://www.eu-startups.com/directory/hopr/"
"Hmcare","https://www.eu-startups.com/directory/hmcare/"
"Helvitek Labs","https://www.eu-startups.com/directory/helvitek-labs/"
"Green-Y Energy","https://www.eu-startups.com/directory/green-y-energy/"
"Resmonics","https://www.eu-startups.com/directory/resmonics/"
"FRUSS","https://www.eu-startups.com/directory/fruss/"
"Exnaton","https://www.eu-startups.com/directory/exnaton/"
"Emovo Care","https://www.eu-startups.com/directory/emovo-care/"
"SoHHytec","https://www.eu-startups.com/directory/sohhytec/"
"FREL Solution","https://www.eu-startups.com/directory/frel-solution/"
"akksel","https://www.eu-startups.com/directory/akksel/"
"DePay","https://www.eu-startups.com/directory/depay/"
"cybera","https://www.eu-startups.com/directory/cybera/"
"SUIND","https://www.eu-startups.com/directory/suind/"
"Concept | Iris","https://www.eu-startups.com/directory/concept-iris/"
"SurgeonsLab","https://www.eu-startups.com/directory/surgeonslab/"
"Collabree","https://www.eu-startups.com/directory/collabree/"
"Cocoboards","https://www.eu-startups.com/directory/cocoboards/"
"Testmate Health","https://www.eu-startups.com/directory/testmate-health/"
"The HUB App","https://www.eu-startups.com/directory/the-hub-app/"
"Bota Systems","https://www.eu-startups.com/directory/bota-systems/"
"TOM Medications","https://www.eu-startups.com/directory/tom-medications/"
"TRUECHART","https://www.eu-startups.com/directory/truechart/"
"UGPay Group","https://www.eu-startups.com/directory/ugpay-group/"
"Bainox","https://www.eu-startups.com/directory/bainox/"
"Urbio","https://www.eu-startups.com/directory/urbio/"
"Viatu","https://www.eu-startups.com/directory/viatu/"
"Vinivia","https://www.eu-startups.com/directory/vinivia/"
"Autonomyo","https://www.eu-startups.com/directory/autonomyo/"
"Winemaker.com","https://www.eu-startups.com/directory/winemaker-com/"
"Wineroo","https://www.eu-startups.com/directory/wineroo/"
"XRnanotech","https://www.eu-startups.com/directory/xrnanotech/"
"Alphalyx Ltd","https://www.eu-startups.com/directory/alphalyx-ltd/"
"Klapty","https://www.eu-startups.com/directory/klapty-2/"
"RocketVax","https://www.eu-startups.com/directory/rocketvax-2/"
"METHANOLOGY AG","https://www.eu-startups.com/directory/methanology-ag/"
"Well","https://www.eu-startups.com/directory/well/"
"Travelcoup Deluxe","https://www.eu-startups.com/directory/travelcoup-deluxe/"
"TRIBUS","https://www.eu-startups.com/directory/tribus/"
"trueLedger","https://www.eu-startups.com/directory/trueledger/"
"Tune Insight","https://www.eu-startups.com/directory/tune-insight/"
"ViboTec","https://www.eu-startups.com/directory/vibotec/"
"UpGrain","https://www.eu-startups.com/directory/upgrain/"
"Taxdone","https://www.eu-startups.com/directory/taxdone/"
"Spirecut","https://www.eu-startups.com/directory/spirecut/"
"SkyCues","https://www.eu-startups.com/directory/skycues/"
"Sleeboo","https://www.eu-startups.com/directory/sleeboo/"
"Schlaufux","https://www.eu-startups.com/directory/schlaufux/"
"RocketVax","https://www.eu-startups.com/directory/rocketvax/"
"Relio","https://www.eu-startups.com/directory/relio/"
"RealTyme","https://www.eu-startups.com/directory/realtyme/"
"Radar Payments","https://www.eu-startups.com/directory/radar-payments/"
"Prospecter Labs","https://www.eu-startups.com/directory/prospecter-labs/"
"Petitpeu","https://www.eu-startups.com/directory/petitpeu/"
"PatchXR","https://www.eu-startups.com/directory/patchxr/"
"Pabio","https://www.eu-startups.com/directory/pabio/"
"ORIGYN Foundation","https://www.eu-startups.com/directory/origyn-foundation/"
"Nevis Security","https://www.eu-startups.com/directory/nevis-security/"
"NaturLoop","https://www.eu-startups.com/directory/naturloop/"
"Nachfolgepartner","https://www.eu-startups.com/directory/nachfolgepartner/"
"Matterhorn Biosciences","https://www.eu-startups.com/directory/matterhorn-biosciences/"
"Lumiphase","https://www.eu-startups.com/directory/lumiphase/"
"MAASI Enterprises","https://www.eu-startups.com/directory/maasi-enterprises/"
"kriyabio","https://www.eu-startups.com/directory/kriyabio/"
"Klapty","https://www.eu-startups.com/directory/klapty/"
"Hmcare","https://www.eu-startups.com/directory/hmcare-2/"
"Hemostod","https://www.eu-startups.com/directory/hemostod/"
"Helvengo","https://www.eu-startups.com/directory/helvengo/"
"GlycoEra","https://www.eu-startups.com/directory/glycoera/"
"Goalifi","https://www.eu-startups.com/directory/goalifi/"
"Gookay","https://www.eu-startups.com/directory/gookay/"
"GameDAO","https://www.eu-startups.com/directory/gamedao/"
"Flowbone","https://www.eu-startups.com/directory/flowbone/"
"Flux Protocol","https://www.eu-startups.com/directory/flux-protocol/"
"ExeQi","https://www.eu-startups.com/directory/exeqi/"
"Centaura","https://www.eu-startups.com/directory/centaura/"
"VonRoll hydro","https://www.eu-startups.com/directory/vonroll-hydro/"
"AlveoliX AG","https://www.eu-startups.com/directory/alveolix-ag/"
"Yokoy","https://www.eu-startups.com/directory/yokoy/"
"YOUengine","https://www.eu-startups.com/directory/youengine/"
"Flybotix","https://www.eu-startups.com/directory/flybotix/"
"Estably Vermögensverwaltung AG","https://www.eu-startups.com/directory/estably-vermogensverwaltung-ag/"
"Theme Saturn","https://www.eu-startups.com/directory/theme-saturn/"
"SIBEX","https://www.eu-startups.com/directory/sibex/"
"Kamua","https://www.eu-startups.com/directory/kamua/"
"Alentis Therapeutics","https://www.eu-startups.com/directory/alentis-therapeutics/"
"Data Suisse AG","https://www.eu-startups.com/directory/data-suisse-ag/"
"2four1","https://www.eu-startups.com/directory/2four1/"
"GeeGee","https://www.eu-startups.com/directory/geegee/"
"Screening Eagle Technologies","https://www.eu-startups.com/directory/screening-eagle-technologies/"
"Typewise","https://www.eu-startups.com/directory/typewise/"
"Voliro Airborne Robotics","https://www.eu-startups.com/directory/voliro-airborne-robotics/"
"machineMD","https://www.eu-startups.com/directory/machinemd/"
"eMonitor","https://www.eu-startups.com/directory/emonitor/"
"Evrlearn","https://www.eu-startups.com/directory/evrlearn/"
"Relai AG","https://www.eu-startups.com/directory/relai-ag/"
"LeadRebel","https://www.eu-startups.com/directory/leadrebel/"
"moebelscout","https://www.eu-startups.com/directory/moebelscout-gmbh/"
"Helio AG","https://www.eu-startups.com/directory/helio-ag/"
"Arvelle Therapeutics","https://www.eu-startups.com/directory/arvelle-therapeutics/"
"Swisspod Technologies","https://www.eu-startups.com/directory/swisspod-technologies/"
"EEat","https://www.eu-startups.com/directory/eeat/"
"Rivero","https://www.eu-startups.com/directory/rivero/"
"Infrascreen","https://www.eu-startups.com/directory/infrascreen/"
"mia&noa","https://www.eu-startups.com/directory/mianoa/"
"AfriMed Health","https://www.eu-startups.com/directory/afrimed-health/"
"Growcer","https://www.eu-startups.com/directory/growcer/"
"Travizory","https://www.eu-startups.com/directory/travizory/"
"EarlySight","https://www.eu-startups.com/directory/earlysight/"
"Dimpora","https://www.eu-startups.com/directory/dimpora/"
"SmartBreed","https://www.eu-startups.com/directory/smartbreed/"
"PONERA GROUP","https://www.eu-startups.com/directory/ponera-group/"
"FORTINIUM AG","https://www.eu-startups.com/directory/fortinium-ag/"
"Yesim","https://www.eu-startups.com/directory/yesim/"
"Agrinorm","https://www.eu-startups.com/directory/agrinorm/"
"Aero41","https://www.eu-startups.com/directory/aero41/"
"Yasai","https://www.eu-startups.com/directory/yasai/"
"addmin","https://www.eu-startups.com/directory/addmin/"
"LAWGATE","https://www.eu-startups.com/directory/lawgate/"
"Simulands","https://www.eu-startups.com/directory/simulands/"
"REBO Smart Bottle","https://www.eu-startups.com/directory/rebo-smart-bottle/"
"Brazhairshop","https://www.eu-startups.com/directory/brazhairshop/"
"Bessern","https://www.eu-startups.com/directory/bessern/"
"findependent","https://www.eu-startups.com/directory/findependent/"
"Taxly","https://www.eu-startups.com/directory/taxly/"
"Mangrove Reviews","https://www.eu-startups.com/directory/mangrove-reviews/"
"Microcaps AG","https://www.eu-startups.com/directory/microcaps-ag/"
"MotionLab","https://www.eu-startups.com/directory/motionlab/"
"Pitch Deck Analysis","https://www.eu-startups.com/directory/pitch-deck-analysis/"
"Rentificial","https://www.eu-startups.com/directory/rentificial/"
"Rigi Technologies","https://www.eu-startups.com/directory/rigi-technologies/"
"sovi.me","https://www.eu-startups.com/directory/sovi-me/"
"Wherezit","https://www.eu-startups.com/directory/wherezit/"
"Enloya","https://www.eu-startups.com/directory/enloya/"
"BizMeet","https://www.eu-startups.com/directory/bizmeet/"
"Meloncast","https://www.eu-startups.com/directory/meloncast/"
"UX Agentur Basel","https://www.eu-startups.com/directory/ux-agentur-basel/"
"ImmuniWeb","https://www.eu-startups.com/directory/immuniweb/"
"Terapet","https://www.eu-startups.com/directory/terapet/"
"Bionomous","https://www.eu-startups.com/directory/bionomous/"
"Nagi Bioscience","https://www.eu-startups.com/directory/nagi-bioscience/"
"Expense Robot","https://www.eu-startups.com/directory/expense-robot/"
"Netsensing Technology","https://www.eu-startups.com/directory/netsensing-technology-sarl/"
"Unicorn.io","https://www.eu-startups.com/directory/unicorn-io/"
"Archlet","https://www.eu-startups.com/directory/archlet/"
"Decentriq","https://www.eu-startups.com/directory/decentriq/"
"Voliro Airborne Robotics","https://www.eu-startups.com/directory/voliro-airborne-robotics-2/"
"MIRAI FOODS","https://www.eu-startups.com/directory/mirai-foods/"
"Barberly","https://www.eu-startups.com/directory/barberly/"
"matriq AG","https://www.eu-startups.com/directory/matriq-ag/"
"id4 AG","https://www.eu-startups.com/directory/id4-ag/"
"Vivatum PD AG","https://www.eu-startups.com/directory/vivatum-pd-ag/"
"360 Health","https://www.eu-startups.com/directory/360-health/"
"Graypes GmbH","https://www.eu-startups.com/directory/graypes-gmbh/"
"dua AG","https://www.eu-startups.com/directory/dua-ag/"
"liquity","https://www.eu-startups.com/directory/liquity/"
"maison","https://www.eu-startups.com/directory/maison/"
"Matchspace Music","https://www.eu-startups.com/directory/matchspace-music/"
"aiaibot","https://www.eu-startups.com/directory/aiaibot/"
"Axelra","https://www.eu-startups.com/directory/axelra/"
"VectivBio","https://www.eu-startups.com/directory/vectivbio/"
"Ventus Cloud","https://www.eu-startups.com/directory/ventus-cloud/"
"Upbots","https://www.eu-startups.com/directory/upbots/"
"The Nemesis","https://www.eu-startups.com/directory/the-nemesis/"
"Terra Quantum","https://www.eu-startups.com/directory/terra-quantum/"
"SWISS Gate","https://www.eu-startups.com/directory/swiss-gate/"
"CARIFY","https://www.eu-startups.com/directory/carify/"
"Noema Pharma","https://www.eu-startups.com/directory/noema-pharma/"
"ND BioSciences","https://www.eu-startups.com/directory/nd-biosciences/"
"Zircon Medical Management","https://www.eu-startups.com/directory/zircon-medical-management/"
"Planted Foods","https://www.eu-startups.com/directory/planted-foods/"
"Fyooz","https://www.eu-startups.com/directory/fyooz/"
"Madame Sum","https://www.eu-startups.com/directory/madame-sum/"
"KORE Technologies","https://www.eu-startups.com/directory/kore-technologies/"
"lavitto","https://www.eu-startups.com/directory/lavitto/"
"Meraxis","https://www.eu-startups.com/directory/meraxis/"
"FQX","https://www.eu-startups.com/directory/fqx/"
"Coinnect","https://www.eu-startups.com/directory/coinnect/"
"CAR FOR YOU","https://www.eu-startups.com/directory/car-for-you/"
"Blocksport","https://www.eu-startups.com/directory/blocksport/"
"Quercis Pharma","https://www.eu-startups.com/directory/quercis-pharma/"
"TissueLabs","https://www.eu-startups.com/directory/tissuelabs/"
"Modulos","https://www.eu-startups.com/directory/modulos/"
"Supertrends","https://www.eu-startups.com/directory/supertrends/"
"Studio KOH","https://www.eu-startups.com/directory/studio-koh/"
"Velas","https://www.eu-startups.com/directory/velas/"
"Bloom Diagnostics","https://www.eu-startups.com/directory/bloom-diagnostics/"
"Virtual i Technologies","https://www.eu-startups.com/directory/virtual-i-technologies/"
"aquama","https://www.eu-startups.com/directory/aquama/"
"Witty Works","https://www.eu-startups.com/directory/witty-works-2/"
"Visium","https://www.eu-startups.com/directory/visium/"
"WeSendit","https://www.eu-startups.com/directory/wesendit-2/"
"WeSendit","https://www.eu-startups.com/directory/wesendit/"
"Witty Works","https://www.eu-startups.com/directory/witty-works/"
"Medudoc","https://www.eu-startups.com/directory/medudoc/"
"Monnos","https://www.eu-startups.com/directory/monnos/"
"Liberty MedTech","https://www.eu-startups.com/directory/liberty-medtech/"
"Lipidon","https://www.eu-startups.com/directory/lipidon/"
"SwissDevJobs.ch","https://www.eu-startups.com/directory/swissdevjobs-ch/"
"GoEat","https://www.eu-startups.com/directory/goeat-gmbh/"
"Covee Network","https://www.eu-startups.com/directory/covee-network/"
"CYSEC","https://www.eu-startups.com/directory/cysec/"
"ZoodMall","https://www.eu-startups.com/directory/zoodmall/"
"UniSieve","https://www.eu-startups.com/directory/unisieve/"
"Sevensense Robotics","https://www.eu-startups.com/directory/sevensense-robotics-ag-2/"
"SEBA Crypto","https://www.eu-startups.com/directory/seba-crypto/"
"9T Labs","https://www.eu-startups.com/directory/9t-labs/"
"Gaia Membranes","https://www.eu-startups.com/directory/gaia-membranes/"
"Sevensense Robotics","https://www.eu-startups.com/directory/sevensense-robotics-ag/"
"SafeSide","https://www.eu-startups.com/directory/safeside-2/"
"Optimal 3D","https://www.eu-startups.com/directory/optimal-3d/"
"SafeSide","https://www.eu-startups.com/directory/safeside/"
"Travelgam","https://www.eu-startups.com/directory/travelgam/"
"Houston & Ko","https://www.eu-startups.com/directory/houston-ko/"
"Yapeal","https://www.eu-startups.com/directory/yapeal/"
"Komgo","https://www.eu-startups.com/directory/komgo/"
"#tide","https://www.eu-startups.com/directory/tide-2/"
"myReach App","https://www.eu-startups.com/directory/reach-your-second-brain/"
"myReach","https://www.eu-startups.com/directory/myreach/"
"iSense","https://www.eu-startups.com/directory/isense/"
"MeduSoil","https://www.eu-startups.com/directory/medusoil/"
"Micropow","https://www.eu-startups.com/directory/micropow/"
"FinchTrade","https://www.eu-startups.com/directory/finchtrade/"
"Sygnum","https://www.eu-startups.com/directory/sygnum/"
"DAIMANI","https://www.eu-startups.com/directory/daimani/"
"Crowd Container","https://www.eu-startups.com/directory/crowd-container/"
"Cerealia","https://www.eu-startups.com/directory/cerealia/"
"MarbleCards","https://www.eu-startups.com/directory/marblecards/"
"Volubus","https://www.eu-startups.com/directory/volubus-2/"
"Sea Change Wine","https://www.eu-startups.com/directory/sea-change-wine/"
"mitipi","https://www.eu-startups.com/directory/mitipi/"
"GarageFox","https://www.eu-startups.com/directory/garagefox/"
"PANDY AI","https://www.eu-startups.com/directory/pandy-ai/"
"Kepler Finance","https://www.eu-startups.com/directory/kepler-finance/"
"Talentplot","https://www.eu-startups.com/directory/talentplot/"
"HYGH","https://www.eu-startups.com/directory/hygh/"
"Lexray","https://www.eu-startups.com/directory/lexray/"
"Gmelius","https://www.eu-startups.com/directory/gmelius-ltd/"
"nfinitiv","https://www.eu-startups.com/directory/nfinitiv/"
"Buybox Strategy","https://www.eu-startups.com/directory/buybox-strategy/"
"Maarketer","https://www.eu-startups.com/directory/maarketer/"
"Willpower Challenge","https://www.eu-startups.com/directory/willpower-challenge/"
"FALOA","https://www.eu-startups.com/directory/faloa/"
"Znyni","https://www.eu-startups.com/directory/znyni-gmbh/"
"Talent4GIG","https://www.eu-startups.com/directory/talent4gig/"
"Carvolution","https://www.eu-startups.com/directory/carvolution/"
"Mastertailor","https://www.eu-startups.com/directory/mastertailor/"
"Noble Transfer","https://www.eu-startups.com/directory/noble-transfer-2/"
"Kido Dynamics","https://www.eu-startups.com/directory/kido-dynamics/"
"RosieReality","https://www.eu-startups.com/directory/rosiereality/"
"Nutrix","https://www.eu-startups.com/directory/nutrix/"
"AgroSustain","https://www.eu-startups.com/directory/agrosustain/"
"e-Potek","https://www.eu-startups.com/directory/e-potek/"
"Amplify","https://www.eu-startups.com/directory/amplify/"
"Resistell","https://www.eu-startups.com/directory/resistell/"
"AIDONIC","https://www.eu-startups.com/directory/aidonic/"
"Aktiia","https://www.eu-startups.com/directory/aktiia/"
"CasperLabs","https://www.eu-startups.com/directory/casperlabs/"
"SEBA Bank","https://www.eu-startups.com/directory/seba-bank/"
"RigiTech","https://www.eu-startups.com/directory/rigitech/"
"Swiss Security Solutions LLC","https://www.eu-startups.com/directory/swiss-security-solutions-llc/"
"EcoGnova","https://www.eu-startups.com/directory/ecognova/"
"JobsToday","https://www.eu-startups.com/directory/jobstoday-world/"
"Caeli Nova","https://www.eu-startups.com/directory/caeli-nova/"
"Daphne Technology SA","https://www.eu-startups.com/directory/daphne-technology-sa-2/"
"Dotphoton","https://www.eu-startups.com/directory/dotphoton/"
"Aioma","https://www.eu-startups.com/directory/aioma/"
"AIcrowd","https://www.eu-startups.com/directory/aicrowd/"
"Audacia Group","https://www.eu-startups.com/directory/audacia-group/"
"atwork.ai","https://www.eu-startups.com/directory/atwork-ai/"
"VR-All-Art","https://www.eu-startups.com/directory/vr-all-art/"
"Auxivo","https://www.eu-startups.com/directory/auxivo/"
"aXedras","https://www.eu-startups.com/directory/axedras/"
"VALID","https://www.eu-startups.com/directory/valid/"
"TON Labs","https://www.eu-startups.com/directory/ton-labs/"
"Big Blue People","https://www.eu-startups.com/directory/big-blue-people/"
"BLP Digital","https://www.eu-startups.com/directory/blp-digital/"
"Spectroplast","https://www.eu-startups.com/directory/spectroplast/"
"Skyviews Life Science","https://www.eu-startups.com/directory/skyviews-life-science/"
"Sensorium Corporation","https://www.eu-startups.com/directory/sensorium-corporation/"
"Realday","https://www.eu-startups.com/directory/realday/"
"Propulse Lab","https://www.eu-startups.com/directory/propulse-lab/"
"Concordium","https://www.eu-startups.com/directory/concordium/"
"Neural Concept","https://www.eu-startups.com/directory/neural-concept/"
"Delvitech","https://www.eu-startups.com/directory/delvitech/"
"elblox","https://www.eu-startups.com/directory/elblox/"
"Menhir Photonics","https://www.eu-startups.com/directory/menhir-photonics/"
"Evooq","https://www.eu-startups.com/directory/evooq/"
"GENTWO","https://www.eu-startups.com/directory/gentwo/"
"flov technologies","https://www.eu-startups.com/directory/flov-technologies/"
"GoEat Me","https://www.eu-startups.com/directory/goeat-me/"
"GoodX Finance Network","https://www.eu-startups.com/directory/goodx-finance-network/"
"Mathrix Education","https://www.eu-startups.com/directory/mathrix-education/"
"Lyfegen","https://www.eu-startups.com/directory/lyfegen/"
"Guarders diagnostics","https://www.eu-startups.com/directory/guarders-diagnostics/"
"Kollabo","https://www.eu-startups.com/directory/kollabo/"
"Juicar","https://www.eu-startups.com/directory/juicar/"
"ipQuants","https://www.eu-startups.com/directory/ipquants/"
"Innolith","https://www.eu-startups.com/directory/innolith/"
"Imburse","https://www.eu-startups.com/directory/imburse/"
"Heymate","https://www.eu-startups.com/directory/heymate/"
"Heroes group","https://www.eu-startups.com/directory/heroes-group/"
"Hayvn","https://www.eu-startups.com/directory/hayvn/"
"Monte Rosa Therapeutics","https://www.eu-startups.com/directory/monte-rosa-therapeutics/"
"Mootral","https://www.eu-startups.com/directory/mootral/"
"Mt Pelerin","https://www.eu-startups.com/directory/mt-pelerin/"
"EOS portfolio","https://www.eu-startups.com/directory/eos-portfolio/"
"Emerald Stay","https://www.eu-startups.com/directory/emerald-stay/"
"Droople","https://www.eu-startups.com/directory/droople/"
"CymbiQ Group","https://www.eu-startups.com/directory/cymbiq-group/"
"Custodigit","https://www.eu-startups.com/directory/custodigit/"
"CROWDLITOKEN","https://www.eu-startups.com/directory/crowdlitoken/"
"ClearSpace","https://www.eu-startups.com/directory/clearspace/"
"CH Media Holding","https://www.eu-startups.com/directory/ch-media-holding/"
"Foodetective For Business","https://www.eu-startups.com/directory/foodetective-for-business/"
"Private Holdings","https://www.eu-startups.com/directory/private-holdings/"
"Backbone","https://www.eu-startups.com/directory/backbone/"
"Binfinity","https://www.eu-startups.com/directory/binfinity/"
"Bestsmile","https://www.eu-startups.com/directory/bestsmile/"
"RightMesh","https://www.eu-startups.com/directory/rightmesh/"
"Aximetria","https://www.eu-startups.com/directory/aximetria/"
"B3i","https://www.eu-startups.com/directory/b3i/"
"Sanoptis","https://www.eu-startups.com/directory/sanoptis/"
"Swiss Shakti Foundation","https://www.eu-startups.com/directory/swiss-shakti-foundation/"
"Assaia","https://www.eu-startups.com/directory/assaia/"
"Skribble","https://www.eu-startups.com/directory/skribble/"
"APPICS","https://www.eu-startups.com/directory/appics/"
"Aleph Zero","https://www.eu-startups.com/directory/aleph-zero/"
"AELER Technologies","https://www.eu-startups.com/directory/aeler-technologies/"
"ADconity.com","https://www.eu-startups.com/directory/adconity-com/"
"AdHash","https://www.eu-startups.com/directory/adhash/"
"21Shares","https://www.eu-startups.com/directory/21shares/"
"ZoodPay","https://www.eu-startups.com/directory/zoodpay/"
"Lumendo","https://www.eu-startups.com/directory/lumendo/"
"Mega Management","https://www.eu-startups.com/directory/mega-management/"
"Tech5.ai","https://www.eu-startups.com/directory/tech5-ai/"
"Talent4GIG AG","https://www.eu-startups.com/directory/talent4gig-ag/"
"The Abyss","https://www.eu-startups.com/directory/the-abyss/"
"TMH International","https://www.eu-startups.com/directory/tmh-international/"
"Garrett Motion","https://www.eu-startups.com/directory/garrett-motion/"
"Ubex AI","https://www.eu-startups.com/directory/ubex-ai/"
"GenLots","https://www.eu-startups.com/directory/genlots-sa/"
"Apiax","https://www.eu-startups.com/directory/apiax-ag-2/"
"HIGH5 TEST","https://www.eu-startups.com/directory/high5-test/"
"Pexapark","https://www.eu-startups.com/directory/pexapark/"
"Marvin","https://www.eu-startups.com/directory/marvin/"
"Jellypipe AG","https://www.eu-startups.com/directory/jellypipe-ag/"
"Gilytics AG","https://www.eu-startups.com/directory/gilytics-ag/"
"LuckaBox","https://www.eu-startups.com/directory/luckabox/"
"Imverse","https://www.eu-startups.com/directory/imverse/"
"PeakData","https://www.eu-startups.com/directory/peakdata/"
"Skin Match Technology","https://www.eu-startups.com/directory/skin-match-technology/"
"RealAdvisor","https://www.eu-startups.com/directory/realadvisor/"
"Bottle Message","https://www.eu-startups.com/directory/bottle-message-ag-2/"
"Mylearncoach.ch","https://www.eu-startups.com/directory/mylearncoach-ch/"
"Bluecode","https://www.eu-startups.com/directory/bluecode/"
"Legartis","https://www.eu-startups.com/directory/legartis/"
"Holodia","https://www.eu-startups.com/directory/holodia/"
"CUTISS","https://www.eu-startups.com/directory/cutiss/"
"PXL Vision","https://www.eu-startups.com/directory/pxl-vision-ag/"
"KITRO","https://www.eu-startups.com/directory/kitro/"
"Kemiex","https://www.eu-startups.com/directory/kemiex/"
"MagneSys","https://www.eu-startups.com/directory/magnesys/"
"Nectariss","https://www.eu-startups.com/directory/nectariss/"
"REM Analytics","https://www.eu-startups.com/directory/rem-analytics/"
"Qnami","https://www.eu-startups.com/directory/qnami/"
"Smeetz","https://www.eu-startups.com/directory/smeetz-2/"
"Windsor.ai","https://www.eu-startups.com/directory/windsor-ai/"
"Skypull","https://www.eu-startups.com/directory/skypull/"
"Open Mineral","https://www.eu-startups.com/directory/open-mineral/"
"Ledgy","https://www.eu-startups.com/directory/ledgy/"
"Nexo","https://www.eu-startups.com/directory/nexo/"
"Energy Vault","https://www.eu-startups.com/directory/energy-vault/"
"CARU","https://www.eu-startups.com/directory/caru/"
"You Health","https://www.eu-startups.com/directory/you-health-sagl/"
"Hempfy","https://www.eu-startups.com/directory/hempfy/"
"Intersailclub","https://www.eu-startups.com/directory/intersailclub/"
"Klazz","https://www.eu-startups.com/directory/klazz/"
"smartTONi","https://www.eu-startups.com/directory/smarttoni/"
"Bloomio","https://www.eu-startups.com/directory/bloomio/"
"Talentplot.com","https://www.eu-startups.com/directory/talentplot-com/"
"Expo Exhibition Stands","https://www.eu-startups.com/directory/expo-exhibition-stands/"
"The Trip Boutique","https://www.eu-startups.com/directory/the-trip-boutique/"
"Sy&Se","https://www.eu-startups.com/directory/syse/"
"Crypto Finance","https://www.eu-startups.com/directory/crypto-finance/"
"Oculis","https://www.eu-startups.com/directory/oculis/"
"HEGIAS","https://www.eu-startups.com/directory/hegias/"
"TOLREMO therapeutics","https://www.eu-startups.com/directory/tolremo-therapeutics/"
"ODEM","https://www.eu-startups.com/directory/odem/"
"Pangea","https://www.eu-startups.com/directory/pangea/"
"Fresco","https://www.eu-startups.com/directory/fresco/"
"Scailyte","https://www.eu-startups.com/directory/scailyte/"
"Ambrosus","https://www.eu-startups.com/directory/ambrosus/"
"Smeetz","https://www.eu-startups.com/directory/smeetz/"
"Intrepida","https://www.eu-startups.com/directory/intrepida/"
"Scewo","https://www.eu-startups.com/directory/scewo/"
"Neon","https://www.eu-startups.com/directory/neon/"
"LEDCity","https://www.eu-startups.com/directory/ledcity-ag/"
"Naturalpes Swiss","https://www.eu-startups.com/directory/naturalpes-swiss/"
"LatticeFlow","https://www.eu-startups.com/directory/latticeflow/"
"TimeStatement AG","https://www.eu-startups.com/directory/timestatement-ag-time-tracking-zeiterfassung/"
"actesy","https://www.eu-startups.com/directory/actesy-ag/"
"Immozins","https://www.eu-startups.com/directory/immozins/"
"Yova","https://www.eu-startups.com/directory/yova/"
"Jibrel Network","https://www.eu-startups.com/directory/jibrel-network/"
"Komed Health","https://www.eu-startups.com/directory/komed-health/"
"MoonX","https://www.eu-startups.com/directory/moonx/"
"MoonX","https://www.eu-startups.com/directory/moonx-2/"
"Neho","https://www.eu-startups.com/directory/neho/"
"Nomopoly","https://www.eu-startups.com/directory/nomopoly/"
"Odem.io","https://www.eu-startups.com/directory/odem-io/"
"Hazu","https://www.eu-startups.com/directory/hazu/"
"GOWAGO","https://www.eu-startups.com/directory/gowago/"
"Glassnode","https://www.eu-startups.com/directory/glassnode/"
"Qnami","https://www.eu-startups.com/directory/qnami-2/"
"RoomPriceGenie","https://www.eu-startups.com/directory/roompricegenie/"
"SMART VALOR","https://www.eu-startups.com/directory/smart-valor/"
"Sleepiz","https://www.eu-startups.com/directory/sleepiz/"
"Tangem","https://www.eu-startups.com/directory/tangem/"
"Status.im","https://www.eu-startups.com/directory/status-im/"
"Diamond Digital","https://www.eu-startups.com/directory/diamond-digital/"
"Bright Peak Therapeutics","https://www.eu-startups.com/directory/bright-peak-therapeutics/"
"TONI Digital","https://www.eu-startups.com/directory/toni-digital/"
"Transfero Group","https://www.eu-startups.com/directory/transfero-group/"
"Unit8","https://www.eu-startups.com/directory/unit8/"
"Urovant Sciences","https://www.eu-startups.com/directory/urovant-sciences/"
"viso.ai","https://www.eu-startups.com/directory/viso-ai/"
"AC BioScience","https://www.eu-startups.com/directory/ac-bioscience/"
"Anapaya","https://www.eu-startups.com/directory/anapaya/"
"ARTIDIS","https://www.eu-startups.com/directory/artidis/"
"Bond Mobility","https://www.eu-startups.com/directory/bond-mobility/"
"Candi","https://www.eu-startups.com/directory/candi/"
"COFCO International","https://www.eu-startups.com/directory/cofco-international-2/"
"COFCO International","https://www.eu-startups.com/directory/cofco-international/"
"Enuu","https://www.eu-startups.com/directory/enuu/"
"Houzy","https://www.eu-startups.com/directory/houzy/"
"Instimatch Global","https://www.eu-startups.com/directory/instimatch-global/"
"MetrioPharm","https://www.eu-startups.com/directory/metriopharm/"
"Monetha","https://www.eu-startups.com/wpbdp_listing/monetha/"
"Nanoleq","https://www.eu-startups.com/directory/nanoleq/"
"SwissBorg","https://www.eu-startups.com/directory/swissborg/"
"privatemarket.io","https://www.eu-startups.com/directory/privatemarket-io/"
"Quadient","https://www.eu-startups.com/directory/quadient/"
"Sogur","https://www.eu-startups.com/directory/sogur/"
"Lookthrough","https://www.eu-startups.com/directory/lookthrough/"
"Livup","https://www.eu-startups.com/directory/livup/"
"CoreLedger","https://www.eu-startups.com/directory/coreledger/"
"Arbidex","https://www.eu-startups.com/directory/arbidex/"
"vestr","https://www.eu-startups.com/directory/vestr/"
"Anaveon","https://www.eu-startups.com/directory/anaveon/"
"yes.com","https://www.eu-startups.com/directory/yes-com/"
"Parashift","https://www.eu-startups.com/directory/parashift/"
"Hutter Products","https://www.eu-startups.com/directory/hutter-products/"
"Turicode","https://www.eu-startups.com/directory/turicode/"
"Enterprise Bot","https://www.eu-startups.com/directory/enterprise-bot-2/"
"sublimd","https://www.eu-startups.com/directory/sublimd/"
"Veezoo","https://www.eu-startups.com/directory/veezoo/"
"PriceHubble","https://www.eu-startups.com/directory/pricehubble/"
"Sqooba","https://www.eu-startups.com/directory/sqooba/"
"Yamo","https://www.eu-startups.com/directory/yamo/"
"Daedalean","https://www.eu-startups.com/directory/daedalean/"
"Enterprise Bot","https://www.eu-startups.com/directory/enterprise-bot/"
"Klarys","https://www.eu-startups.com/directory/klarys/"
"DYDON AI","https://www.eu-startups.com/directory/dydon-ai/"
"Noble Transfer","https://www.eu-startups.com/directory/noble-transfer/"
"Xoop","https://www.eu-startups.com/directory/xoop/"
"DeepCode","https://www.eu-startups.com/directory/deepcode/"
"Intento","https://www.eu-startups.com/directory/intento/"
"Proxeus","https://www.eu-startups.com/directory/proxeus/"
"DFINITY","https://www.eu-startups.com/directory/dfinity/"
"ROVENSO SA","https://www.eu-startups.com/directory/rovenso-sa/"
"Windor.ai","https://www.eu-startups.com/directory/windor-ai/"
"YIX Software Solutions","https://www.eu-startups.com/directory/yix-software-solutions/"
"GenomSys","https://www.eu-startups.com/directory/genomsys/"
"Picterra","https://www.eu-startups.com/directory/picterra/"
"semilimes","https://www.eu-startups.com/directory/semilimes-2/"
"Jelurida Swiss","https://www.eu-startups.com/directory/jelurida-swiss-sa/"
"CODE41","https://www.eu-startups.com/directory/code41/"
"Hutter Products","https://www.eu-startups.com/directory/hutter-products-gmbh/"
"CyanoGuard","https://www.eu-startups.com/directory/cyanoguard/"
"Wingtra","https://www.eu-startups.com/directory/wingtra/"
"Colendi","https://www.eu-startups.com/directory/colendi/"
"Nummo","https://www.eu-startups.com/directory/nummo/"
"Synple Chem","https://www.eu-startups.com/directory/synple-chem-ag/"
"Santiment","https://www.eu-startups.com/directory/santiment/"
"Sonect","https://www.eu-startups.com/directory/sonect/"
"Cyberhaven","https://www.eu-startups.com/directory/cyberhaven/"
"Evenito","https://www.eu-startups.com/directory/evenito/"
"Digital Republic","https://www.eu-startups.com/directory/digital-republic/"
"SEOBOTS LLC","https://www.eu-startups.com/directory/seobots-llc/"
"Wegaw","https://www.eu-startups.com/directory/wegaw/"
"ICON","https://www.eu-startups.com/directory/icon/"
"kineo finance","https://www.eu-startups.com/directory/kineo-finance/"
"Linum Labs","https://www.eu-startups.com/directory/linum-labs/"
"Lionstep","https://www.eu-startups.com/directory/lionstep/"
"holo|one","https://www.eu-startups.com/directory/holoone/"
"NIKIN","https://www.eu-startups.com/directory/nikin/"
"Polkadot","https://www.eu-startups.com/directory/polkadot/"
"Prognolite","https://www.eu-startups.com/directory/prognolite/"
"Procivis","https://www.eu-startups.com/directory/procivis/"
"semilimes","https://www.eu-startups.com/directory/semilimes/"
"Seervision","https://www.eu-startups.com/directory/seervision/"
"Technis","https://www.eu-startups.com/directory/technis/"
"Stryber","https://www.eu-startups.com/directory/stryber/"
"Struckd","https://www.eu-startups.com/directory/struckd/"
"Exeon Analytics","https://www.eu-startups.com/directory/exeon-analytics/"
"FAIRTIQ","https://www.eu-startups.com/directory/fairtiq/"
"echonovum","https://www.eu-startups.com/directory/echonovum/"
"Dermavant Sciences","https://www.eu-startups.com/directory/dermavant-sciences/"
"Dagsmejan","https://www.eu-startups.com/directory/dagsmejan/"
"CorFlow Therapeutics","https://www.eu-startups.com/directory/corflow-therapeutics/"
"Cosmos Network","https://www.eu-startups.com/directory/cosmos-network/"
"Utopia Music","https://www.eu-startups.com/directory/utopia-music/"
"VRM Switzerland","https://www.eu-startups.com/directory/vrm-switzerland/"
"Alaya","https://www.eu-startups.com/directory/alaya/"
"OneDoc","https://www.eu-startups.com/directory/onedoc/"
"14Trees","https://www.eu-startups.com/directory/14trees/"
"Zasso Group","https://www.eu-startups.com/directory/zasso-group/"
"Accounto","https://www.eu-startups.com/directory/accounto/"
"Acodis","https://www.eu-startups.com/directory/acodis/"
"amazee.io","https://www.eu-startups.com/directory/amazee-io/"
"Axino","https://www.eu-startups.com/directory/axino/"
"Bancor","https://www.eu-startups.com/directory/bancor/"
"SwissDeCode","https://www.eu-startups.com/directory/swissdecode/"
"Swiss Wood Solutions","https://www.eu-startups.com/directory/swiss-wood-solutions/"
"Blue Horizon","https://www.eu-startups.com/directory/blue-horizon/"
"Sommet Education","https://www.eu-startups.com/directory/sommet-education/"
"SatSure","https://www.eu-startups.com/directory/satsure/"
"Retinai","https://www.eu-startups.com/directory/retinai/"
"Piavita","https://www.eu-startups.com/directory/piavita/"
"microGauge","https://www.eu-startups.com/directory/microgauge/"
"InterAx Biotech","https://www.eu-startups.com/directory/interax-biotech/"
"ImmuProbe","https://www.eu-startups.com/directory/immuprobe/"
"GuestReady","https://www.eu-startups.com/directory/guestready-2/"
"GlassIG","https://www.eu-startups.com/directory/glassig/"
"Foxstone","https://www.eu-startups.com/directory/foxstone/"
"GliaPharm","https://www.eu-startups.com/directory/gliapharm/"
"Hemotune","https://www.eu-startups.com/directory/hemotune/"
"Innoview","https://www.eu-startups.com/directory/innoview/"
"LEXR AG","https://www.eu-startups.com/directory/lexr-ag/"
"LiGenTec","https://www.eu-startups.com/directory/ligentec/"
"MachIQ Software","https://www.eu-startups.com/directory/machiq-software/"
"Ascensia Diabetes Care","https://www.eu-startups.com/directory/ascensia-diabetes-care/"
"modum","https://www.eu-startups.com/directory/modum/"
"MaxWell Biosystems","https://www.eu-startups.com/directory/maxwell-biosystems/"
"Olyseum","https://www.eu-startups.com/directory/olyseum/"
"OnlineDoctor","https://www.eu-startups.com/directory/onlinedoctor/"
"Viselio","https://www.eu-startups.com/directory/viselio/"
"Tradeplus24","https://www.eu-startups.com/directory/tradeplus24/"
"Stratis","https://www.eu-startups.com/directory/stratis/"
"Teleport Media","https://www.eu-startups.com/directory/teleport-media/"
"PRODAFT SARL","https://www.eu-startups.com/directory/prodaft-sarl/"
"Evolute","https://www.eu-startups.com/directory/evolute/"
"Sulzer Schmid","https://www.eu-startups.com/directory/sulzer-schmid/"
"Batmaid","https://www.eu-startups.com/directory/batmaid/"
"Zippsafe","https://www.eu-startups.com/directory/zippsafe/"
"High Performance Battery","https://www.eu-startups.com/directory/high-performance-battery/"
"Entnest","https://www.eu-startups.com/directory/entnest/"
"KOSMA","https://www.eu-startups.com/directory/kosma/"
"Gamaya","https://www.eu-startups.com/directory/gamaya/"
"Biowatch","https://www.eu-startups.com/directory/biowatch/"
"Battrion","https://www.eu-startups.com/directory/battrion/"
"Foldercrate","https://www.eu-startups.com/directory/foldercrate/"
"Novago Therapeutics","https://www.eu-startups.com/directory/novago-therapeutics/"
"TheSmarterPlace","https://www.eu-startups.com/directory/thesmarterplace/"
"ISL Blockchain","https://www.eu-startups.com/directory/isl-blockchain/"
"Pristem","https://www.eu-startups.com/directory/pristem/"
"ASPIVIX","https://www.eu-startups.com/directory/aspivix/"
"Bring!","https://www.eu-startups.com/directory/bring/"
"Avrios","https://www.eu-startups.com/directory/avrios/"
"Nouscom","https://www.eu-startups.com/directory/nouscom/"
"Karmagenes","https://www.eu-startups.com/directory/karmagenes/"
"Advanon","https://www.eu-startups.com/directory/advanon/"
"Nexxiot","https://www.eu-startups.com/directory/nexxiot/"
"DECENT","https://www.eu-startups.com/directory/decent/"
"Beaconsmind","https://www.eu-startups.com/directory/beaconsmind/"
"Metaco","https://www.eu-startups.com/directory/metaco/"
"Pharvaris","https://www.eu-startups.com/directory/pharvaris/"
"Cardano Foundation","https://www.eu-startups.com/directory/cardano-foundation/"
"Nomoko","https://www.eu-startups.com/directory/nomoko/"
"Loanboox","https://www.eu-startups.com/directory/loanboox/"
"Insolight","https://www.eu-startups.com/directory/insolight/"
"Olympe","https://www.eu-startups.com/directory/olympe/"
"Multiwave Technologies","https://www.eu-startups.com/directory/multiwave-technologies/"
"RaiseNow","https://www.eu-startups.com/directory/raisenow/"
"WealthArc","https://www.eu-startups.com/directory/wealtharc/"
"My Sky","https://www.eu-startups.com/directory/my-sky/"
"crowdhouse","https://www.eu-startups.com/directory/crowdhouse/"
"GUURU","https://www.eu-startups.com/directory/guuru/"
"SchoolApply","https://www.eu-startups.com/directory/schoolapply/"
"MyCamper","https://www.eu-startups.com/directory/mycamper/"
"RAW Labs","https://www.eu-startups.com/directory/raw-labs/"
"Wecan","https://www.eu-startups.com/directory/wecan/"
"FlavorWiki","https://www.eu-startups.com/directory/flavorwiki/"
"TestingTime","https://www.eu-startups.com/directory/testingtime/"
"Bonsai Systems GmbH","https://www.eu-startups.com/directory/bonsai-systems-gmbh/"
"Superdot","https://www.eu-startups.com/directory/superdot/"
"M.G. Creations","https://www.eu-startups.com/directory/m-g-creations/"
"Ava","https://www.eu-startups.com/directory/ava/"
"WP MLM Software","https://www.eu-startups.com/directory/wp-mlm-software/"
"SecurionPay","https://www.eu-startups.com/directory/securionpay/"
"Largo","https://www.eu-startups.com/directory/largo/"
"Roivant Sciences","https://www.eu-startups.com/directory/roivant-sciences/"
"Storyline","https://www.eu-startups.com/directory/storyline/"
"KiWi","https://www.eu-startups.com/directory/kiwi/"
"GotCourts","https://www.eu-startups.com/directory/gotcourts/"
"equippo","https://www.eu-startups.com/directory/equippo/"
"ScanTrust","https://www.eu-startups.com/directory/scantrust/"
"Flyability","https://www.eu-startups.com/directory/flyability/"
"Lunaphore","https://www.eu-startups.com/directory/lunaphore/"
"Astrocast","https://www.eu-startups.com/directory/astrocast/"
"Qiio","https://www.eu-startups.com/directory/qiio/"
"Cellestia","https://www.eu-startups.com/directory/cellestia/"
"ConsenSys","https://www.eu-startups.com/directory/consensys/"
"Equippo.com","https://www.eu-startups.com/directory/equippo-com/"
"Chord Therapeutics","https://www.eu-startups.com/directory/chord-therapeutics/"
"Biopipe Global","https://www.eu-startups.com/directory/biopipe-global/"
"PapayaPods","https://www.eu-startups.com/directory/papayapods/"
"PROGNOSIX","https://www.eu-startups.com/directory/prognosix/"
"AlgoTrader","https://www.eu-startups.com/directory/algotrader/"
"ABCDx","https://www.eu-startups.com/directory/abcdx/"
"Stealth Key","https://www.eu-startups.com/directory/stealth-key/"
"Xsensio","https://www.eu-startups.com/directory/xsensio/"
"BRD","https://www.eu-startups.com/directory/brd/"
"Once","https://www.eu-startups.com/directory/once/"
"Gamaya","https://www.eu-startups.com/directory/gamaya-2/"
"IRsweep","https://www.eu-startups.com/directory/irsweep/"
"Verity","https://www.eu-startups.com/directory/verity/"
"Bity","https://www.eu-startups.com/directory/bity/"
"Global Jobcoin","https://www.eu-startups.com/directory/global-jobcoin/"
"GotCourts","https://www.eu-startups.com/directory/gotcourts-2/"
"Goodwall","https://www.eu-startups.com/directory/goodwall/"
"Histide","https://www.eu-startups.com/directory/histide/"
"Gonnado","https://www.eu-startups.com/directory/gonnado/"
"CodeCheck","https://www.eu-startups.com/directory/codecheck/"
"NOVIGENIX","https://www.eu-startups.com/directory/novigenix/"
"Pula Advisors","https://www.eu-startups.com/directory/pula-advisors/"
"TWINT","https://www.eu-startups.com/directory/twint/"
"imperix","https://www.eu-startups.com/directory/imperix/"
"Locatee","https://www.eu-startups.com/directory/locatee/"
"Calciscon","https://www.eu-startups.com/directory/calciscon-ag/"
"eDeviation","https://www.eu-startups.com/directory/edeviation/"
"ProtonMail","https://www.eu-startups.com/directory/protonmail/"
"Embotech","https://www.eu-startups.com/directory/embotech/"
"Dizmo","https://www.eu-startups.com/directory/dizmo/"
"Distran","https://www.eu-startups.com/directory/distran/"
"Frontify","https://www.eu-startups.com/directory/frontify/"
"MUUME","https://www.eu-startups.com/directory/muume/"
"House of Scandinavia","https://www.eu-startups.com/directory/house-of-scandinavia/"
"Sophia Genetics","https://www.eu-startups.com/directory/sophia-genetics-sa/"
"Healios AG","https://www.eu-startups.com/directory/healios-ag/"
"AgFlow","https://www.eu-startups.com/directory/agflow/"
"DEPsys","https://www.eu-startups.com/directory/depsys/"
"MindMaze","https://www.eu-startups.com/directory/mindmaze/"
"Skioo","https://www.eu-startups.com/directory/skioo/"
"Squirro","https://www.eu-startups.com/directory/squirro/"
"ecoRobotix","https://www.eu-startups.com/directory/ecorobotix/"
"Beekeeper","https://www.eu-startups.com/directory/beekeeper/"
"Limos4","https://www.eu-startups.com/directory/limos4/"
"Interventure","https://www.eu-startups.com/directory/interventure/"
"Starmind","https://www.eu-startups.com/directory/starmind/"
"Smartbridge","https://www.eu-startups.com/directory/smartbridge-ag/"
"Cryptosoftwares","https://www.eu-startups.com/directory/cryptosoftwares/"
"Scandit","https://www.eu-startups.com/directory/scandit/"
"GoldEsthetic","https://www.eu-startups.com/directory/goldesthetic/"
"balesio AG – Software Development – Entwicklung","https://www.eu-startups.com/directory/balesio-ag-software-development-entwicklung/"
"go4mobile","https://www.eu-startups.com/directory/go4mobile/"
"Epixel Solutions","https://www.eu-startups.com/directory/epixel-solutions-2/"
"Xeltis","https://www.eu-startups.com/directory/xeltis/"
"tigerlab Holding AG","https://www.eu-startups.com/directory/tigerlab-holding-ag/"
"CO2 Kommunikation","https://www.eu-startups.com/directory/co2-kommunikation/"
"PixelPlex","https://www.eu-startups.com/directory/pixelplex/"
"SmartMoneyMatch","https://www.eu-startups.com/directory/smartmoneymatch/"
"Senkys","https://www.eu-startups.com/directory/senkys/"
"Bögli ICT","https://www.eu-startups.com/directory/bogli-ict/"
"MatchOffice","https://www.eu-startups.com/directory/matchoffice-2/"
"Solcept","https://www.eu-startups.com/directory/solcept/"